1, 2
1, 6
2, 1
2, 3
2, 13
3, 2
3, 4
4, 3
4, 5
4, 17
5, 4
5, 6
5, 7
6, 1
6, 5
6, 14
7, 5
7, 8
7, 12
8, 7
8, 9
8, 18
9, 8
9, 10
9, 19
10, 9
10, 11
10, 15
11, 10
11, 12
11, 20
12, 7
12, 11
12, 21
13, 2
13, 22
13, 23
14, 6
14, 24
14, 25
15, 10
16, 17
16, 26
16, 27
16, 28
17, 4
17, 16
17, 29
17, 30
18, 8
19, 9
20, 11
21, 12
22, 13
23, 13
24, 14
25, 14
26, 16
27, 16
28, 16
29, 17
30, 17
31, 32
31, 36
32, 31
32, 33
32, 43
33, 32
33, 34
34, 33
34, 35
34, 46
35, 34
35, 36
35, 37
36, 31
36, 35
36, 44
37, 35
37, 38
37, 42
38, 37
38, 39
38, 48
39, 38
39, 40
39, 47
40, 39
40, 41
40, 45
41, 40
41, 42
41, 49
42, 37
42, 41
42, 50
43, 32
43, 51
43, 52
44, 36
44, 53
44, 54
45, 40
46, 34
46, 55
46, 56
46, 57
47, 39
48, 38
49, 41
50, 42
51, 43
52, 43
53, 44
54, 44
55, 46
56, 46
57, 46
58, 59
58, 63
59, 58
59, 60
59, 70
60, 59
60, 61
61, 60
61, 62
61, 74
62, 61
62, 63
62, 64
63, 58
63, 62
63, 71
64, 62
64, 65
64, 69
65, 64
65, 66
65, 78
66, 65
66, 67
66, 73
67, 66
67, 68
67, 72
68, 67
68, 69
68, 79
69, 64
69, 68
69, 80
70, 59
70, 81
70, 82
71, 63
71, 83
71, 84
72, 67
73, 66
74, 61
74, 75
74, 85
74, 86
75, 74
75, 77
76, 77
76, 87
76, 88
76, 89
77, 75
77, 76
77, 90
77, 91
78, 65
79, 68
80, 69
81, 70
82, 70
83, 71
84, 71
85, 74
86, 74
87, 76
88, 76
89, 76
90, 77
91, 77
126, 127
126, 131
127, 126
127, 128
127, 98
128, 127
128, 129
129, 128
129, 130
129, 101
130, 129
130, 131
130, 92
131, 126
131, 130
131, 99
92, 130
92, 93
92, 97
93, 92
93, 94
93, 112
94, 93
94, 95
94, 113
95, 94
95, 96
95, 100
96, 95
96, 97
96, 114
97, 92
97, 96
97, 115
98, 127
98, 116
98, 117
99, 131
99, 118
99, 119
100, 95
101, 129
101, 102
101, 120
101, 121
102, 101
102, 103
103, 102
103, 104
103, 108
104, 103
104, 105
104, 122
105, 104
105, 106
105, 123
106, 105
106, 107
106, 109
107, 106
107, 108
107, 124
108, 103
108, 107
108, 125
109, 106
109, 110
109, 111
110, 109
111, 109
112, 93
113, 94
114, 96
115, 97
116, 98
117, 98
118, 99
119, 99
120, 101
121, 101
122, 104
123, 105
124, 107
125, 108
132, 133
132, 137
133, 132
133, 134
133, 144
134, 133
134, 135
135, 134
135, 136
135, 148
136, 135
136, 137
136, 138
137, 132
137, 136
137, 145
138, 136
138, 139
138, 143
139, 138
139, 140
139, 157
140, 139
140, 141
140, 147
141, 140
141, 142
141, 146
142, 141
142, 143
142, 158
143, 138
143, 142
143, 159
144, 133
144, 160
144, 161
145, 137
145, 162
145, 163
146, 141
147, 140
148, 135
148, 149
148, 164
149, 148
149, 150
149, 165
150, 149
150, 151
150, 166
150, 167
151, 150
151, 152
151, 156
152, 151
152, 153
152, 168
153, 152
153, 154
153, 169
154, 153
154, 155
154, 170
155, 154
155, 156
155, 171
156, 151
156, 155
156, 172
157, 139
158, 142
159, 143
160, 144
161, 144
162, 145
163, 145
164, 148
165, 149
166, 150
167, 150
168, 152
169, 153
170, 154
171, 155
172, 156
173, 174
173, 178
174, 173
174, 175
174, 185
175, 174
175, 176
176, 175
176, 177
176, 188
177, 176
177, 178
177, 179
178, 173
178, 177
178, 186
179, 177
179, 180
179, 184
180, 179
180, 181
180, 197
181, 180
181, 182
181, 196
182, 181
182, 183
182, 187
183, 182
183, 184
183, 198
184, 179
184, 183
184, 199
185, 174
185, 200
185, 201
186, 178
186, 202
186, 203
187, 182
188, 176
188, 189
188, 204
188, 205
189, 188
189, 190
190, 189
190, 191
190, 195
191, 190
191, 192
191, 206
192, 191
192, 193
192, 207
193, 192
193, 194
193, 208
194, 193
194, 195
194, 209
195, 190
195, 194
195, 210
196, 181
197, 180
198, 183
199, 184
200, 185
201, 185
202, 186
203, 186
204, 188
205, 188
206, 191
207, 192
208, 193
209, 194
210, 195
240, 241
240, 245
241, 240
241, 242
241, 252
242, 241
242, 243
243, 242
243, 244
243, 211
244, 243
244, 245
244, 246
245, 240
245, 244
245, 253
246, 244
246, 247
246, 251
247, 246
247, 248
247, 224
248, 247
248, 249
248, 212
249, 248
249, 250
249, 254
250, 249
250, 251
250, 225
251, 246
251, 250
251, 226
252, 241
252, 227
252, 228
253, 245
253, 229
253, 230
254, 249
211, 243
211, 223
211, 231
211, 232
212, 248
213, 214
213, 218
213, 223
214, 213
214, 215
214, 233
215, 214
215, 216
215, 234
216, 215
216, 217
216, 235
217, 216
217, 218
217, 219
218, 213
218, 217
218, 222
219, 217
219, 220
219, 236
220, 219
220, 221
220, 237
221, 220
221, 222
221, 238
222, 218
222, 221
222, 239
223, 211
223, 213
224, 247
225, 250
226, 251
227, 252
228, 252
229, 253
230, 253
231, 211
232, 211
233, 214
234, 215
235, 216
236, 219
237, 220
238, 221
239, 222
255, 256
255, 260
256, 255
256, 257
256, 267
257, 256
257, 258
258, 257
258, 259
258, 270
259, 258
259, 260
259, 261
260, 255
260, 259
260, 268
261, 259
261, 262
261, 266
262, 261
262, 263
262, 283
263, 262
263, 264
263, 271
264, 263
264, 265
264, 269
265, 264
265, 266
265, 284
266, 261
266, 265
266, 285
267, 256
267, 286
267, 287
268, 260
268, 288
268, 289
269, 264
270, 258
270, 282
270, 290
271, 263
272, 273
272, 277
272, 291
273, 272
273, 274
273, 282
274, 273
274, 275
274, 292
275, 274
275, 276
275, 293
276, 275
276, 277
276, 278
277, 272
277, 276
277, 281
278, 276
278, 279
278, 294
279, 278
279, 280
279, 295
280, 279
280, 281
280, 296
281, 277
281, 280
281, 297
282, 270
282, 273
282, 298
283, 262
284, 265
285, 266
286, 267
287, 267
288, 268
289, 268
290, 270
291, 272
292, 274
293, 275
294, 278
295, 279
296, 280
297, 281
298, 282
299, 300
299, 304
300, 299
300, 301
300, 311
301, 300
301, 302
302, 301
302, 303
302, 314
303, 302
303, 304
303, 305
304, 299
304, 303
304, 312
305, 303
305, 306
305, 310
306, 305
306, 307
306, 317
307, 306
307, 308
307, 318
308, 307
308, 309
308, 313
309, 308
309, 310
309, 319
310, 305
310, 309
310, 320
311, 300
311, 321
311, 322
312, 304
312, 323
312, 324
313, 308
314, 302
314, 315
314, 325
314, 326
315, 314
315, 316
316, 315
317, 306
318, 307
319, 309
320, 310
321, 311
322, 311
323, 312
324, 312
325, 314
326, 314
327, 328
327, 332
328, 327
328, 329
328, 339
329, 328
329, 330
330, 329
330, 331
330, 342
331, 330
331, 332
331, 333
332, 327
332, 331
332, 340
333, 331
333, 334
333, 338
334, 333
334, 335
334, 353
335, 334
335, 336
335, 354
336, 335
336, 337
336, 341
337, 336
337, 338
337, 355
338, 333
338, 337
338, 356
339, 328
339, 357
339, 358
340, 332
340, 359
340, 360
341, 336
342, 330
342, 343
342, 361
342, 362
343, 342
343, 344
343, 363
344, 343
344, 345
344, 349
345, 344
345, 346
345, 364
346, 345
346, 347
346, 365
347, 346
347, 348
347, 350
348, 347
348, 349
348, 366
349, 344
349, 348
349, 367
350, 347
350, 351
350, 352
351, 350
352, 350
353, 334
354, 335
355, 337
356, 338
357, 339
358, 339
359, 340
360, 340
361, 342
362, 342
363, 343
364, 345
365, 346
366, 348
367, 349
368, 369
368, 373
369, 368
369, 370
369, 380
370, 369
370, 371
371, 370
371, 372
371, 387
372, 371
372, 373
372, 374
373, 368
373, 372
373, 381
374, 372
374, 375
374, 379
375, 374
375, 376
375, 388
376, 375
376, 377
376, 383
377, 376
377, 378
377, 382
378, 377
378, 379
378, 389
379, 374
379, 378
379, 390
380, 369
380, 391
380, 392
381, 373
381, 393
381, 394
382, 377
383, 376
383, 384
383, 385
384, 383
385, 383
386, 387
386, 395
386, 396
386, 397
387, 371
387, 386
387, 398
387, 399
388, 375
389, 378
390, 379
391, 380
392, 380
393, 381
394, 381
395, 386
396, 386
397, 386
398, 387
399, 387
400, 401
400, 405
401, 400
401, 402
401, 412
402, 401
402, 403
403, 402
403, 404
403, 416
404, 403
404, 405
404, 406
405, 400
405, 404
405, 413
406, 404
406, 407
406, 411
407, 406
407, 408
407, 420
408, 407
408, 409
408, 417
409, 408
409, 410
409, 414
410, 409
410, 411
410, 421
411, 406
411, 410
411, 422
412, 401
412, 423
412, 424
413, 405
413, 425
413, 426
414, 409
415, 416
415, 427
415, 428
415, 429
416, 403
416, 415
416, 430
416, 431
417, 408
417, 418
418, 417
418, 419
419, 418
420, 407
421, 410
422, 411
423, 412
424, 412
425, 413
426, 413
427, 415
428, 415
429, 415
430, 416
431, 416
456, 457
456, 461
457, 456
457, 458
457, 468
458, 457
458, 459
459, 458
459, 460
459, 472
460, 459
460, 461
460, 462
461, 456
461, 460
461, 469
462, 460
462, 463
462, 467
463, 462
463, 464
463, 434
464, 463
464, 465
464, 473
465, 464
465, 466
465, 470
466, 465
466, 467
466, 435
467, 462
467, 466
467, 436
468, 457
468, 437
468, 438
469, 461
469, 439
469, 440
470, 465
470, 476
470, 433
471, 472
471, 441
471, 442
471, 443
472, 459
472, 471
472, 444
472, 445
473, 464
473, 474
473, 475
474, 473
475, 473
476, 470
476, 477
476, 446
476, 447
477, 476
477, 478
477, 448
477, 449
478, 477
478, 432
478, 450
478, 451
432, 478
432, 433
432, 452
432, 453
433, 470
433, 432
433, 454
433, 455
434, 463
435, 466
436, 467
437, 468
438, 468
439, 469
440, 469
441, 471
442, 471
443, 471
444, 472
445, 472
446, 476
447, 476
448, 477
449, 477
450, 478
451, 478
452, 432
453, 432
454, 433
455, 433
479, 480
479, 484
480, 479
480, 481
480, 491
481, 480
481, 482
482, 481
482, 483
482, 495
483, 482
483, 484
483, 485
484, 479
484, 483
484, 492
485, 483
485, 486
485, 490
486, 485
486, 487
486, 498
487, 486
487, 488
487, 496
488, 487
488, 489
488, 493
489, 488
489, 490
489, 499
490, 485
490, 489
490, 500
491, 480
491, 501
491, 502
492, 484
492, 503
492, 504
493, 488
494, 495
494, 505
494, 506
494, 507
495, 482
495, 494
495, 508
495, 509
496, 487
496, 497
497, 496
498, 486
499, 489
500, 490
501, 491
502, 491
503, 492
504, 492
505, 494
506, 494
507, 494
508, 495
509, 495
510, 511
510, 515
511, 510
511, 512
511, 522
512, 511
512, 513
513, 512
513, 514
513, 526
514, 513
514, 515
514, 516
515, 510
515, 514
515, 523
516, 514
516, 517
516, 521
517, 516
517, 518
517, 532
518, 517
518, 519
518, 527
519, 518
519, 520
519, 524
520, 519
520, 521
520, 533
521, 516
521, 520
521, 534
522, 511
522, 535
522, 536
523, 515
523, 537
523, 538
524, 519
525, 526
525, 539
525, 540
525, 541
526, 513
526, 525
526, 542
526, 543
527, 518
527, 528
528, 527
528, 529
529, 528
529, 530
529, 531
530, 529
530, 544
530, 545
530, 546
531, 529
531, 547
531, 548
531, 549
532, 517
533, 520
534, 521
535, 522
536, 522
537, 523
538, 523
539, 525
540, 525
541, 525
542, 526
543, 526
544, 530
545, 530
546, 530
547, 531
548, 531
549, 531
558, 559
558, 563
559, 558
559, 560
559, 570
560, 559
560, 561
561, 560
561, 562
561, 574
562, 561
562, 563
562, 564
563, 558
563, 562
563, 571
564, 562
564, 565
564, 569
565, 564
565, 566
565, 580
566, 565
566, 567
566, 575
567, 566
567, 568
567, 572
568, 567
568, 569
568, 581
569, 564
569, 568
569, 582
570, 559
570, 583
570, 584
571, 563
571, 585
571, 586
572, 567
573, 574
573, 587
573, 588
573, 589
574, 561
574, 573
574, 590
574, 550
575, 566
575, 576
576, 575
576, 577
576, 551
577, 576
577, 578
577, 579
578, 577
578, 552
578, 553
578, 554
579, 577
579, 555
579, 556
579, 557
580, 565
581, 568
582, 569
583, 570
584, 570
585, 571
586, 571
587, 573
588, 573
589, 573
590, 574
550, 574
551, 576
552, 578
553, 578
554, 578
555, 579
556, 579
557, 579
591, 592
591, 596
592, 591
592, 593
592, 603
593, 592
593, 594
594, 593
594, 595
594, 607
595, 594
595, 596
595, 597
596, 591
596, 595
596, 604
597, 595
597, 598
597, 602
598, 597
598, 599
598, 613
599, 598
599, 600
599, 614
600, 599
600, 601
600, 605
601, 600
601, 602
601, 615
602, 597
602, 601
602, 616
603, 592
603, 617
603, 618
604, 596
604, 619
604, 620
605, 600
605, 608
605, 612
606, 607
606, 621
606, 622
606, 623
607, 594
607, 606
607, 624
607, 625
608, 605
608, 609
608, 626
608, 627
609, 608
609, 610
609, 628
609, 629
610, 609
610, 611
610, 630
610, 631
611, 610
611, 612
611, 632
611, 633
612, 605
612, 611
612, 634
612, 635
613, 598
614, 599
615, 601
616, 602
617, 603
618, 603
619, 604
620, 604
621, 606
622, 606
623, 606
624, 607
625, 607
626, 608
627, 608
628, 609
629, 609
630, 610
631, 610
632, 611
633, 611
634, 612
635, 612
636, 637
636, 641
637, 636
637, 638
637, 648
638, 637
638, 639
639, 638
639, 640
639, 651
640, 639
640, 641
640, 642
641, 636
641, 640
641, 649
642, 640
642, 643
642, 647
643, 642
643, 644
643, 664
644, 643
644, 645
644, 652
645, 644
645, 646
645, 661
646, 645
646, 647
646, 665
647, 642
647, 646
647, 666
648, 637
648, 667
648, 668
649, 641
649, 669
649, 670
650, 651
650, 671
650, 672
650, 673
651, 639
651, 650
651, 674
651, 675
652, 644
652, 653
652, 654
653, 652
653, 676
653, 677
653, 678
654, 652
654, 655
654, 679
654, 680
655, 654
655, 656
655, 660
656, 655
656, 657
656, 681
657, 656
657, 658
657, 682
658, 657
658, 659
658, 683
659, 658
659, 660
659, 684
660, 655
660, 659
660, 685
661, 645
661, 662
661, 663
662, 661
663, 661
664, 643
665, 646
666, 647
667, 648
668, 648
669, 649
670, 649
671, 650
672, 650
673, 650
674, 651
675, 651
676, 653
677, 653
678, 653
679, 654
680, 654
681, 656
682, 657
683, 658
684, 659
685, 660
686, 687
686, 691
687, 686
687, 688
687, 698
688, 687
688, 689
689, 688
689, 690
689, 701
690, 689
690, 691
690, 692
691, 686
691, 690
691, 699
692, 690
692, 693
692, 697
693, 692
693, 694
693, 715
694, 693
694, 695
694, 702
695, 694
695, 696
695, 710
696, 695
696, 697
696, 716
697, 692
697, 696
697, 717
698, 687
698, 718
698, 719
699, 691
699, 720
699, 721
700, 701
700, 722
700, 723
700, 724
701, 689
701, 700
701, 725
701, 726
702, 694
702, 703
702, 714
703, 702
703, 704
703, 727
703, 728
704, 703
704, 705
704, 709
705, 704
705, 706
705, 729
706, 705
706, 707
706, 730
707, 706
707, 708
707, 731
708, 707
708, 709
708, 732
709, 704
709, 708
709, 733
710, 695
710, 711
710, 712
711, 710
712, 710
713, 714
713, 734
713, 735
713, 736
714, 702
714, 713
714, 737
714, 738
715, 693
716, 696
717, 697
718, 698
719, 698
720, 699
721, 699
722, 700
723, 700
724, 700
725, 701
726, 701
727, 703
728, 703
729, 705
730, 706
731, 707
732, 708
733, 709
734, 713
735, 713
736, 713
737, 714
738, 714
739, 740
739, 744
740, 739
740, 741
740, 751
741, 740
741, 742
742, 741
742, 743
742, 754
743, 742
743, 744
743, 745
744, 739
744, 743
744, 752
745, 743
745, 746
745, 750
746, 745
746, 747
746, 765
747, 746
747, 748
747, 755
748, 747
748, 749
748, 756
749, 748
749, 750
749, 766
750, 745
750, 749
750, 767
751, 740
751, 768
751, 769
752, 744
752, 770
752, 771
753, 754
753, 772
753, 773
753, 774
754, 742
754, 753
754, 775
754, 776
755, 747
755, 759
755, 777
755, 778
756, 748
756, 757
756, 758
757, 756
758, 756
759, 755
759, 760
759, 764
760, 759
760, 761
760, 779
761, 760
761, 762
761, 780
762, 761
762, 763
762, 781
763, 762
763, 764
763, 782
764, 759
764, 763
764, 783
765, 746
766, 749
767, 750
768, 751
769, 751
770, 752
771, 752
772, 753
773, 753
774, 753
775, 754
776, 754
777, 755
778, 755
779, 760
780, 761
781, 762
782, 763
783, 764
821, 822
821, 784
822, 821
822, 823
822, 794
823, 822
823, 824
824, 823
824, 825
824, 793
825, 824
825, 784
825, 785
784, 821
784, 825
784, 799
785, 825
785, 786
785, 790
786, 785
786, 787
786, 804
787, 786
787, 788
787, 805
788, 787
788, 789
788, 791
789, 788
789, 790
789, 806
790, 785
790, 789
790, 807
791, 788
792, 793
792, 808
792, 809
792, 810
793, 824
793, 792
793, 811
793, 812
794, 822
794, 795
794, 813
795, 794
795, 796
795, 797
795, 798
796, 795
797, 795
798, 795
798, 814
798, 815
798, 816
799, 784
799, 800
799, 817
800, 799
800, 801
800, 802
800, 803
801, 800
802, 800
803, 800
803, 818
803, 819
803, 820
804, 786
805, 787
806, 789
807, 790
808, 792
809, 792
810, 792
811, 793
812, 793
813, 794
814, 798
815, 798
816, 798
817, 799
818, 803
819, 803
820, 803
843, 844
843, 848
844, 843
844, 845
844, 855
845, 844
845, 846
846, 845
846, 847
846, 859
847, 846
847, 848
847, 849
848, 843
848, 847
848, 856
849, 847
849, 850
849, 854
850, 849
850, 851
850, 872
851, 850
851, 852
851, 860
852, 851
852, 853
852, 857
853, 852
853, 854
853, 873
854, 849
854, 853
854, 874
855, 844
855, 826
855, 827
856, 848
856, 828
856, 829
857, 852
858, 859
858, 830
858, 831
858, 832
859, 846
859, 858
859, 833
859, 834
860, 851
860, 861
860, 864
861, 860
861, 862
861, 835
862, 861
862, 863
862, 865
863, 862
863, 864
864, 860
864, 863
865, 862
865, 866
865, 836
865, 837
866, 865
866, 867
866, 871
867, 866
867, 868
867, 838
868, 867
868, 869
868, 839
869, 868
869, 870
869, 840
870, 869
870, 871
870, 841
871, 866
871, 870
871, 842
872, 850
873, 853
874, 854
826, 855
827, 855
828, 856
829, 856
830, 858
831, 858
832, 858
833, 859
834, 859
835, 861
836, 865
837, 865
838, 867
839, 868
840, 869
841, 870
842, 871
875, 876
875, 880
876, 875
876, 877
876, 887
877, 876
877, 878
878, 877
878, 879
878, 891
879, 878
879, 880
879, 881
880, 875
880, 879
880, 888
881, 879
881, 882
881, 886
882, 881
882, 883
882, 903
883, 882
883, 884
883, 892
884, 883
884, 885
884, 889
885, 884
885, 886
885, 904
886, 881
886, 885
886, 905
887, 876
887, 906
887, 907
888, 880
888, 908
888, 909
889, 884
890, 891
890, 910
890, 911
890, 912
891, 878
891, 890
891, 913
891, 914
892, 883
892, 893
892, 896
893, 892
893, 894
893, 915
894, 893
894, 895
894, 897
895, 894
895, 896
896, 892
896, 895
897, 894
897, 898
897, 902
898, 897
898, 899
898, 916
899, 898
899, 900
899, 917
900, 899
900, 901
900, 918
901, 900
901, 902
901, 919
902, 897
902, 901
902, 920
903, 882
904, 885
905, 886
906, 887
907, 887
908, 888
909, 888
910, 890
911, 890
912, 890
913, 891
914, 891
915, 893
916, 898
917, 899
918, 900
919, 901
920, 902
921, 922
921, 926
922, 921
922, 923
922, 933
923, 922
923, 924
924, 923
924, 925
924, 937
925, 924
925, 926
925, 927
926, 921
926, 925
926, 934
927, 925
927, 928
927, 932
928, 927
928, 929
928, 943
929, 928
929, 930
929, 938
930, 929
930, 931
930, 935
931, 930
931, 932
931, 944
932, 927
932, 931
932, 945
933, 922
933, 946
933, 947
934, 926
934, 948
934, 949
935, 930
936, 937
936, 950
936, 951
936, 952
937, 924
937, 936
937, 953
937, 954
938, 929
938, 939
938, 942
939, 938
939, 940
939, 955
940, 939
940, 941
940, 956
941, 940
941, 942
942, 938
942, 941
943, 928
944, 931
945, 932
946, 933
947, 933
948, 934
949, 934
950, 936
951, 936
952, 936
953, 937
954, 937
955, 939
956, 940
980, 981
980, 985
981, 980
981, 982
981, 992
982, 981
982, 983
983, 982
983, 984
983, 996
984, 983
984, 985
984, 986
985, 980
985, 984
985, 993
986, 984
986, 987
986, 991
987, 986
987, 988
987, 957
988, 987
988, 989
988, 997
989, 988
989, 990
989, 994
990, 989
990, 991
990, 958
991, 986
991, 990
991, 959
992, 981
992, 960
992, 961
993, 985
993, 962
993, 963
994, 989
995, 996
995, 964
995, 965
995, 966
996, 983
996, 995
996, 967
996, 968
997, 988
997, 998
997, 1001
998, 997
998, 999
998, 969
998, 970
999, 998
999, 1000
999, 971
999, 972
1000, 999
1000, 1001
1000, 1002
1001, 997
1001, 1000
1002, 1000
1002, 1003
1002, 973
1002, 974
1003, 1002
1003, 1004
1003, 1008
1004, 1003
1004, 1005
1004, 975
1005, 1004
1005, 1006
1005, 976
1006, 1005
1006, 1007
1006, 977
1007, 1006
1007, 1008
1007, 978
1008, 1003
1008, 1007
1008, 979
957, 987
958, 990
959, 991
960, 992
961, 992
962, 993
963, 993
964, 995
965, 995
966, 995
967, 996
968, 996
969, 998
970, 998
971, 999
972, 999
973, 1002
974, 1002
975, 1004
976, 1005
977, 1006
978, 1007
979, 1008
1009, 1010
1009, 1014
1010, 1009
1010, 1011
1010, 1021
1011, 1010
1011, 1012
1012, 1011
1012, 1013
1012, 1025
1013, 1012
1013, 1014
1013, 1015
1014, 1009
1014, 1013
1014, 1022
1015, 1013
1015, 1016
1015, 1020
1016, 1015
1016, 1017
1016, 1035
1017, 1016
1017, 1018
1017, 1026
1018, 1017
1018, 1019
1018, 1023
1019, 1018
1019, 1020
1019, 1036
1020, 1015
1020, 1019
1020, 1037
1021, 1010
1021, 1038
1021, 1039
1022, 1014
1022, 1040
1022, 1041
1023, 1018
1024, 1025
1024, 1042
1024, 1043
1024, 1044
1025, 1012
1025, 1024
1025, 1045
1025, 1046
1026, 1017
1026, 1027
1026, 1047
1027, 1026
1027, 1028
1027, 1029
1028, 1027
1029, 1027
1029, 1030
1029, 1034
1030, 1029
1030, 1031
1030, 1048
1031, 1030
1031, 1032
1031, 1049
1032, 1031
1032, 1033
1032, 1050
1033, 1032
1033, 1034
1033, 1051
1034, 1029
1034, 1033
1034, 1052
1035, 1016
1036, 1019
1037, 1020
1038, 1021
1039, 1021
1040, 1022
1041, 1022
1042, 1024
1043, 1024
1044, 1024
1045, 1025
1046, 1025
1047, 1026
1048, 1030
1049, 1031
1050, 1032
1051, 1033
1052, 1034
1053, 1054
1053, 1058
1054, 1053
1054, 1055
1054, 1065
1055, 1054
1055, 1056
1056, 1055
1056, 1057
1056, 1069
1057, 1056
1057, 1058
1057, 1059
1058, 1053
1058, 1057
1058, 1066
1059, 1057
1059, 1060
1059, 1064
1060, 1059
1060, 1061
1060, 1085
1061, 1060
1061, 1062
1061, 1070
1062, 1061
1062, 1063
1062, 1067
1063, 1062
1063, 1064
1063, 1086
1064, 1059
1064, 1063
1064, 1087
1065, 1054
1065, 1088
1065, 1089
1066, 1058
1066, 1090
1066, 1091
1067, 1062
1068, 1069
1068, 1092
1068, 1093
1068, 1094
1069, 1056
1069, 1068
1069, 1095
1069, 1096
1070, 1061
1070, 1071
1070, 1097
1071, 1070
1071, 1072
1071, 1073
1072, 1071
1073, 1071
1073, 1074
1073, 1078
1074, 1073
1074, 1075
1074, 1098
1075, 1074
1075, 1076
1075, 1079
1076, 1075
1076, 1077
1076, 1081
1077, 1076
1077, 1078
1077, 1083
1078, 1073
1078, 1077
1078, 1099
1079, 1075
1079, 1080
1080, 1079
1080, 1100
1080, 1101
1080, 1102
1081, 1076
1081, 1082
1082, 1081
1082, 1103
1082, 1104
1082, 1105
1083, 1077
1083, 1084
1084, 1083
1084, 1106
1084, 1107
1084, 1108
1085, 1060
1086, 1063
1087, 1064
1088, 1065
1089, 1065
1090, 1066
1091, 1066
1092, 1068
1093, 1068
1094, 1068
1095, 1069
1096, 1069
1097, 1070
1098, 1074
1099, 1078
1100, 1080
1101, 1080
1102, 1080
1103, 1082
1104, 1082
1105, 1082
1106, 1084
1107, 1084
1108, 1084
1149, 1150
1149, 1109
1150, 1149
1150, 1151
1150, 1116
1151, 1150
1151, 1152
1152, 1151
1152, 1153
1152, 1120
1153, 1152
1153, 1109
1153, 1110
1109, 1149
1109, 1153
1109, 1117
1110, 1153
1110, 1111
1110, 1115
1111, 1110
1111, 1112
1111, 1129
1112, 1111
1112, 1113
1112, 1121
1113, 1112
1113, 1114
1113, 1118
1114, 1113
1114, 1115
1114, 1130
1115, 1110
1115, 1114
1115, 1131
1116, 1150
1116, 1132
1116, 1133
1117, 1109
1117, 1134
1117, 1135
1118, 1113
1119, 1120
1119, 1136
1119, 1137
1119, 1138
1120, 1152
1120, 1119
1120, 1139
1120, 1140
1121, 1112
1121, 1122
1121, 1141
1122, 1121
1122, 1123
1122, 1142
1122, 1143
1123, 1122
1123, 1124
1123, 1128
1124, 1123
1124, 1125
1124, 1144
1125, 1124
1125, 1126
1125, 1145
1126, 1125
1126, 1127
1126, 1146
1127, 1126
1127, 1128
1127, 1147
1128, 1123
1128, 1127
1128, 1148
1129, 1111
1130, 1114
1131, 1115
1132, 1116
1133, 1116
1134, 1117
1135, 1117
1136, 1119
1137, 1119
1138, 1119
1139, 1120
1140, 1120
1141, 1121
1142, 1122
1143, 1122
1144, 1124
1145, 1125
1146, 1126
1147, 1127
1148, 1128
1154, 1155
1154, 1159
1155, 1154
1155, 1156
1155, 1166
1156, 1155
1156, 1157
1157, 1156
1157, 1158
1157, 1170
1158, 1157
1158, 1159
1158, 1160
1159, 1154
1159, 1158
1159, 1167
1160, 1158
1160, 1161
1160, 1165
1161, 1160
1161, 1162
1161, 1186
1162, 1161
1162, 1163
1162, 1171
1163, 1162
1163, 1164
1163, 1168
1164, 1163
1164, 1165
1164, 1187
1165, 1160
1165, 1164
1165, 1188
1166, 1155
1166, 1189
1166, 1190
1167, 1159
1167, 1191
1167, 1192
1168, 1163
1169, 1170
1169, 1193
1169, 1194
1169, 1195
1170, 1157
1170, 1169
1170, 1196
1170, 1197
1171, 1162
1171, 1172
1171, 1179
1172, 1171
1172, 1173
1172, 1198
1172, 1199
1173, 1172
1173, 1174
1173, 1178
1174, 1173
1174, 1175
1174, 1200
1175, 1174
1175, 1176
1175, 1184
1176, 1175
1176, 1177
1176, 1182
1177, 1176
1177, 1178
1177, 1180
1178, 1173
1178, 1177
1178, 1201
1179, 1171
1179, 1202
1179, 1203
1179, 1204
1180, 1177
1180, 1181
1181, 1180
1181, 1205
1181, 1206
1181, 1207
1182, 1176
1182, 1183
1183, 1182
1183, 1208
1183, 1209
1183, 1210
1184, 1175
1184, 1185
1185, 1184
1185, 1211
1185, 1212
1185, 1213
1186, 1161
1187, 1164
1188, 1165
1189, 1166
1190, 1166
1191, 1167
1192, 1167
1193, 1169
1194, 1169
1195, 1169
1196, 1170
1197, 1170
1198, 1172
1199, 1172
1200, 1174
1201, 1178
1202, 1179
1203, 1179
1204, 1179
1205, 1181
1206, 1181
1207, 1181
1208, 1183
1209, 1183
1210, 1183
1211, 1185
1212, 1185
1213, 1185
1233, 1234
1233, 1238
1234, 1233
1234, 1235
1234, 1245
1235, 1234
1235, 1236
1236, 1235
1236, 1237
1236, 1249
1237, 1236
1237, 1238
1237, 1239
1238, 1233
1238, 1237
1238, 1246
1239, 1237
1239, 1240
1239, 1244
1240, 1239
1240, 1241
1240, 1260
1241, 1240
1241, 1242
1241, 1257
1242, 1241
1242, 1243
1242, 1247
1243, 1242
1243, 1244
1243, 1214
1244, 1239
1244, 1243
1244, 1215
1245, 1234
1245, 1216
1245, 1217
1246, 1238
1246, 1218
1246, 1219
1247, 1242
1247, 1250
1247, 1220
1248, 1249
1248, 1221
1248, 1222
1248, 1223
1249, 1236
1249, 1248
1249, 1224
1249, 1225
1250, 1247
1250, 1251
1250, 1226
1250, 1227
1251, 1250
1251, 1252
1251, 1256
1252, 1251
1252, 1253
1252, 1228
1253, 1252
1253, 1254
1253, 1229
1254, 1253
1254, 1255
1254, 1230
1255, 1254
1255, 1256
1255, 1231
1256, 1251
1256, 1255
1256, 1232
1257, 1241
1257, 1258
1257, 1259
1258, 1257
1259, 1257
1260, 1240
1214, 1243
1215, 1244
1216, 1245
1217, 1245
1218, 1246
1219, 1246
1220, 1247
1221, 1248
1222, 1248
1223, 1248
1224, 1249
1225, 1249
1226, 1250
1227, 1250
1228, 1252
1229, 1253
1230, 1254
1231, 1255
1232, 1256
1261, 1262
1261, 1266
1262, 1261
1262, 1263
1262, 1273
1263, 1262
1263, 1264
1264, 1263
1264, 1265
1264, 1277
1265, 1264
1265, 1266
1265, 1267
1266, 1261
1266, 1265
1266, 1274
1267, 1265
1267, 1268
1267, 1272
1268, 1267
1268, 1269
1268, 1289
1269, 1268
1269, 1270
1269, 1285
1270, 1269
1270, 1271
1270, 1275
1271, 1270
1271, 1272
1271, 1290
1272, 1267
1272, 1271
1272, 1291
1273, 1262
1273, 1292
1273, 1293
1274, 1266
1274, 1294
1274, 1295
1275, 1270
1275, 1278
1275, 1288
1276, 1277
1276, 1296
1276, 1297
1276, 1298
1277, 1264
1277, 1276
1277, 1299
1277, 1300
1278, 1275
1278, 1279
1278, 1301
1278, 1302
1279, 1278
1279, 1280
1279, 1284
1280, 1279
1280, 1281
1280, 1303
1281, 1280
1281, 1282
1281, 1304
1282, 1281
1282, 1283
1282, 1305
1283, 1282
1283, 1284
1283, 1306
1284, 1279
1284, 1283
1284, 1307
1285, 1269
1285, 1286
1285, 1287
1286, 1285
1287, 1285
1288, 1275
1288, 1308
1288, 1309
1288, 1310
1289, 1268
1290, 1271
1291, 1272
1292, 1273
1293, 1273
1294, 1274
1295, 1274
1296, 1276
1297, 1276
1298, 1276
1299, 1277
1300, 1277
1301, 1278
1302, 1278
1303, 1280
1304, 1281
1305, 1282
1306, 1283
1307, 1284
1308, 1288
1309, 1288
1310, 1288
1334, 1335
1334, 1339
1335, 1334
1335, 1336
1335, 1346
1336, 1335
1336, 1337
1337, 1336
1337, 1338
1337, 1350
1338, 1337
1338, 1339
1338, 1340
1339, 1334
1339, 1338
1339, 1347
1340, 1338
1340, 1341
1340, 1345
1341, 1340
1341, 1342
1341, 1314
1342, 1341
1342, 1343
1342, 1358
1343, 1342
1343, 1344
1343, 1348
1344, 1343
1344, 1345
1344, 1315
1345, 1340
1345, 1344
1345, 1316
1346, 1335
1346, 1317
1346, 1318
1347, 1339
1347, 1319
1347, 1320
1348, 1343
1348, 1351
1348, 1321
1349, 1350
1349, 1322
1349, 1323
1349, 1324
1350, 1337
1350, 1349
1350, 1325
1350, 1326
1351, 1348
1351, 1352
1351, 1327
1351, 1328
1352, 1351
1352, 1353
1352, 1357
1353, 1352
1353, 1354
1353, 1329
1354, 1353
1354, 1355
1354, 1330
1355, 1354
1355, 1356
1355, 1311
1356, 1355
1356, 1357
1356, 1331
1357, 1352
1357, 1356
1357, 1332
1358, 1342
1358, 1359
1358, 1360
1359, 1358
1360, 1358
1311, 1355
1311, 1312
1311, 1313
1312, 1311
1313, 1311
1313, 1333
1314, 1341
1315, 1344
1316, 1345
1317, 1346
1318, 1346
1319, 1347
1320, 1347
1321, 1348
1322, 1349
1323, 1349
1324, 1349
1325, 1350
1326, 1350
1327, 1351
1328, 1351
1329, 1353
1330, 1354
1331, 1356
1332, 1357
1333, 1313
1361, 1362
1361, 1366
1362, 1361
1362, 1363
1362, 1373
1363, 1362
1363, 1364
1364, 1363
1364, 1365
1364, 1377
1365, 1364
1365, 1366
1365, 1367
1366, 1361
1366, 1365
1366, 1374
1367, 1365
1367, 1368
1367, 1372
1368, 1367
1368, 1369
1368, 1392
1369, 1368
1369, 1370
1369, 1385
1370, 1369
1370, 1371
1370, 1375
1371, 1370
1371, 1372
1371, 1393
1372, 1367
1372, 1371
1372, 1394
1373, 1362
1373, 1395
1373, 1396
1374, 1366
1374, 1397
1374, 1398
1375, 1370
1375, 1378
1375, 1391
1376, 1377
1376, 1399
1376, 1400
1376, 1401
1377, 1364
1377, 1376
1377, 1402
1377, 1403
1378, 1375
1378, 1379
1378, 1404
1378, 1405
1379, 1378
1379, 1380
1379, 1384
1380, 1379
1380, 1381
1380, 1406
1381, 1380
1381, 1382
1381, 1407
1382, 1381
1382, 1383
1382, 1388
1383, 1382
1383, 1384
1383, 1408
1384, 1379
1384, 1383
1384, 1409
1385, 1369
1385, 1386
1385, 1387
1386, 1385
1387, 1385
1388, 1382
1388, 1389
1388, 1390
1389, 1388
1390, 1388
1390, 1410
1391, 1375
1391, 1411
1391, 1412
1391, 1413
1392, 1368
1393, 1371
1394, 1372
1395, 1373
1396, 1373
1397, 1374
1398, 1374
1399, 1376
1400, 1376
1401, 1376
1402, 1377
1403, 1377
1404, 1378
1405, 1378
1406, 1380
1407, 1381
1408, 1383
1409, 1384
1410, 1390
1411, 1391
1412, 1391
1413, 1391
1419, 1420
1419, 1424
1420, 1419
1420, 1421
1420, 1431
1421, 1420
1421, 1422
1422, 1421
1422, 1423
1422, 1435
1423, 1422
1423, 1424
1423, 1425
1424, 1419
1424, 1423
1424, 1432
1425, 1423
1425, 1426
1425, 1430
1426, 1425
1426, 1427
1426, 1451
1427, 1426
1427, 1428
1427, 1443
1428, 1427
1428, 1429
1428, 1433
1429, 1428
1429, 1430
1429, 1452
1430, 1425
1430, 1429
1430, 1453
1431, 1420
1431, 1454
1431, 1455
1432, 1424
1432, 1456
1432, 1457
1433, 1428
1433, 1436
1433, 1448
1434, 1435
1434, 1458
1434, 1459
1434, 1460
1435, 1422
1435, 1434
1435, 1461
1435, 1462
1436, 1433
1436, 1437
1436, 1463
1436, 1464
1437, 1436
1437, 1438
1437, 1442
1438, 1437
1438, 1439
1438, 1465
1439, 1438
1439, 1440
1439, 1466
1440, 1439
1440, 1441
1440, 1446
1441, 1440
1441, 1442
1441, 1467
1442, 1437
1442, 1441
1442, 1468
1443, 1427
1443, 1444
1443, 1445
1444, 1443
1445, 1443
1446, 1440
1446, 1447
1446, 1449
1447, 1446
1448, 1433
1448, 1469
1448, 1470
1448, 1414
1449, 1446
1449, 1450
1449, 1415
1450, 1449
1450, 1416
1450, 1417
1450, 1418
1451, 1426
1452, 1429
1453, 1430
1454, 1431
1455, 1431
1456, 1432
1457, 1432
1458, 1434
1459, 1434
1460, 1434
1461, 1435
1462, 1435
1463, 1436
1464, 1436
1465, 1438
1466, 1439
1467, 1441
1468, 1442
1469, 1448
1470, 1448
1414, 1448
1415, 1449
1416, 1450
1417, 1450
1418, 1450
1471, 1472
1471, 1476
1472, 1471
1472, 1473
1472, 1483
1473, 1472
1473, 1474
1474, 1473
1474, 1475
1474, 1487
1475, 1474
1475, 1476
1475, 1477
1476, 1471
1476, 1475
1476, 1484
1477, 1475
1477, 1478
1477, 1482
1478, 1477
1478, 1479
1478, 1506
1479, 1478
1479, 1480
1479, 1495
1480, 1479
1480, 1481
1480, 1485
1481, 1480
1481, 1482
1481, 1507
1482, 1477
1482, 1481
1482, 1508
1483, 1472
1483, 1509
1483, 1510
1484, 1476
1484, 1511
1484, 1512
1485, 1480
1485, 1488
1485, 1499
1486, 1487
1486, 1513
1486, 1514
1486, 1515
1487, 1474
1487, 1486
1487, 1516
1487, 1517
1488, 1485
1488, 1489
1488, 1518
1488, 1519
1489, 1488
1489, 1490
1489, 1494
1490, 1489
1490, 1491
1490, 1520
1491, 1490
1491, 1492
1491, 1521
1492, 1491
1492, 1493
1492, 1498
1493, 1492
1493, 1494
1493, 1522
1494, 1489
1494, 1493
1494, 1523
1495, 1479
1495, 1496
1495, 1497
1496, 1495
1497, 1495
1498, 1492
1498, 1500
1498, 1503
1499, 1485
1499, 1524
1499, 1525
1499, 1526
1500, 1498
1500, 1501
1501, 1500
1501, 1502
1501, 1504
1501, 1505
1502, 1501
1502, 1503
1502, 1527
1502, 1528
1503, 1498
1503, 1502
1504, 1501
1504, 1529
1504, 1530
1504, 1531
1505, 1501
1505, 1532
1505, 1533
1505, 1534
1506, 1478
1507, 1481
1508, 1482
1509, 1483
1510, 1483
1511, 1484
1512, 1484
1513, 1486
1514, 1486
1515, 1486
1516, 1487
1517, 1487
1518, 1488
1519, 1488
1520, 1490
1521, 1491
1522, 1493
1523, 1494
1524, 1499
1525, 1499
1526, 1499
1527, 1502
1528, 1502
1529, 1504
1530, 1504
1531, 1504
1532, 1505
1533, 1505
1534, 1505
1535, 1536
1535, 1540
1536, 1535
1536, 1537
1536, 1547
1537, 1536
1537, 1538
1538, 1537
1538, 1539
1538, 1551
1539, 1538
1539, 1540
1539, 1541
1540, 1535
1540, 1539
1540, 1548
1541, 1539
1541, 1542
1541, 1546
1542, 1541
1542, 1543
1542, 1567
1543, 1542
1543, 1544
1543, 1559
1544, 1543
1544, 1545
1544, 1549
1545, 1544
1545, 1546
1545, 1568
1546, 1541
1546, 1545
1546, 1569
1547, 1536
1547, 1570
1547, 1571
1548, 1540
1548, 1572
1548, 1573
1549, 1544
1549, 1552
1549, 1574
1550, 1551
1550, 1575
1550, 1576
1550, 1577
1551, 1538
1551, 1550
1551, 1578
1551, 1579
1552, 1549
1552, 1553
1552, 1580
1552, 1581
1553, 1552
1553, 1554
1553, 1558
1554, 1553
1554, 1555
1554, 1582
1555, 1554
1555, 1556
1555, 1583
1556, 1555
1556, 1557
1556, 1562
1557, 1556
1557, 1558
1557, 1584
1558, 1553
1558, 1557
1558, 1585
1559, 1543
1559, 1560
1559, 1561
1560, 1559
1561, 1559
1562, 1556
1562, 1563
1562, 1566
1562, 1586
1563, 1562
1563, 1564
1564, 1563
1564, 1565
1564, 1587
1564, 1588
1565, 1564
1565, 1566
1565, 1589
1565, 1590
1566, 1562
1566, 1565
1567, 1542
1568, 1545
1569, 1546
1570, 1547
1571, 1547
1572, 1548
1573, 1548
1574, 1549
1575, 1550
1576, 1550
1577, 1550
1578, 1551
1579, 1551
1580, 1552
1581, 1552
1582, 1554
1583, 1555
1584, 1557
1585, 1558
1586, 1562
1587, 1564
1588, 1564
1589, 1565
1590, 1565
1639, 1640
1639, 1593
1640, 1639
1640, 1641
1640, 1600
1641, 1640
1641, 1591
1591, 1641
1591, 1592
1591, 1604
1592, 1591
1592, 1593
1592, 1594
1593, 1639
1593, 1592
1593, 1601
1594, 1592
1594, 1595
1594, 1599
1595, 1594
1595, 1596
1595, 1618
1596, 1595
1596, 1597
1596, 1612
1597, 1596
1597, 1598
1597, 1602
1598, 1597
1598, 1599
1598, 1619
1599, 1594
1599, 1598
1599, 1620
1600, 1640
1600, 1621
1600, 1622
1601, 1593
1601, 1623
1601, 1624
1602, 1597
1602, 1605
1602, 1625
1603, 1604
1603, 1626
1603, 1627
1603, 1628
1604, 1591
1604, 1603
1604, 1629
1604, 1630
1605, 1602
1605, 1606
1605, 1631
1605, 1632
1606, 1605
1606, 1607
1606, 1611
1607, 1606
1607, 1608
1607, 1633
1608, 1607
1608, 1609
1608, 1634
1609, 1608
1609, 1610
1609, 1615
1610, 1609
1610, 1611
1610, 1635
1611, 1606
1611, 1610
1611, 1636
1612, 1596
1612, 1613
1612, 1614
1613, 1612
1614, 1612
1615, 1609
1615, 1616
1615, 1617
1616, 1615
1617, 1615
1617, 1637
1617, 1638
1618, 1595
1619, 1598
1620, 1599
1621, 1600
1622, 1600
1623, 1601
1624, 1601
1625, 1602
1626, 1603
1627, 1603
1628, 1603
1629, 1604
1630, 1604
1631, 1605
1632, 1605
1633, 1607
1634, 1608
1635, 1610
1636, 1611
1637, 1617
1638, 1617
1642, 1643
1642, 1647
1643, 1642
1643, 1644
1643, 1654
1644, 1643
1644, 1645
1645, 1644
1645, 1646
1645, 1658
1646, 1645
1646, 1647
1646, 1648
1647, 1642
1647, 1646
1647, 1655
1648, 1646
1648, 1649
1648, 1653
1649, 1648
1649, 1650
1649, 1673
1650, 1649
1650, 1651
1650, 1666
1651, 1650
1651, 1652
1651, 1656
1652, 1651
1652, 1653
1652, 1674
1653, 1648
1653, 1652
1653, 1675
1654, 1643
1654, 1676
1654, 1677
1655, 1647
1655, 1678
1655, 1679
1656, 1651
1656, 1659
1656, 1680
1657, 1658
1657, 1681
1657, 1682
1657, 1683
1658, 1645
1658, 1657
1658, 1684
1658, 1685
1659, 1656
1659, 1660
1659, 1686
1659, 1687
1660, 1659
1660, 1661
1660, 1665
1661, 1660
1661, 1662
1661, 1688
1662, 1661
1662, 1663
1662, 1689
1663, 1662
1663, 1664
1663, 1669
1664, 1663
1664, 1665
1664, 1690
1665, 1660
1665, 1664
1665, 1691
1666, 1650
1666, 1667
1666, 1668
1667, 1666
1668, 1666
1669, 1663
1669, 1670
1669, 1671
1670, 1669
1671, 1669
1671, 1672
1671, 1692
1672, 1671
1672, 1693
1672, 1694
1672, 1695
1673, 1649
1674, 1652
1675, 1653
1676, 1654
1677, 1654
1678, 1655
1679, 1655
1680, 1656
1681, 1657
1682, 1657
1683, 1657
1684, 1658
1685, 1658
1686, 1659
1687, 1659
1688, 1661
1689, 1662
1690, 1664
1691, 1665
1692, 1671
1693, 1672
1694, 1672
1695, 1672
1734, 1735
1734, 1739
1735, 1734
1735, 1736
1735, 1746
1736, 1735
1736, 1737
1737, 1736
1737, 1738
1737, 1750
1738, 1737
1738, 1739
1738, 1740
1739, 1734
1739, 1738
1739, 1747
1740, 1738
1740, 1741
1740, 1745
1741, 1740
1741, 1742
1741, 1705
1742, 1741
1742, 1743
1742, 1758
1743, 1742
1743, 1744
1743, 1748
1744, 1743
1744, 1745
1744, 1706
1745, 1740
1745, 1744
1745, 1707
1746, 1735
1746, 1708
1746, 1709
1747, 1739
1747, 1710
1747, 1711
1748, 1743
1748, 1751
1748, 1712
1749, 1750
1749, 1713
1749, 1714
1749, 1715
1750, 1737
1750, 1749
1750, 1716
1750, 1717
1751, 1748
1751, 1752
1751, 1718
1751, 1719
1752, 1751
1752, 1753
1752, 1757
1753, 1752
1753, 1754
1753, 1720
1754, 1753
1754, 1755
1754, 1721
1755, 1754
1755, 1756
1755, 1697
1756, 1755
1756, 1757
1756, 1722
1757, 1752
1757, 1756
1757, 1723
1758, 1742
1758, 1759
1758, 1696
1759, 1758
1696, 1758
1697, 1755
1697, 1698
1697, 1699
1698, 1697
1699, 1697
1699, 1700
1699, 1701
1700, 1699
1700, 1704
1700, 1724
1700, 1725
1701, 1699
1701, 1702
1701, 1726
1701, 1727
1702, 1701
1702, 1703
1702, 1728
1702, 1729
1703, 1702
1703, 1704
1703, 1730
1703, 1731
1704, 1700
1704, 1703
1704, 1732
1704, 1733
1705, 1741
1706, 1744
1707, 1745
1708, 1746
1709, 1746
1710, 1747
1711, 1747
1712, 1748
1713, 1749
1714, 1749
1715, 1749
1716, 1750
1717, 1750
1718, 1751
1719, 1751
1720, 1753
1721, 1754
1722, 1756
1723, 1757
1724, 1700
1725, 1700
1726, 1701
1727, 1701
1728, 1702
1729, 1702
1730, 1703
1731, 1703
1732, 1704
1733, 1704
1760, 1761
1760, 1765
1761, 1760
1761, 1762
1761, 1772
1762, 1761
1762, 1763
1763, 1762
1763, 1764
1763, 1776
1764, 1763
1764, 1765
1764, 1766
1765, 1760
1765, 1764
1765, 1773
1766, 1764
1766, 1767
1766, 1771
1767, 1766
1767, 1768
1767, 1792
1768, 1767
1768, 1769
1768, 1784
1769, 1768
1769, 1770
1769, 1774
1770, 1769
1770, 1771
1770, 1793
1771, 1766
1771, 1770
1771, 1794
1772, 1761
1772, 1795
1772, 1796
1773, 1765
1773, 1797
1773, 1798
1774, 1769
1774, 1777
1774, 1799
1775, 1776
1775, 1800
1775, 1801
1775, 1802
1776, 1763
1776, 1775
1776, 1803
1776, 1804
1777, 1774
1777, 1778
1777, 1805
1777, 1806
1778, 1777
1778, 1779
1778, 1783
1779, 1778
1779, 1780
1779, 1807
1780, 1779
1780, 1781
1780, 1808
1781, 1780
1781, 1782
1781, 1787
1782, 1781
1782, 1783
1782, 1809
1783, 1778
1783, 1782
1783, 1810
1784, 1768
1784, 1785
1784, 1786
1785, 1784
1786, 1784
1787, 1781
1787, 1788
1787, 1789
1788, 1787
1789, 1787
1789, 1790
1789, 1791
1790, 1789
1790, 1811
1790, 1812
1790, 1813
1791, 1789
1791, 1814
1791, 1815
1791, 1816
1792, 1767
1793, 1770
1794, 1771
1795, 1772
1796, 1772
1797, 1773
1798, 1773
1799, 1774
1800, 1775
1801, 1775
1802, 1775
1803, 1776
1804, 1776
1805, 1777
1806, 1777
1807, 1779
1808, 1780
1809, 1782
1810, 1783
1811, 1790
1812, 1790
1813, 1790
1814, 1791
1815, 1791
1816, 1791
1817, 1818
1817, 1822
1818, 1817
1818, 1819
1818, 1829
1819, 1818
1819, 1820
1820, 1819
1820, 1821
1820, 1833
1821, 1820
1821, 1822
1821, 1823
1822, 1817
1822, 1821
1822, 1830
1823, 1821
1823, 1824
1823, 1828
1824, 1823
1824, 1825
1824, 1838
1825, 1824
1825, 1826
1825, 1834
1826, 1825
1826, 1827
1826, 1831
1827, 1826
1827, 1828
1827, 1839
1828, 1823
1828, 1827
1828, 1840
1829, 1818
1829, 1841
1829, 1842
1830, 1822
1830, 1843
1830, 1844
1831, 1826
1832, 1833
1832, 1845
1832, 1846
1832, 1847
1833, 1820
1833, 1832
1833, 1848
1833, 1849
1834, 1825
1834, 1835
1835, 1834
1835, 1836
1836, 1835
1836, 1837
1836, 1850
1837, 1836
1837, 1851
1837, 1852
1837, 1853
1838, 1824
1839, 1827
1840, 1828
1841, 1829
1842, 1829
1843, 1830
1844, 1830
1845, 1832
1846, 1832
1847, 1832
1848, 1833
1849, 1833
1850, 1836
1851, 1837
1852, 1837
1853, 1837
1854, 1855
1854, 1859
1855, 1854
1855, 1856
1855, 1866
1856, 1855
1856, 1857
1857, 1856
1857, 1858
1857, 1870
1858, 1857
1858, 1859
1858, 1860
1859, 1854
1859, 1858
1859, 1867
1860, 1858
1860, 1861
1860, 1865
1861, 1860
1861, 1862
1861, 1877
1862, 1861
1862, 1863
1862, 1871
1863, 1862
1863, 1864
1863, 1868
1864, 1863
1864, 1865
1864, 1878
1865, 1860
1865, 1864
1865, 1879
1866, 1855
1866, 1880
1866, 1881
1867, 1859
1867, 1882
1867, 1883
1868, 1863
1869, 1870
1869, 1884
1869, 1885
1869, 1886
1870, 1857
1870, 1869
1870, 1887
1870, 1888
1871, 1862
1871, 1872
1872, 1871
1872, 1873
1873, 1872
1873, 1874
1873, 1875
1874, 1873
1874, 1889
1874, 1890
1874, 1891
1875, 1873
1875, 1876
1875, 1892
1875, 1893
1876, 1875
1876, 1894
1876, 1895
1876, 1896
1877, 1861
1878, 1864
1879, 1865
1880, 1866
1881, 1866
1882, 1867
1883, 1867
1884, 1869
1885, 1869
1886, 1869
1887, 1870
1888, 1870
1889, 1874
1890, 1874
1891, 1874
1892, 1875
1893, 1875
1894, 1876
1895, 1876
1896, 1876
1897, 1898
1897, 1902
1898, 1897
1898, 1899
1898, 1909
1899, 1898
1899, 1900
1900, 1899
1900, 1901
1900, 1913
1901, 1900
1901, 1902
1901, 1903
1902, 1897
1902, 1901
1902, 1910
1903, 1901
1903, 1904
1903, 1908
1904, 1903
1904, 1905
1904, 1921
1905, 1904
1905, 1906
1905, 1914
1906, 1905
1906, 1907
1906, 1911
1907, 1906
1907, 1908
1907, 1922
1908, 1903
1908, 1907
1908, 1923
1909, 1898
1909, 1924
1909, 1925
1910, 1902
1910, 1926
1910, 1927
1911, 1906
1912, 1913
1912, 1928
1912, 1929
1912, 1930
1913, 1900
1913, 1912
1913, 1931
1913, 1932
1914, 1905
1914, 1915
1915, 1914
1915, 1916
1916, 1915
1916, 1917
1916, 1918
1917, 1916
1917, 1933
1917, 1934
1917, 1935
1918, 1916
1918, 1919
1918, 1936
1918, 1937
1919, 1918
1919, 1920
1919, 1938
1919, 1939
1920, 1919
1920, 1940
1920, 1941
1920, 1942
1921, 1904
1922, 1907
1923, 1908
1924, 1909
1925, 1909
1926, 1910
1927, 1910
1928, 1912
1929, 1912
1930, 1912
1931, 1913
1932, 1913
1933, 1917
1934, 1917
1935, 1917
1936, 1918
1937, 1918
1938, 1919
1939, 1919
1940, 1920
1941, 1920
1942, 1920
1943, 1944
1943, 1948
1944, 1943
1944, 1945
1944, 1955
1945, 1944
1945, 1946
1946, 1945
1946, 1947
1946, 1959
1947, 1946
1947, 1948
1947, 1949
1948, 1943
1948, 1947
1948, 1956
1949, 1947
1949, 1950
1949, 1954
1950, 1949
1950, 1951
1950, 1971
1951, 1950
1951, 1952
1951, 1960
1952, 1951
1952, 1953
1952, 1957
1953, 1952
1953, 1954
1953, 1972
1954, 1949
1954, 1953
1954, 1973
1955, 1944
1955, 1974
1955, 1975
1956, 1948
1956, 1976
1956, 1977
1957, 1952
1958, 1959
1958, 1978
1958, 1979
1958, 1980
1959, 1946
1959, 1958
1959, 1981
1959, 1982
1960, 1951
1960, 1961
1961, 1960
1961, 1962
1962, 1961
1962, 1963
1962, 1964
1963, 1962
1963, 1983
1963, 1984
1963, 1985
1964, 1962
1964, 1965
1964, 1986
1964, 1987
1965, 1964
1965, 1966
1965, 1970
1966, 1965
1966, 1967
1966, 1988
1967, 1966
1967, 1968
1967, 1989
1968, 1967
1968, 1969
1968, 1990
1969, 1968
1969, 1970
1969, 1991
1970, 1965
1970, 1969
1970, 1992
1971, 1950
1972, 1953
1973, 1954
1974, 1955
1975, 1955
1976, 1956
1977, 1956
1978, 1958
1979, 1958
1980, 1958
1981, 1959
1982, 1959
1983, 1963
1984, 1963
1985, 1963
1986, 1964
1987, 1964
1988, 1966
1989, 1967
1990, 1968
1991, 1969
1992, 1970
2018, 2019
2018, 2023
2019, 2018
2019, 2020
2019, 2030
2020, 2019
2020, 2021
2021, 2020
2021, 2022
2021, 2034
2022, 2021
2022, 2023
2022, 2024
2023, 2018
2023, 2022
2023, 2031
2024, 2022
2024, 2025
2024, 2029
2025, 2024
2025, 2026
2025, 2046
2026, 2025
2026, 2027
2026, 2035
2027, 2026
2027, 2028
2027, 2032
2028, 2027
2028, 2029
2028, 2047
2029, 2024
2029, 2028
2029, 2048
2030, 2019
2030, 2049
2030, 1993
2031, 2023
2031, 1994
2031, 1995
2032, 2027
2033, 2034
2033, 1996
2033, 1997
2033, 1998
2034, 2021
2034, 2033
2034, 1999
2034, 2000
2035, 2026
2035, 2036
2036, 2035
2036, 2037
2037, 2036
2037, 2038
2037, 2039
2038, 2037
2038, 2001
2038, 2002
2038, 2003
2039, 2037
2039, 2040
2039, 2004
2039, 2005
2040, 2039
2040, 2041
2040, 2006
2040, 2007
2041, 2040
2041, 2042
2041, 2043
2042, 2041
2042, 2045
2042, 2008
2042, 2009
2043, 2041
2043, 2044
2043, 2010
2043, 2011
2044, 2043
2044, 2012
2044, 2013
2044, 2014
2045, 2042
2045, 2015
2045, 2016
2045, 2017
2046, 2025
2047, 2028
2048, 2029
2049, 2030
1993, 2030
1994, 2031
1995, 2031
1996, 2033
1997, 2033
1998, 2033
1999, 2034
2000, 2034
2001, 2038
2002, 2038
2003, 2038
2004, 2039
2005, 2039
2006, 2040
2007, 2040
2008, 2042
2009, 2042
2010, 2043
2011, 2043
2012, 2044
2013, 2044
2014, 2044
2015, 2045
2016, 2045
2017, 2045
2050, 2051
2050, 2055
2051, 2050
2051, 2052
2051, 2062
2052, 2051
2052, 2053
2053, 2052
2053, 2054
2053, 2066
2054, 2053
2054, 2055
2054, 2056
2055, 2050
2055, 2054
2055, 2063
2056, 2054
2056, 2057
2056, 2061
2057, 2056
2057, 2058
2057, 2074
2058, 2057
2058, 2059
2058, 2067
2059, 2058
2059, 2060
2059, 2064
2060, 2059
2060, 2061
2060, 2075
2061, 2056
2061, 2060
2061, 2076
2062, 2051
2062, 2077
2062, 2078
2063, 2055
2063, 2079
2063, 2080
2064, 2059
2065, 2066
2065, 2081
2065, 2082
2065, 2083
2066, 2053
2066, 2065
2066, 2084
2066, 2085
2067, 2058
2067, 2068
2068, 2067
2068, 2069
2069, 2068
2069, 2070
2069, 2071
2070, 2069
2070, 2073
2070, 2086
2070, 2087
2071, 2069
2071, 2072
2071, 2088
2071, 2089
2072, 2071
2072, 2090
2072, 2091
2072, 2092
2073, 2070
2073, 2093
2073, 2094
2073, 2095
2074, 2057
2075, 2060
2076, 2061
2077, 2062
2078, 2062
2079, 2063
2080, 2063
2081, 2065
2082, 2065
2083, 2065
2084, 2066
2085, 2066
2086, 2070
2087, 2070
2088, 2071
2089, 2071
2090, 2072
2091, 2072
2092, 2072
2093, 2073
2094, 2073
2095, 2073
2097, 2098
2097, 2102
2098, 2097
2098, 2099
2098, 2109
2099, 2098
2099, 2100
2100, 2099
2100, 2101
2100, 2113
2101, 2100
2101, 2102
2101, 2103
2102, 2097
2102, 2101
2102, 2110
2103, 2101
2103, 2104
2103, 2108
2104, 2103
2104, 2105
2104, 2125
2105, 2104
2105, 2106
2105, 2114
2106, 2105
2106, 2107
2106, 2111
2107, 2106
2107, 2108
2107, 2126
2108, 2103
2108, 2107
2108, 2127
2109, 2098
2109, 2128
2109, 2129
2110, 2102
2110, 2130
2110, 2131
2111, 2106
2112, 2113
2112, 2132
2112, 2133
2112, 2134
2113, 2100
2113, 2112
2113, 2135
2113, 2136
2114, 2105
2114, 2115
2115, 2114
2115, 2116
2116, 2115
2116, 2117
2116, 2118
2117, 2116
2117, 2120
2117, 2121
2117, 2122
2118, 2116
2118, 2119
2118, 2123
2118, 2124
2119, 2118
2119, 2137
2119, 2138
2119, 2139
2120, 2117
2120, 2140
2120, 2141
2120, 2142
2121, 2117
2121, 2143
2121, 2144
2121, 2145
2122, 2117
2122, 2146
2122, 2147
2122, 2148
2123, 2118
2123, 2149
2123, 2150
2123, 2151
2124, 2118
2124, 2152
2124, 2153
2124, 2096
2125, 2104
2126, 2107
2127, 2108
2128, 2109
2129, 2109
2130, 2110
2131, 2110
2132, 2112
2133, 2112
2134, 2112
2135, 2113
2136, 2113
2137, 2119
2138, 2119
2139, 2119
2140, 2120
2141, 2120
2142, 2120
2143, 2121
2144, 2121
2145, 2121
2146, 2122
2147, 2122
2148, 2122
2149, 2123
2150, 2123
2151, 2123
2152, 2124
2153, 2124
2096, 2124
2154, 2155
2154, 2159
2155, 2154
2155, 2156
2155, 2166
2156, 2155
2156, 2157
2157, 2156
2157, 2158
2157, 2170
2158, 2157
2158, 2159
2158, 2160
2159, 2154
2159, 2158
2159, 2167
2160, 2158
2160, 2161
2160, 2165
2161, 2160
2161, 2162
2161, 2178
2162, 2161
2162, 2163
2162, 2171
2163, 2162
2163, 2164
2163, 2168
2164, 2163
2164, 2165
2164, 2179
2165, 2160
2165, 2164
2165, 2180
2166, 2155
2166, 2181
2166, 2182
2167, 2159
2167, 2183
2167, 2184
2168, 2163
2169, 2170
2169, 2185
2169, 2186
2169, 2187
2170, 2157
2170, 2169
2170, 2188
2170, 2189
2171, 2162
2171, 2172
2172, 2171
2172, 2173
2173, 2172
2173, 2174
2173, 2177
2174, 2173
2174, 2175
2174, 2190
2174, 2191
2175, 2174
2175, 2176
2175, 2192
2175, 2193
2176, 2175
2176, 2177
2176, 2194
2176, 2195
2177, 2173
2177, 2176
2177, 2196
2177, 2197
2178, 2161
2179, 2164
2180, 2165
2181, 2166
2182, 2166
2183, 2167
2184, 2167
2185, 2169
2186, 2169
2187, 2169
2188, 2170
2189, 2170
2190, 2174
2191, 2174
2192, 2175
2193, 2175
2194, 2176
2195, 2176
2196, 2177
2197, 2177
2198, 2199
2198, 2203
2199, 2198
2199, 2200
2199, 2210
2200, 2199
2200, 2201
2201, 2200
2201, 2202
2201, 2214
2202, 2201
2202, 2203
2202, 2204
2203, 2198
2203, 2202
2203, 2211
2204, 2202
2204, 2205
2204, 2209
2205, 2204
2205, 2206
2205, 2223
2206, 2205
2206, 2207
2206, 2215
2207, 2206
2207, 2208
2207, 2212
2208, 2207
2208, 2209
2208, 2224
2209, 2204
2209, 2208
2209, 2225
2210, 2199
2210, 2226
2210, 2227
2211, 2203
2211, 2228
2211, 2229
2212, 2207
2213, 2214
2213, 2230
2213, 2231
2213, 2232
2214, 2201
2214, 2213
2214, 2233
2214, 2234
2215, 2206
2215, 2216
2216, 2215
2216, 2217
2217, 2216
2217, 2218
2217, 2220
2218, 2217
2218, 2221
2218, 2235
2218, 2236
2219, 2220
2219, 2222
2219, 2237
2219, 2238
2220, 2217
2220, 2219
2220, 2239
2220, 2240
2221, 2218
2221, 2222
2221, 2241
2221, 2242
2222, 2219
2222, 2221
2222, 2243
2222, 2244
2223, 2205
2224, 2208
2225, 2209
2226, 2210
2227, 2210
2228, 2211
2229, 2211
2230, 2213
2231, 2213
2232, 2213
2233, 2214
2234, 2214
2235, 2218
2236, 2218
2237, 2219
2238, 2219
2239, 2220
2240, 2220
2241, 2221
2242, 2221
2243, 2222
2244, 2222
2258, 2259
2258, 2263
2259, 2258
2259, 2260
2259, 2270
2260, 2259
2260, 2261
2261, 2260
2261, 2262
2261, 2274
2262, 2261
2262, 2263
2262, 2264
2263, 2258
2263, 2262
2263, 2271
2264, 2262
2264, 2265
2264, 2269
2265, 2264
2265, 2266
2265, 2284
2266, 2265
2266, 2267
2266, 2275
2267, 2266
2267, 2268
2267, 2272
2268, 2267
2268, 2269
2268, 2285
2269, 2264
2269, 2268
2269, 2286
2270, 2259
2270, 2287
2270, 2288
2271, 2263
2271, 2289
2271, 2290
2272, 2267
2273, 2274
2273, 2291
2273, 2292
2273, 2293
2274, 2261
2274, 2273
2274, 2245
2274, 2246
2275, 2266
2275, 2276
2276, 2275
2276, 2277
2277, 2276
2277, 2278
2277, 2280
2278, 2277
2278, 2281
2278, 2247
2278, 2248
2279, 2280
2279, 2282
2279, 2249
2279, 2250
2280, 2277
2280, 2279
2280, 2251
2280, 2252
2281, 2278
2281, 2282
2281, 2253
2281, 2254
2282, 2279
2282, 2281
2282, 2283
2283, 2282
2283, 2255
2283, 2256
2283, 2257
2284, 2265
2285, 2268
2286, 2269
2287, 2270
2288, 2270
2289, 2271
2290, 2271
2291, 2273
2292, 2273
2293, 2273
2245, 2274
2246, 2274
2247, 2278
2248, 2278
2249, 2279
2250, 2279
2251, 2280
2252, 2280
2253, 2281
2254, 2281
2255, 2283
2256, 2283
2257, 2283
2294, 2295
2294, 2299
2295, 2294
2295, 2296
2295, 2306
2296, 2295
2296, 2297
2297, 2296
2297, 2298
2297, 2310
2298, 2297
2298, 2299
2298, 2300
2299, 2294
2299, 2298
2299, 2307
2300, 2298
2300, 2301
2300, 2305
2301, 2300
2301, 2302
2301, 2320
2302, 2301
2302, 2303
2302, 2311
2303, 2302
2303, 2304
2303, 2308
2304, 2303
2304, 2305
2304, 2321
2305, 2300
2305, 2304
2305, 2322
2306, 2295
2306, 2323
2306, 2324
2307, 2299
2307, 2325
2307, 2326
2308, 2303
2309, 2310
2309, 2327
2309, 2328
2309, 2329
2310, 2297
2310, 2309
2310, 2330
2310, 2331
2311, 2302
2311, 2312
2312, 2311
2312, 2313
2313, 2312
2313, 2314
2313, 2316
2314, 2313
2314, 2317
2314, 2332
2314, 2333
2315, 2316
2315, 2318
2315, 2334
2315, 2335
2316, 2313
2316, 2315
2316, 2336
2316, 2337
2317, 2314
2317, 2318
2317, 2338
2317, 2339
2318, 2315
2318, 2317
2318, 2319
2318, 2340
2319, 2318
2319, 2341
2320, 2301
2321, 2304
2322, 2305
2323, 2306
2324, 2306
2325, 2307
2326, 2307
2327, 2309
2328, 2309
2329, 2309
2330, 2310
2331, 2310
2332, 2314
2333, 2314
2334, 2315
2335, 2315
2336, 2316
2337, 2316
2338, 2317
2339, 2317
2340, 2318
2341, 2319
2342, 2343
2342, 2347
2343, 2342
2343, 2344
2343, 2354
2344, 2343
2344, 2345
2345, 2344
2345, 2346
2345, 2358
2346, 2345
2346, 2347
2346, 2348
2347, 2342
2347, 2346
2347, 2355
2348, 2346
2348, 2349
2348, 2353
2349, 2348
2349, 2350
2349, 2367
2350, 2349
2350, 2351
2350, 2359
2351, 2350
2351, 2352
2351, 2356
2352, 2351
2352, 2353
2352, 2368
2353, 2348
2353, 2352
2353, 2369
2354, 2343
2354, 2370
2354, 2371
2355, 2347
2355, 2372
2355, 2373
2356, 2351
2357, 2358
2357, 2374
2357, 2375
2357, 2376
2358, 2345
2358, 2357
2358, 2377
2358, 2378
2359, 2350
2359, 2360
2360, 2359
2360, 2361
2361, 2360
2361, 2362
2361, 2364
2362, 2361
2362, 2365
2362, 2379
2362, 2380
2363, 2364
2363, 2366
2363, 2381
2363, 2382
2364, 2361
2364, 2363
2364, 2383
2364, 2384
2365, 2362
2365, 2366
2365, 2385
2365, 2386
2366, 2363
2366, 2365
2367, 2349
2368, 2352
2369, 2353
2370, 2354
2371, 2354
2372, 2355
2373, 2355
2374, 2357
2375, 2357
2376, 2357
2377, 2358
2378, 2358
2379, 2362
2380, 2362
2381, 2363
2382, 2363
2383, 2364
2384, 2364
2385, 2365
2386, 2365
2409, 2410
2409, 2414
2410, 2409
2410, 2411
2410, 2421
2411, 2410
2411, 2412
2412, 2411
2412, 2413
2412, 2425
2413, 2412
2413, 2414
2413, 2415
2414, 2409
2414, 2413
2414, 2422
2415, 2413
2415, 2416
2415, 2420
2416, 2415
2416, 2417
2416, 2389
2417, 2416
2417, 2418
2417, 2426
2418, 2417
2418, 2419
2418, 2423
2419, 2418
2419, 2420
2419, 2390
2420, 2415
2420, 2419
2420, 2391
2421, 2410
2421, 2392
2421, 2393
2422, 2414
2422, 2394
2422, 2395
2423, 2418
2424, 2425
2424, 2396
2424, 2397
2424, 2398
2425, 2412
2425, 2424
2425, 2399
2425, 2400
2426, 2417
2426, 2427
2427, 2426
2427, 2428
2428, 2427
2428, 2429
2428, 2430
2429, 2428
2429, 2401
2429, 2402
2429, 2403
2430, 2428
2430, 2387
2430, 2404
2430, 2405
2387, 2430
2387, 2388
2387, 2406
2387, 2407
2388, 2387
2388, 2408
2389, 2416
2390, 2419
2391, 2420
2392, 2421
2393, 2421
2394, 2422
2395, 2422
2396, 2424
2397, 2424
2398, 2424
2399, 2425
2400, 2425
2401, 2429
2402, 2429
2403, 2429
2404, 2430
2405, 2430
2406, 2387
2407, 2387
2408, 2388
2431, 2432
2431, 2436
2432, 2431
2432, 2433
2432, 2443
2433, 2432
2433, 2434
2434, 2433
2434, 2435
2434, 2447
2435, 2434
2435, 2436
2435, 2437
2436, 2431
2436, 2435
2436, 2444
2437, 2435
2437, 2438
2437, 2442
2438, 2437
2438, 2439
2438, 2456
2439, 2438
2439, 2440
2439, 2448
2440, 2439
2440, 2441
2440, 2445
2441, 2440
2441, 2442
2441, 2457
2442, 2437
2442, 2441
2442, 2458
2443, 2432
2443, 2459
2443, 2460
2444, 2436
2444, 2461
2444, 2462
2445, 2440
2446, 2447
2446, 2463
2446, 2464
2446, 2465
2447, 2434
2447, 2446
2447, 2466
2447, 2467
2448, 2439
2448, 2449
2449, 2448
2449, 2450
2450, 2449
2450, 2451
2450, 2452
2451, 2450
2451, 2455
2451, 2468
2451, 2469
2452, 2450
2452, 2453
2452, 2470
2452, 2471
2453, 2452
2453, 2454
2453, 2472
2453, 2473
2454, 2453
2454, 2474
2455, 2451
2455, 2475
2455, 2476
2455, 2477
2456, 2438
2457, 2441
2458, 2442
2459, 2443
2460, 2443
2461, 2444
2462, 2444
2463, 2446
2464, 2446
2465, 2446
2466, 2447
2467, 2447
2468, 2451
2469, 2451
2470, 2452
2471, 2452
2472, 2453
2473, 2453
2474, 2454
2475, 2455
2476, 2455
2477, 2455
2478, 2479
2478, 2483
2479, 2478
2479, 2480
2479, 2490
2480, 2479
2480, 2481
2481, 2480
2481, 2482
2481, 2494
2482, 2481
2482, 2483
2482, 2484
2483, 2478
2483, 2482
2483, 2491
2484, 2482
2484, 2485
2484, 2489
2485, 2484
2485, 2486
2485, 2504
2486, 2485
2486, 2487
2486, 2495
2487, 2486
2487, 2488
2487, 2492
2488, 2487
2488, 2489
2488, 2505
2489, 2484
2489, 2488
2489, 2506
2490, 2479
2490, 2507
2490, 2508
2491, 2483
2491, 2509
2491, 2510
2492, 2487
2493, 2494
2493, 2511
2493, 2512
2493, 2513
2494, 2481
2494, 2493
2494, 2514
2494, 2515
2495, 2486
2495, 2496
2496, 2495
2496, 2497
2497, 2496
2497, 2498
2497, 2499
2498, 2497
2498, 2502
2498, 2516
2498, 2517
2499, 2497
2499, 2500
2499, 2518
2499, 2519
2500, 2499
2500, 2501
2500, 2520
2500, 2521
2501, 2500
2501, 2522
2502, 2498
2502, 2503
2502, 2523
2502, 2524
2503, 2502
2503, 2525
2503, 2526
2503, 2527
2504, 2485
2505, 2488
2506, 2489
2507, 2490
2508, 2490
2509, 2491
2510, 2491
2511, 2493
2512, 2493
2513, 2493
2514, 2494
2515, 2494
2516, 2498
2517, 2498
2518, 2499
2519, 2499
2520, 2500
2521, 2500
2522, 2501
2523, 2502
2524, 2502
2525, 2503
2526, 2503
2527, 2503
2572, 2573
2572, 2577
2573, 2572
2573, 2574
2573, 2531
2574, 2573
2574, 2575
2575, 2574
2575, 2576
2575, 2535
2576, 2575
2576, 2577
2576, 2578
2577, 2572
2577, 2576
2577, 2532
2578, 2576
2578, 2579
2578, 2530
2579, 2578
2579, 2580
2579, 2546
2580, 2579
2580, 2528
2580, 2536
2528, 2580
2528, 2529
2528, 2533
2529, 2528
2529, 2530
2529, 2547
2530, 2578
2530, 2529
2530, 2548
2531, 2573
2531, 2549
2531, 2550
2532, 2577
2532, 2551
2532, 2552
2533, 2528
2534, 2535
2534, 2553
2534, 2554
2534, 2555
2535, 2575
2535, 2534
2535, 2556
2535, 2557
2536, 2580
2536, 2537
2537, 2536
2537, 2538
2538, 2537
2538, 2539
2538, 2540
2539, 2538
2539, 2543
2539, 2544
2539, 2545
2540, 2538
2540, 2541
2540, 2558
2540, 2559
2541, 2540
2541, 2542
2541, 2560
2541, 2561
2542, 2541
2542, 2562
2543, 2539
2543, 2563
2543, 2564
2543, 2565
2544, 2539
2544, 2566
2544, 2567
2544, 2568
2545, 2539
2545, 2569
2545, 2570
2545, 2571
2546, 2579
2547, 2529
2548, 2530
2549, 2531
2550, 2531
2551, 2532
2552, 2532
2553, 2534
2554, 2534
2555, 2534
2556, 2535
2557, 2535
2558, 2540
2559, 2540
2560, 2541
2561, 2541
2562, 2542
2563, 2543
2564, 2543
2565, 2543
2566, 2544
2567, 2544
2568, 2544
2569, 2545
2570, 2545
2571, 2545
2581, 2582
2581, 2586
2582, 2581
2582, 2583
2582, 2593
2583, 2582
2583, 2584
2584, 2583
2584, 2585
2584, 2597
2585, 2584
2585, 2586
2585, 2587
2586, 2581
2586, 2585
2586, 2594
2587, 2585
2587, 2588
2587, 2592
2588, 2587
2588, 2589
2588, 2611
2589, 2588
2589, 2590
2589, 2598
2590, 2589
2590, 2591
2590, 2595
2591, 2590
2591, 2592
2591, 2612
2592, 2587
2592, 2591
2592, 2613
2593, 2582
2593, 2614
2593, 2615
2594, 2586
2594, 2616
2594, 2617
2595, 2590
2596, 2597
2596, 2618
2596, 2619
2596, 2620
2597, 2584
2597, 2596
2597, 2621
2597, 2622
2598, 2589
2598, 2599
2599, 2598
2599, 2600
2600, 2599
2600, 2601
2600, 2602
2601, 2600
2601, 2605
2601, 2623
2601, 2624
2602, 2600
2602, 2603
2602, 2625
2602, 2626
2603, 2602
2603, 2604
2603, 2627
2603, 2628
2604, 2603
2604, 2629
2605, 2601
2605, 2606
2605, 2610
2606, 2605
2606, 2607
2606, 2630
2607, 2606
2607, 2608
2607, 2631
2608, 2607
2608, 2609
2608, 2632
2609, 2608
2609, 2610
2609, 2633
2610, 2605
2610, 2609
2610, 2634
2611, 2588
2612, 2591
2613, 2592
2614, 2593
2615, 2593
2616, 2594
2617, 2594
2618, 2596
2619, 2596
2620, 2596
2621, 2597
2622, 2597
2623, 2601
2624, 2601
2625, 2602
2626, 2602
2627, 2603
2628, 2603
2629, 2604
2630, 2606
2631, 2607
2632, 2608
2633, 2609
2634, 2610
2653, 2654
2653, 2658
2654, 2653
2654, 2655
2654, 2665
2655, 2654
2655, 2656
2656, 2655
2656, 2657
2656, 2669
2657, 2656
2657, 2658
2657, 2659
2658, 2653
2658, 2657
2658, 2666
2659, 2657
2659, 2660
2659, 2664
2660, 2659
2660, 2661
2660, 2679
2661, 2660
2661, 2662
2661, 2670
2662, 2661
2662, 2663
2662, 2667
2663, 2662
2663, 2664
2663, 2680
2664, 2659
2664, 2663
2664, 2681
2665, 2654
2665, 2682
2665, 2635
2666, 2658
2666, 2636
2666, 2637
2667, 2662
2668, 2669
2668, 2638
2668, 2639
2668, 2640
2669, 2656
2669, 2668
2669, 2641
2669, 2642
2670, 2661
2670, 2671
2671, 2670
2671, 2672
2672, 2671
2672, 2673
2672, 2674
2673, 2672
2673, 2677
2673, 2643
2673, 2644
2674, 2672
2674, 2675
2674, 2645
2674, 2646
2675, 2674
2675, 2676
2675, 2647
2675, 2648
2676, 2675
2676, 2649
2677, 2673
2677, 2678
2677, 2650
2677, 2651
2678, 2677
2678, 2652
2679, 2660
2680, 2663
2681, 2664
2682, 2665
2635, 2665
2636, 2666
2637, 2666
2638, 2668
2639, 2668
2640, 2668
2641, 2669
2642, 2669
2643, 2673
2644, 2673
2645, 2674
2646, 2674
2647, 2675
2648, 2675
2649, 2676
2650, 2677
2651, 2677
2652, 2678
2683, 2684
2683, 2688
2684, 2683
2684, 2685
2684, 2695
2685, 2684
2685, 2686
2686, 2685
2686, 2687
2686, 2699
2687, 2686
2687, 2688
2687, 2689
2688, 2683
2688, 2687
2688, 2696
2689, 2687
2689, 2690
2689, 2694
2690, 2689
2690, 2691
2690, 2711
2691, 2690
2691, 2692
2691, 2700
2692, 2691
2692, 2693
2692, 2697
2693, 2692
2693, 2694
2693, 2712
2694, 2689
2694, 2693
2694, 2713
2695, 2684
2695, 2714
2695, 2715
2696, 2688
2696, 2716
2696, 2717
2697, 2692
2698, 2699
2698, 2718
2698, 2719
2698, 2720
2699, 2686
2699, 2698
2699, 2721
2699, 2722
2700, 2691
2700, 2701
2701, 2700
2701, 2702
2702, 2701
2702, 2703
2702, 2704
2703, 2702
2703, 2707
2703, 2723
2703, 2724
2704, 2702
2704, 2705
2704, 2725
2704, 2726
2705, 2704
2705, 2706
2705, 2727
2705, 2728
2706, 2705
2706, 2709
2707, 2703
2707, 2708
2707, 2729
2707, 2730
2708, 2707
2708, 2710
2709, 2706
2709, 2731
2709, 2732
2709, 2733
2710, 2708
2710, 2734
2710, 2735
2710, 2736
2711, 2690
2712, 2693
2713, 2694
2714, 2695
2715, 2695
2716, 2696
2717, 2696
2718, 2698
2719, 2698
2720, 2698
2721, 2699
2722, 2699
2723, 2703
2724, 2703
2725, 2704
2726, 2704
2727, 2705
2728, 2705
2729, 2707
2730, 2707
2731, 2709
2732, 2709
2733, 2709
2734, 2710
2735, 2710
2736, 2710
2737, 2738
2737, 2742
2738, 2737
2738, 2739
2738, 2749
2739, 2738
2739, 2740
2740, 2739
2740, 2741
2740, 2753
2741, 2740
2741, 2742
2741, 2743
2742, 2737
2742, 2741
2742, 2750
2743, 2741
2743, 2744
2743, 2748
2744, 2743
2744, 2745
2744, 2764
2745, 2744
2745, 2746
2745, 2754
2746, 2745
2746, 2747
2746, 2751
2747, 2746
2747, 2748
2747, 2765
2748, 2743
2748, 2747
2748, 2766
2749, 2738
2749, 2767
2749, 2768
2750, 2742
2750, 2769
2750, 2770
2751, 2746
2752, 2753
2752, 2771
2752, 2772
2752, 2773
2753, 2740
2753, 2752
2753, 2774
2753, 2775
2754, 2745
2754, 2755
2755, 2754
2755, 2756
2756, 2755
2756, 2757
2756, 2758
2757, 2756
2757, 2776
2757, 2777
2757, 2778
2758, 2756
2758, 2759
2758, 2779
2758, 2780
2759, 2758
2759, 2760
2759, 2763
2759, 2781
2760, 2759
2760, 2761
2761, 2760
2761, 2762
2761, 2782
2761, 2783
2762, 2761
2762, 2763
2762, 2784
2762, 2785
2763, 2759
2763, 2762
2764, 2744
2765, 2747
2766, 2748
2767, 2749
2768, 2749
2769, 2750
2770, 2750
2771, 2752
2772, 2752
2773, 2752
2774, 2753
2775, 2753
2776, 2757
2777, 2757
2778, 2757
2779, 2758
2780, 2758
2781, 2759
2782, 2761
2783, 2761
2784, 2762
2785, 2762
2830, 2831
2830, 2835
2831, 2830
2831, 2832
2831, 2791
2832, 2831
2832, 2833
2833, 2832
2833, 2834
2833, 2795
2834, 2833
2834, 2835
2834, 2836
2835, 2830
2835, 2834
2835, 2792
2836, 2834
2836, 2786
2836, 2790
2786, 2836
2786, 2787
2786, 2808
2787, 2786
2787, 2788
2787, 2796
2788, 2787
2788, 2789
2788, 2793
2789, 2788
2789, 2790
2789, 2809
2790, 2836
2790, 2789
2790, 2810
2791, 2831
2791, 2811
2791, 2812
2792, 2835
2792, 2813
2792, 2814
2793, 2788
2794, 2795
2794, 2815
2794, 2816
2794, 2817
2795, 2833
2795, 2794
2795, 2818
2795, 2819
2796, 2787
2796, 2797
2797, 2796
2797, 2798
2798, 2797
2798, 2799
2798, 2803
2799, 2798
2799, 2800
2799, 2820
2799, 2821
2800, 2799
2800, 2801
2800, 2822
2800, 2823
2801, 2800
2801, 2802
2801, 2804
2802, 2801
2802, 2803
2802, 2807
2803, 2798
2803, 2802
2803, 2824
2803, 2825
2804, 2801
2804, 2805
2804, 2826
2805, 2804
2805, 2806
2805, 2827
2806, 2805
2806, 2807
2806, 2828
2807, 2802
2807, 2806
2807, 2829
2808, 2786
2809, 2789
2810, 2790
2811, 2791
2812, 2791
2813, 2792
2814, 2792
2815, 2794
2816, 2794
2817, 2794
2818, 2795
2819, 2795
2820, 2799
2821, 2799
2822, 2800
2823, 2800
2824, 2803
2825, 2803
2826, 2804
2827, 2805
2828, 2806
2829, 2807
2879, 2880
2879, 2884
2880, 2879
2880, 2881
2880, 2891
2881, 2880
2881, 2882
2882, 2881
2882, 2883
2882, 2895
2883, 2882
2883, 2884
2883, 2885
2884, 2879
2884, 2883
2884, 2892
2885, 2883
2885, 2886
2885, 2890
2886, 2885
2886, 2887
2886, 2849
2887, 2886
2887, 2888
2887, 2896
2888, 2887
2888, 2889
2888, 2893
2889, 2888
2889, 2890
2889, 2850
2890, 2885
2890, 2889
2890, 2851
2891, 2880
2891, 2852
2891, 2853
2892, 2884
2892, 2854
2892, 2855
2893, 2888
2894, 2895
2894, 2856
2894, 2857
2894, 2858
2895, 2882
2895, 2894
2895, 2859
2895, 2860
2896, 2887
2896, 2897
2897, 2896
2897, 2898
2898, 2897
2898, 2899
2898, 2841
2899, 2898
2899, 2902
2899, 2861
2899, 2862
2900, 2901
2900, 2842
2901, 2900
2901, 2843
2901, 2844
2902, 2899
2902, 2903
2902, 2840
2903, 2902
2903, 2837
2903, 2863
2837, 2903
2837, 2838
2837, 2864
2838, 2837
2838, 2839
2838, 2845
2839, 2838
2839, 2840
2839, 2847
2840, 2902
2840, 2839
2840, 2865
2841, 2898
2841, 2842
2841, 2866
2841, 2867
2842, 2900
2842, 2841
2842, 2868
2842, 2869
2843, 2901
2844, 2901
2844, 2870
2844, 2871
2844, 2872
2845, 2838
2845, 2846
2846, 2845
2846, 2873
2846, 2874
2846, 2875
2847, 2839
2847, 2848
2848, 2847
2848, 2876
2848, 2877
2848, 2878
2849, 2886
2850, 2889
2851, 2890
2852, 2891
2853, 2891
2854, 2892
2855, 2892
2856, 2894
2857, 2894
2858, 2894
2859, 2895
2860, 2895
2861, 2899
2862, 2899
2863, 2903
2864, 2837
2865, 2840
2866, 2841
2867, 2841
2868, 2842
2869, 2842
2870, 2844
2871, 2844
2872, 2844
2873, 2846
2874, 2846
2875, 2846
2876, 2848
2877, 2848
2878, 2848
2904, 2905
2904, 2909
2905, 2904
2905, 2906
2905, 2916
2906, 2905
2906, 2907
2907, 2906
2907, 2908
2907, 2920
2908, 2907
2908, 2909
2908, 2910
2909, 2904
2909, 2908
2909, 2917
2910, 2908
2910, 2911
2910, 2915
2911, 2910
2911, 2912
2911, 2941
2912, 2911
2912, 2913
2912, 2921
2913, 2912
2913, 2914
2913, 2918
2914, 2913
2914, 2915
2914, 2942
2915, 2910
2915, 2914
2915, 2943
2916, 2905
2916, 2944
2916, 2945
2917, 2909
2917, 2946
2917, 2947
2918, 2913
2919, 2920
2919, 2948
2919, 2949
2919, 2950
2920, 2907
2920, 2919
2920, 2951
2920, 2952
2921, 2912
2921, 2922
2922, 2921
2922, 2923
2923, 2922
2923, 2924
2923, 2933
2924, 2923
2924, 2927
2924, 2953
2924, 2954
2925, 2926
2925, 2934
2926, 2925
2926, 2935
2926, 2936
2927, 2924
2927, 2928
2927, 2932
2928, 2927
2928, 2929
2928, 2955
2929, 2928
2929, 2930
2929, 2939
2930, 2929
2930, 2931
2930, 2956
2931, 2930
2931, 2932
2931, 2937
2932, 2927
2932, 2931
2932, 2957
2933, 2923
2933, 2934
2933, 2958
2933, 2959
2934, 2925
2934, 2933
2934, 2960
2934, 2961
2935, 2926
2936, 2926
2936, 2962
2936, 2963
2936, 2964
2937, 2931
2937, 2938
2938, 2937
2938, 2965
2938, 2966
2938, 2967
2939, 2929
2939, 2940
2940, 2939
2940, 2968
2940, 2969
2940, 2970
2941, 2911
2942, 2914
2943, 2915
2944, 2916
2945, 2916
2946, 2917
2947, 2917
2948, 2919
2949, 2919
2950, 2919
2951, 2920
2952, 2920
2953, 2924
2954, 2924
2955, 2928
2956, 2930
2957, 2932
2958, 2933
2959, 2933
2960, 2934
2961, 2934
2962, 2936
2963, 2936
2964, 2936
2965, 2938
2966, 2938
2967, 2938
2968, 2940
2969, 2940
2970, 2940
3023, 3024
3023, 3028
3024, 3023
3024, 3025
3024, 3035
3025, 3024
3025, 3026
3026, 3025
3026, 3027
3026, 3039
3027, 3026
3027, 3028
3027, 3029
3028, 3023
3028, 3027
3028, 3036
3029, 3027
3029, 3030
3029, 3034
3030, 3029
3030, 3031
3030, 2991
3031, 3030
3031, 3032
3031, 3040
3032, 3031
3032, 3033
3032, 3037
3033, 3032
3033, 3034
3033, 2992
3034, 3029
3034, 3033
3034, 2993
3035, 3024
3035, 2994
3035, 2995
3036, 3028
3036, 2996
3036, 2997
3037, 3032
3038, 3039
3038, 2998
3038, 2999
3038, 3000
3039, 3026
3039, 3038
3039, 3001
3039, 3002
3040, 3031
3040, 3041
3041, 3040
3041, 2971
2971, 3041
2971, 2972
2971, 2981
2972, 2971
2972, 2975
2972, 3003
2972, 3004
2973, 2974
2973, 2982
2974, 2973
2974, 2983
2974, 2984
2975, 2972
2975, 2976
2975, 2980
2976, 2975
2976, 2977
2976, 3005
2977, 2976
2977, 2978
2977, 2987
2978, 2977
2978, 2979
2978, 2989
2979, 2978
2979, 2980
2979, 2985
2980, 2975
2980, 2979
2980, 3006
2981, 2971
2981, 2982
2981, 3007
2981, 3008
2982, 2973
2982, 2981
2982, 3009
2982, 3010
2983, 2974
2984, 2974
2984, 3011
2984, 3012
2984, 3013
2985, 2979
2985, 2986
2986, 2985
2986, 3014
2986, 3015
2986, 3016
2987, 2977
2987, 2988
2988, 2987
2988, 3017
2988, 3018
2988, 3019
2989, 2978
2989, 2990
2990, 2989
2990, 3020
2990, 3021
2990, 3022
2991, 3030
2992, 3033
2993, 3034
2994, 3035
2995, 3035
2996, 3036
2997, 3036
2998, 3038
2999, 3038
3000, 3038
3001, 3039
3002, 3039
3003, 2972
3004, 2972
3005, 2976
3006, 2980
3007, 2981
3008, 2981
3009, 2982
3010, 2982
3011, 2984
3012, 2984
3013, 2984
3014, 2986
3015, 2986
3016, 2986
3017, 2988
3018, 2988
3019, 2988
3020, 2990
3021, 2990
3022, 2990
3042, 3043
3042, 3047
3043, 3042
3043, 3044
3043, 3054
3044, 3043
3044, 3045
3045, 3044
3045, 3046
3045, 3058
3046, 3045
3046, 3047
3046, 3048
3047, 3042
3047, 3046
3047, 3055
3048, 3046
3048, 3049
3048, 3053
3049, 3048
3049, 3050
3049, 3076
3050, 3049
3050, 3051
3050, 3059
3051, 3050
3051, 3052
3051, 3056
3052, 3051
3052, 3053
3052, 3077
3053, 3048
3053, 3052
3053, 3078
3054, 3043
3054, 3079
3054, 3080
3055, 3047
3055, 3081
3055, 3082
3056, 3051
3057, 3058
3057, 3083
3057, 3084
3057, 3085
3058, 3045
3058, 3057
3058, 3086
3058, 3087
3059, 3050
3059, 3060
3060, 3059
3060, 3061
3061, 3060
3061, 3062
3061, 3071
3062, 3061
3062, 3065
3062, 3088
3062, 3089
3063, 3064
3063, 3072
3064, 3063
3064, 3073
3064, 3074
3065, 3062
3065, 3066
3065, 3070
3066, 3065
3066, 3067
3066, 3075
3067, 3066
3067, 3068
3067, 3090
3068, 3067
3068, 3069
3068, 3091
3069, 3068
3069, 3070
3069, 3092
3070, 3065
3070, 3069
3070, 3093
3071, 3061
3071, 3072
3071, 3094
3071, 3095
3072, 3063
3072, 3071
3072, 3096
3072, 3097
3073, 3064
3074, 3064
3074, 3098
3074, 3099
3074, 3100
3075, 3066
3075, 3101
3075, 3102
3075, 3103
3076, 3049
3077, 3052
3078, 3053
3079, 3054
3080, 3054
3081, 3055
3082, 3055
3083, 3057
3084, 3057
3085, 3057
3086, 3058
3087, 3058
3088, 3062
3089, 3062
3090, 3067
3091, 3068
3092, 3069
3093, 3070
3094, 3071
3095, 3071
3096, 3072
3097, 3072
3098, 3074
3099, 3074
3100, 3074
3101, 3075
3102, 3075
3103, 3075
3122, 3123
3122, 3127
3123, 3122
3123, 3124
3123, 3134
3124, 3123
3124, 3125
3125, 3124
3125, 3126
3125, 3138
3126, 3125
3126, 3127
3126, 3128
3127, 3122
3127, 3126
3127, 3135
3128, 3126
3128, 3129
3128, 3133
3129, 3128
3129, 3130
3129, 3156
3130, 3129
3130, 3131
3130, 3139
3131, 3130
3131, 3132
3131, 3136
3132, 3131
3132, 3133
3132, 3157
3133, 3128
3133, 3132
3133, 3158
3134, 3123
3134, 3159
3134, 3160
3135, 3127
3135, 3161
3135, 3162
3136, 3131
3137, 3138
3137, 3163
3137, 3164
3137, 3165
3138, 3125
3138, 3137
3138, 3104
3138, 3105
3139, 3130
3139, 3140
3140, 3139
3140, 3141
3141, 3140
3141, 3142
3141, 3151
3142, 3141
3142, 3145
3142, 3106
3142, 3107
3143, 3144
3143, 3152
3144, 3143
3144, 3153
3144, 3154
3145, 3142
3145, 3146
3145, 3150
3146, 3145
3146, 3147
3146, 3108
3147, 3146
3147, 3148
3147, 3155
3148, 3147
3148, 3149
3148, 3109
3149, 3148
3149, 3150
3149, 3110
3150, 3145
3150, 3149
3150, 3111
3151, 3141
3151, 3152
3151, 3112
3151, 3113
3152, 3143
3152, 3151
3152, 3114
3152, 3115
3153, 3144
3154, 3144
3154, 3116
3154, 3117
3154, 3118
3155, 3147
3155, 3119
3155, 3120
3155, 3121
3156, 3129
3157, 3132
3158, 3133
3159, 3134
3160, 3134
3161, 3135
3162, 3135
3163, 3137
3164, 3137
3165, 3137
3104, 3138
3105, 3138
3106, 3142
3107, 3142
3108, 3146
3109, 3148
3110, 3149
3111, 3150
3112, 3151
3113, 3151
3114, 3152
3115, 3152
3116, 3154
3117, 3154
3118, 3154
3119, 3155
3120, 3155
3121, 3155
3166, 3167
3166, 3171
3167, 3166
3167, 3168
3167, 3178
3168, 3167
3168, 3169
3169, 3168
3169, 3170
3169, 3182
3170, 3169
3170, 3171
3170, 3172
3171, 3166
3171, 3170
3171, 3179
3172, 3170
3172, 3173
3172, 3177
3173, 3172
3173, 3174
3173, 3200
3174, 3173
3174, 3175
3174, 3183
3175, 3174
3175, 3176
3175, 3180
3176, 3175
3176, 3177
3176, 3201
3177, 3172
3177, 3176
3177, 3202
3178, 3167
3178, 3203
3178, 3204
3179, 3171
3179, 3205
3179, 3206
3180, 3175
3181, 3182
3181, 3207
3181, 3208
3181, 3209
3182, 3169
3182, 3181
3182, 3210
3182, 3211
3183, 3174
3183, 3184
3184, 3183
3184, 3185
3185, 3184
3185, 3186
3185, 3195
3186, 3185
3186, 3189
3186, 3212
3186, 3213
3187, 3188
3187, 3196
3188, 3187
3188, 3197
3188, 3198
3189, 3186
3189, 3190
3189, 3194
3190, 3189
3190, 3191
3190, 3214
3191, 3190
3191, 3192
3191, 3215
3192, 3191
3192, 3193
3192, 3199
3193, 3192
3193, 3194
3193, 3216
3194, 3189
3194, 3193
3194, 3217
3195, 3185
3195, 3196
3195, 3218
3195, 3219
3196, 3187
3196, 3195
3196, 3220
3196, 3221
3197, 3188
3198, 3188
3198, 3222
3198, 3223
3198, 3224
3199, 3192
3199, 3225
3199, 3226
3199, 3227
3200, 3173
3201, 3176
3202, 3177
3203, 3178
3204, 3178
3205, 3179
3206, 3179
3207, 3181
3208, 3181
3209, 3181
3210, 3182
3211, 3182
3212, 3186
3213, 3186
3214, 3190
3215, 3191
3216, 3193
3217, 3194
3218, 3195
3219, 3195
3220, 3196
3221, 3196
3222, 3198
3223, 3198
3224, 3198
3225, 3199
3226, 3199
3227, 3199
3228, 3229
3228, 3233
3229, 3228
3229, 3230
3229, 3240
3230, 3229
3230, 3231
3231, 3230
3231, 3232
3231, 3244
3232, 3231
3232, 3233
3232, 3234
3233, 3228
3233, 3232
3233, 3241
3234, 3232
3234, 3235
3234, 3239
3235, 3234
3235, 3236
3235, 3264
3236, 3235
3236, 3237
3236, 3245
3237, 3236
3237, 3238
3237, 3242
3238, 3237
3238, 3239
3238, 3265
3239, 3234
3239, 3238
3239, 3266
3240, 3229
3240, 3267
3240, 3268
3241, 3233
3241, 3269
3241, 3270
3242, 3237
3243, 3244
3243, 3271
3243, 3272
3243, 3273
3244, 3231
3244, 3243
3244, 3274
3244, 3275
3245, 3236
3245, 3246
3246, 3245
3246, 3247
3247, 3246
3247, 3248
3247, 3257
3248, 3247
3248, 3251
3248, 3276
3248, 3277
3249, 3250
3249, 3258
3250, 3249
3250, 3259
3250, 3260
3251, 3248
3251, 3252
3251, 3256
3252, 3251
3252, 3253
3252, 3278
3253, 3252
3253, 3254
3253, 3261
3254, 3253
3254, 3255
3254, 3279
3255, 3254
3255, 3256
3255, 3280
3256, 3251
3256, 3255
3256, 3281
3257, 3247
3257, 3258
3257, 3282
3257, 3283
3258, 3249
3258, 3257
3258, 3284
3258, 3285
3259, 3250
3260, 3250
3260, 3286
3260, 3287
3260, 3288
3261, 3253
3261, 3262
3261, 3263
3262, 3261
3263, 3261
3264, 3235
3265, 3238
3266, 3239
3267, 3240
3268, 3240
3269, 3241
3270, 3241
3271, 3243
3272, 3243
3273, 3243
3274, 3244
3275, 3244
3276, 3248
3277, 3248
3278, 3252
3279, 3254
3280, 3255
3281, 3256
3282, 3257
3283, 3257
3284, 3258
3285, 3258
3286, 3260
3287, 3260
3288, 3260
3301, 3302
3301, 3306
3302, 3301
3302, 3303
3302, 3313
3303, 3302
3303, 3304
3304, 3303
3304, 3305
3304, 3317
3305, 3304
3305, 3306
3305, 3307
3306, 3301
3306, 3305
3306, 3314
3307, 3305
3307, 3308
3307, 3312
3308, 3307
3308, 3309
3308, 3338
3309, 3308
3309, 3310
3309, 3318
3310, 3309
3310, 3311
3310, 3315
3311, 3310
3311, 3312
3311, 3339
3312, 3307
3312, 3311
3312, 3340
3313, 3302
3313, 3341
3313, 3342
3314, 3306
3314, 3343
3314, 3344
3315, 3310
3316, 3317
3316, 3345
3316, 3346
3316, 3347
3317, 3304
3317, 3316
3317, 3348
3317, 3349
3318, 3309
3318, 3319
3319, 3318
3319, 3320
3320, 3319
3320, 3321
3320, 3330
3321, 3320
3321, 3324
3321, 3350
3321, 3351
3322, 3323
3322, 3331
3323, 3322
3323, 3332
3323, 3333
3324, 3321
3324, 3325
3324, 3329
3325, 3324
3325, 3326
3325, 3334
3326, 3325
3326, 3327
3326, 3337
3327, 3326
3327, 3328
3327, 3352
3328, 3327
3328, 3329
3328, 3353
3329, 3324
3329, 3328
3329, 3289
3330, 3320
3330, 3331
3330, 3290
3330, 3291
3331, 3322
3331, 3330
3331, 3292
3331, 3293
3332, 3323
3333, 3323
3333, 3294
3333, 3295
3333, 3296
3334, 3325
3334, 3335
3334, 3297
3335, 3334
3335, 3336
3335, 3298
3336, 3335
3336, 3337
3336, 3299
3337, 3326
3337, 3336
3337, 3300
3338, 3308
3339, 3311
3340, 3312
3341, 3313
3342, 3313
3343, 3314
3344, 3314
3345, 3316
3346, 3316
3347, 3316
3348, 3317
3349, 3317
3350, 3321
3351, 3321
3352, 3327
3353, 3328
3289, 3329
3290, 3330
3291, 3330
3292, 3331
3293, 3331
3294, 3333
3295, 3333
3296, 3333
3297, 3334
3298, 3335
3299, 3336
3300, 3337
3354, 3355
3354, 3359
3355, 3354
3355, 3356
3355, 3366
3356, 3355
3356, 3357
3357, 3356
3357, 3358
3357, 3370
3358, 3357
3358, 3359
3358, 3360
3359, 3354
3359, 3358
3359, 3367
3360, 3358
3360, 3361
3360, 3365
3361, 3360
3361, 3362
3361, 3391
3362, 3361
3362, 3363
3362, 3371
3363, 3362
3363, 3364
3363, 3368
3364, 3363
3364, 3365
3364, 3392
3365, 3360
3365, 3364
3365, 3393
3366, 3355
3366, 3394
3366, 3395
3367, 3359
3367, 3396
3367, 3397
3368, 3363
3369, 3370
3369, 3398
3369, 3399
3369, 3400
3370, 3357
3370, 3369
3370, 3401
3370, 3402
3371, 3362
3371, 3372
3372, 3371
3372, 3373
3373, 3372
3373, 3374
3373, 3383
3374, 3373
3374, 3382
3374, 3403
3374, 3404
3375, 3376
3375, 3384
3376, 3375
3376, 3385
3376, 3386
3377, 3378
3377, 3382
3377, 3405
3378, 3377
3378, 3379
3378, 3387
3379, 3378
3379, 3380
3379, 3390
3380, 3379
3380, 3381
3380, 3406
3381, 3380
3381, 3382
3381, 3407
3382, 3374
3382, 3377
3382, 3381
3383, 3373
3383, 3384
3383, 3408
3383, 3409
3384, 3375
3384, 3383
3384, 3410
3384, 3411
3385, 3376
3386, 3376
3386, 3412
3386, 3413
3386, 3414
3387, 3378
3387, 3388
3387, 3415
3388, 3387
3388, 3389
3388, 3416
3389, 3388
3389, 3390
3389, 3417
3390, 3379
3390, 3389
3390, 3418
3391, 3361
3392, 3364
3393, 3365
3394, 3366
3395, 3366
3396, 3367
3397, 3367
3398, 3369
3399, 3369
3400, 3369
3401, 3370
3402, 3370
3403, 3374
3404, 3374
3405, 3377
3406, 3380
3407, 3381
3408, 3383
3409, 3383
3410, 3384
3411, 3384
3412, 3386
3413, 3386
3414, 3386
3415, 3387
3416, 3388
3417, 3389
3418, 3390
3426, 3427
3426, 3431
3427, 3426
3427, 3428
3427, 3438
3428, 3427
3428, 3429
3429, 3428
3429, 3430
3429, 3442
3430, 3429
3430, 3431
3430, 3432
3431, 3426
3431, 3430
3431, 3439
3432, 3430
3432, 3433
3432, 3437
3433, 3432
3433, 3434
3433, 3459
3434, 3433
3434, 3435
3434, 3443
3435, 3434
3435, 3436
3435, 3440
3436, 3435
3436, 3437
3436, 3460
3437, 3432
3437, 3436
3437, 3461
3438, 3427
3438, 3462
3438, 3463
3439, 3431
3439, 3464
3439, 3465
3440, 3435
3441, 3442
3441, 3466
3441, 3467
3441, 3468
3442, 3429
3442, 3441
3442, 3469
3442, 3470
3443, 3434
3443, 3444
3444, 3443
3444, 3445
3445, 3444
3445, 3446
3445, 3455
3446, 3445
3446, 3449
3446, 3471
3446, 3472
3447, 3448
3447, 3456
3448, 3447
3448, 3457
3448, 3458
3449, 3446
3449, 3450
3449, 3454
3450, 3449
3450, 3451
3450, 3473
3451, 3450
3451, 3452
3451, 3474
3452, 3451
3452, 3453
3453, 3452
3453, 3454
3453, 3475
3454, 3449
3454, 3453
3454, 3476
3455, 3445
3455, 3456
3455, 3419
3455, 3420
3456, 3447
3456, 3455
3456, 3421
3456, 3422
3457, 3448
3458, 3448
3458, 3423
3458, 3424
3458, 3425
3459, 3433
3460, 3436
3461, 3437
3462, 3438
3463, 3438
3464, 3439
3465, 3439
3466, 3441
3467, 3441
3468, 3441
3469, 3442
3470, 3442
3471, 3446
3472, 3446
3473, 3450
3474, 3451
3475, 3453
3476, 3454
3419, 3455
3420, 3455
3421, 3456
3422, 3456
3423, 3458
3424, 3458
3425, 3458
3477, 3478
3477, 3482
3478, 3477
3478, 3479
3478, 3489
3479, 3478
3479, 3480
3480, 3479
3480, 3481
3480, 3493
3481, 3480
3481, 3482
3481, 3483
3482, 3477
3482, 3481
3482, 3490
3483, 3481
3483, 3484
3483, 3488
3484, 3483
3484, 3485
3484, 3513
3485, 3484
3485, 3486
3485, 3494
3486, 3485
3486, 3487
3486, 3491
3487, 3486
3487, 3488
3487, 3514
3488, 3483
3488, 3487
3488, 3515
3489, 3478
3489, 3516
3489, 3517
3490, 3482
3490, 3518
3490, 3519
3491, 3486
3492, 3493
3492, 3520
3492, 3521
3492, 3522
3493, 3480
3493, 3492
3493, 3523
3493, 3524
3494, 3485
3494, 3495
3495, 3494
3495, 3496
3496, 3495
3496, 3497
3496, 3506
3497, 3496
3497, 3500
3497, 3525
3497, 3526
3498, 3499
3498, 3507
3499, 3498
3499, 3508
3499, 3509
3500, 3497
3500, 3501
3500, 3505
3501, 3500
3501, 3502
3501, 3527
3502, 3501
3502, 3503
3502, 3528
3503, 3502
3503, 3504
3503, 3510
3504, 3503
3504, 3505
3504, 3529
3505, 3500
3505, 3504
3505, 3530
3506, 3496
3506, 3507
3506, 3531
3506, 3532
3507, 3498
3507, 3506
3507, 3533
3507, 3534
3508, 3499
3509, 3499
3509, 3535
3509, 3536
3509, 3537
3510, 3503
3510, 3511
3510, 3512
3511, 3510
3512, 3510
3513, 3484
3514, 3487
3515, 3488
3516, 3489
3517, 3489
3518, 3490
3519, 3490
3520, 3492
3521, 3492
3522, 3492
3523, 3493
3524, 3493
3525, 3497
3526, 3497
3527, 3501
3528, 3502
3529, 3504
3530, 3505
3531, 3506
3532, 3506
3533, 3507
3534, 3507
3535, 3509
3536, 3509
3537, 3509
3538, 3539
3538, 3543
3539, 3538
3539, 3540
3539, 3550
3540, 3539
3540, 3541
3541, 3540
3541, 3542
3541, 3554
3542, 3541
3542, 3543
3542, 3544
3543, 3538
3543, 3542
3543, 3551
3544, 3542
3544, 3545
3544, 3549
3545, 3544
3545, 3546
3545, 3569
3546, 3545
3546, 3547
3546, 3555
3547, 3546
3547, 3548
3547, 3552
3548, 3547
3548, 3549
3548, 3570
3549, 3544
3549, 3548
3549, 3571
3550, 3539
3550, 3572
3550, 3573
3551, 3543
3551, 3574
3551, 3575
3552, 3547
3553, 3554
3553, 3576
3553, 3577
3553, 3578
3554, 3541
3554, 3553
3554, 3579
3554, 3580
3555, 3546
3555, 3556
3556, 3555
3556, 3557
3557, 3556
3557, 3558
3557, 3567
3558, 3557
3558, 3561
3558, 3581
3558, 3582
3559, 3560
3559, 3568
3559, 3583
3559, 3584
3560, 3559
3560, 3585
3561, 3558
3561, 3562
3561, 3566
3562, 3561
3562, 3563
3562, 3586
3563, 3562
3563, 3564
3563, 3587
3564, 3563
3564, 3565
3564, 3588
3565, 3564
3565, 3566
3565, 3589
3566, 3561
3566, 3565
3566, 3590
3567, 3557
3567, 3568
3567, 3591
3567, 3592
3568, 3559
3568, 3567
3568, 3593
3568, 3594
3569, 3545
3570, 3548
3571, 3549
3572, 3550
3573, 3550
3574, 3551
3575, 3551
3576, 3553
3577, 3553
3578, 3553
3579, 3554
3580, 3554
3581, 3558
3582, 3558
3583, 3559
3584, 3559
3585, 3560
3586, 3562
3587, 3563
3588, 3564
3589, 3565
3590, 3566
3591, 3567
3592, 3567
3593, 3568
3594, 3568
3649, 3650
3649, 3597
3650, 3649
3650, 3651
3650, 3604
3651, 3650
3651, 3595
3595, 3651
3595, 3596
3595, 3608
3596, 3595
3596, 3597
3596, 3598
3597, 3649
3597, 3596
3597, 3605
3598, 3596
3598, 3599
3598, 3603
3599, 3598
3599, 3600
3599, 3623
3600, 3599
3600, 3601
3600, 3609
3601, 3600
3601, 3602
3601, 3606
3602, 3601
3602, 3603
3602, 3624
3603, 3598
3603, 3602
3603, 3625
3604, 3650
3604, 3626
3604, 3627
3605, 3597
3605, 3628
3605, 3629
3606, 3601
3607, 3608
3607, 3630
3607, 3631
3607, 3632
3608, 3595
3608, 3607
3608, 3633
3608, 3634
3609, 3600
3609, 3610
3610, 3609
3610, 3611
3611, 3610
3611, 3612
3611, 3621
3612, 3611
3612, 3613
3612, 3635
3612, 3636
3613, 3612
3613, 3614
3613, 3637
3613, 3638
3614, 3613
3614, 3639
3615, 3616
3615, 3620
3615, 3640
3616, 3615
3616, 3617
3616, 3641
3617, 3616
3617, 3618
3617, 3642
3618, 3617
3618, 3619
3618, 3643
3619, 3618
3619, 3620
3619, 3644
3620, 3615
3620, 3619
3620, 3622
3621, 3611
3621, 3622
3621, 3645
3621, 3646
3622, 3620
3622, 3621
3622, 3647
3622, 3648
3623, 3599
3624, 3602
3625, 3603
3626, 3604
3627, 3604
3628, 3605
3629, 3605
3630, 3607
3631, 3607
3632, 3607
3633, 3608
3634, 3608
3635, 3612
3636, 3612
3637, 3613
3638, 3613
3639, 3614
3640, 3615
3641, 3616
3642, 3617
3643, 3618
3644, 3619
3645, 3621
3646, 3621
3647, 3622
3648, 3622
3652, 3653
3652, 3657
3653, 3652
3653, 3654
3653, 3664
3654, 3653
3654, 3655
3655, 3654
3655, 3656
3655, 3668
3656, 3655
3656, 3657
3656, 3658
3657, 3652
3657, 3656
3657, 3665
3658, 3656
3658, 3659
3658, 3663
3659, 3658
3659, 3660
3659, 3683
3660, 3659
3660, 3661
3660, 3669
3661, 3660
3661, 3662
3661, 3666
3662, 3661
3662, 3663
3662, 3684
3663, 3658
3663, 3662
3663, 3685
3664, 3653
3664, 3686
3664, 3687
3665, 3657
3665, 3688
3665, 3689
3666, 3661
3667, 3668
3667, 3690
3667, 3691
3667, 3692
3668, 3655
3668, 3667
3668, 3693
3668, 3694
3669, 3660
3669, 3670
3670, 3669
3670, 3671
3671, 3670
3671, 3672
3671, 3673
3672, 3671
3672, 3676
3672, 3682
3672, 3695
3673, 3671
3673, 3674
3673, 3696
3673, 3697
3674, 3673
3674, 3675
3674, 3698
3674, 3699
3675, 3674
3675, 3700
3676, 3672
3676, 3677
3676, 3681
3677, 3676
3677, 3678
3677, 3701
3678, 3677
3678, 3679
3678, 3702
3679, 3678
3679, 3680
3679, 3703
3680, 3679
3680, 3681
3680, 3704
3681, 3676
3681, 3680
3681, 3705
3682, 3672
3682, 3706
3682, 3707
3682, 3708
3683, 3659
3684, 3662
3685, 3663
3686, 3664
3687, 3664
3688, 3665
3689, 3665
3690, 3667
3691, 3667
3692, 3667
3693, 3668
3694, 3668
3695, 3672
3696, 3673
3697, 3673
3698, 3674
3699, 3674
3700, 3675
3701, 3677
3702, 3678
3703, 3679
3704, 3680
3705, 3681
3706, 3682
3707, 3682
3708, 3682
3754, 3755
3754, 3759
3755, 3754
3755, 3756
3755, 3766
3756, 3755
3756, 3757
3757, 3756
3757, 3758
3757, 3770
3758, 3757
3758, 3759
3758, 3760
3759, 3754
3759, 3758
3759, 3767
3760, 3758
3760, 3761
3760, 3765
3761, 3760
3761, 3762
3761, 3726
3762, 3761
3762, 3763
3762, 3709
3763, 3762
3763, 3764
3763, 3768
3764, 3763
3764, 3765
3764, 3727
3765, 3760
3765, 3764
3765, 3728
3766, 3755
3766, 3729
3766, 3730
3767, 3759
3767, 3731
3767, 3732
3768, 3763
3769, 3770
3769, 3733
3769, 3734
3769, 3735
3770, 3757
3770, 3769
3770, 3736
3770, 3737
3709, 3762
3709, 3710
3710, 3709
3710, 3711
3711, 3710
3711, 3712
3711, 3721
3712, 3711
3712, 3715
3712, 3738
3712, 3739
3713, 3714
3713, 3722
3714, 3713
3714, 3723
3714, 3724
3715, 3712
3715, 3716
3715, 3720
3716, 3715
3716, 3717
3716, 3740
3717, 3716
3717, 3718
3717, 3741
3718, 3717
3718, 3719
3718, 3742
3719, 3718
3719, 3720
3719, 3743
3720, 3715
3720, 3719
3720, 3744
3721, 3711
3721, 3722
3721, 3745
3721, 3746
3722, 3713
3722, 3721
3722, 3747
3722, 3748
3723, 3714
3724, 3714
3724, 3725
3724, 3749
3724, 3750
3725, 3724
3725, 3751
3725, 3752
3725, 3753
3726, 3761
3727, 3764
3728, 3765
3729, 3766
3730, 3766
3731, 3767
3732, 3767
3733, 3769
3734, 3769
3735, 3769
3736, 3770
3737, 3770
3738, 3712
3739, 3712
3740, 3716
3741, 3717
3742, 3718
3743, 3719
3744, 3720
3745, 3721
3746, 3721
3747, 3722
3748, 3722
3749, 3724
3750, 3724
3751, 3725
3752, 3725
3753, 3725
3771, 3772
3771, 3776
3772, 3771
3772, 3773
3772, 3783
3773, 3772
3773, 3774
3774, 3773
3774, 3775
3774, 3787
3775, 3774
3775, 3776
3775, 3777
3776, 3771
3776, 3775
3776, 3784
3777, 3775
3777, 3778
3777, 3782
3778, 3777
3778, 3779
3778, 3806
3779, 3778
3779, 3780
3779, 3788
3780, 3779
3780, 3781
3780, 3785
3781, 3780
3781, 3782
3781, 3807
3782, 3777
3782, 3781
3782, 3808
3783, 3772
3783, 3809
3783, 3810
3784, 3776
3784, 3811
3784, 3812
3785, 3780
3786, 3787
3786, 3813
3786, 3814
3786, 3815
3787, 3774
3787, 3786
3787, 3816
3787, 3817
3788, 3779
3788, 3789
3789, 3788
3789, 3790
3790, 3789
3790, 3791
3790, 3800
3791, 3790
3791, 3794
3791, 3818
3791, 3819
3792, 3793
3792, 3801
3793, 3792
3793, 3802
3793, 3803
3794, 3791
3794, 3795
3794, 3799
3795, 3794
3795, 3796
3795, 3820
3796, 3795
3796, 3797
3796, 3821
3797, 3796
3797, 3798
3797, 3822
3798, 3797
3798, 3799
3798, 3823
3799, 3794
3799, 3798
3799, 3824
3800, 3790
3800, 3801
3800, 3825
3800, 3826
3801, 3792
3801, 3800
3801, 3827
3801, 3828
3802, 3793
3803, 3793
3803, 3804
3803, 3805
3803, 3829
3804, 3803
3804, 3830
3804, 3831
3804, 3832
3805, 3803
3805, 3833
3805, 3834
3805, 3835
3806, 3778
3807, 3781
3808, 3782
3809, 3783
3810, 3783
3811, 3784
3812, 3784
3813, 3786
3814, 3786
3815, 3786
3816, 3787
3817, 3787
3818, 3791
3819, 3791
3820, 3795
3821, 3796
3822, 3797
3823, 3798
3824, 3799
3825, 3800
3826, 3800
3827, 3801
3828, 3801
3829, 3803
3830, 3804
3831, 3804
3832, 3804
3833, 3805
3834, 3805
3835, 3805
3884, 3885
3884, 3889
3885, 3884
3885, 3886
3885, 3896
3886, 3885
3886, 3887
3887, 3886
3887, 3888
3887, 3900
3888, 3887
3888, 3889
3888, 3890
3889, 3884
3889, 3888
3889, 3897
3890, 3888
3890, 3891
3890, 3895
3891, 3890
3891, 3892
3891, 3856
3892, 3891
3892, 3893
3892, 3901
3893, 3892
3893, 3894
3893, 3898
3894, 3893
3894, 3895
3894, 3857
3895, 3890
3895, 3894
3895, 3858
3896, 3885
3896, 3859
3896, 3860
3897, 3889
3897, 3861
3897, 3862
3898, 3893
3899, 3900
3899, 3863
3899, 3864
3899, 3865
3900, 3887
3900, 3899
3900, 3866
3900, 3867
3901, 3892
3901, 3836
3836, 3901
3836, 3837
3837, 3836
3837, 3838
3837, 3847
3838, 3837
3838, 3841
3838, 3868
3838, 3869
3839, 3840
3839, 3848
3840, 3839
3840, 3849
3840, 3850
3841, 3838
3841, 3842
3841, 3846
3842, 3841
3842, 3843
3842, 3870
3843, 3842
3843, 3844
3843, 3871
3844, 3843
3844, 3845
3844, 3872
3845, 3844
3845, 3846
3845, 3873
3846, 3841
3846, 3845
3846, 3874
3847, 3837
3847, 3848
3847, 3875
3847, 3876
3848, 3839
3848, 3847
3848, 3877
3848, 3878
3849, 3840
3850, 3840
3850, 3851
3850, 3855
3851, 3850
3851, 3852
3851, 3879
3852, 3851
3852, 3853
3852, 3880
3853, 3852
3853, 3854
3853, 3881
3854, 3853
3854, 3855
3854, 3882
3855, 3850
3855, 3854
3855, 3883
3856, 3891
3857, 3894
3858, 3895
3859, 3896
3860, 3896
3861, 3897
3862, 3897
3863, 3899
3864, 3899
3865, 3899
3866, 3900
3867, 3900
3868, 3838
3869, 3838
3870, 3842
3871, 3843
3872, 3844
3873, 3845
3874, 3846
3875, 3847
3876, 3847
3877, 3848
3878, 3848
3879, 3851
3880, 3852
3881, 3853
3882, 3854
3883, 3855
3902, 3903
3902, 3907
3903, 3902
3903, 3904
3903, 3914
3904, 3903
3904, 3905
3905, 3904
3905, 3906
3905, 3918
3906, 3905
3906, 3907
3906, 3908
3907, 3902
3907, 3906
3907, 3915
3908, 3906
3908, 3909
3908, 3913
3909, 3908
3909, 3910
3909, 3937
3910, 3909
3910, 3911
3910, 3919
3911, 3910
3911, 3912
3911, 3916
3912, 3911
3912, 3913
3912, 3938
3913, 3908
3913, 3912
3913, 3939
3914, 3903
3914, 3940
3914, 3941
3915, 3907
3915, 3942
3915, 3943
3916, 3911
3917, 3918
3917, 3944
3917, 3945
3917, 3946
3918, 3905
3918, 3917
3918, 3947
3918, 3948
3919, 3910
3919, 3920
3920, 3919
3920, 3921
3921, 3920
3921, 3922
3921, 3931
3922, 3921
3922, 3925
3922, 3949
3922, 3950
3923, 3924
3923, 3932
3924, 3923
3924, 3933
3924, 3934
3925, 3922
3925, 3926
3925, 3930
3926, 3925
3926, 3927
3926, 3951
3927, 3926
3927, 3928
3927, 3952
3928, 3927
3928, 3929
3928, 3935
3929, 3928
3929, 3930
3929, 3953
3930, 3925
3930, 3929
3930, 3954
3931, 3921
3931, 3932
3931, 3955
3931, 3956
3932, 3923
3932, 3931
3932, 3957
3932, 3958
3933, 3924
3934, 3924
3934, 3959
3934, 3960
3934, 3961
3935, 3928
3935, 3936
3936, 3935
3936, 3962
3936, 3963
3936, 3964
3937, 3909
3938, 3912
3939, 3913
3940, 3914
3941, 3914
3942, 3915
3943, 3915
3944, 3917
3945, 3917
3946, 3917
3947, 3918
3948, 3918
3949, 3922
3950, 3922
3951, 3926
3952, 3927
3953, 3929
3954, 3930
3955, 3931
3956, 3931
3957, 3932
3958, 3932
3959, 3934
3960, 3934
3961, 3934
3962, 3936
3963, 3936
3964, 3936
3982, 3983
3982, 3987
3983, 3982
3983, 3984
3983, 3990
3984, 3983
3984, 3985
3985, 3984
3985, 3986
3985, 3996
3985, 3997
3986, 3985
3986, 3987
3986, 3988
3987, 3982
3987, 3986
3987, 3989
3988, 3986
3988, 3991
3988, 3995
3989, 3987
3989, 3967
3989, 3968
3990, 3983
3990, 3969
3990, 3970
3991, 3988
3991, 3992
3991, 3971
3992, 3991
3992, 3993
3992, 3972
3993, 3992
3993, 3994
3993, 3998
3994, 3993
3994, 3995
3994, 3973
3995, 3988
3995, 3994
3995, 3974
3996, 3985
3996, 3975
3996, 3976
3996, 3977
3997, 3985
3997, 3978
3997, 3979
3997, 3980
3998, 3993
3998, 3965
3998, 3966
3965, 3998
3966, 3998
3966, 3981
3967, 3989
3968, 3989
3969, 3990
3970, 3990
3971, 3991
3972, 3992
3973, 3994
3974, 3995
3975, 3996
3976, 3996
3977, 3996
3978, 3997
3979, 3997
3980, 3997
3981, 3966
3999, 4000
3999, 4004
4000, 3999
4000, 4001
4000, 4007
4001, 4000
4001, 4002
4002, 4001
4002, 4003
4002, 4013
4002, 4014
4003, 4002
4003, 4004
4003, 4005
4004, 3999
4004, 4003
4004, 4006
4005, 4003
4005, 4008
4005, 4012
4006, 4004
4006, 4017
4006, 4018
4007, 4000
4007, 4019
4007, 4020
4008, 4005
4008, 4009
4008, 4021
4009, 4008
4009, 4010
4009, 4016
4010, 4009
4010, 4011
4010, 4015
4011, 4010
4011, 4012
4011, 4022
4012, 4005
4012, 4011
4012, 4023
4013, 4002
4013, 4024
4013, 4025
4013, 4026
4014, 4002
4014, 4027
4014, 4028
4014, 4029
4015, 4010
4016, 4009
4017, 4006
4018, 4006
4019, 4007
4020, 4007
4021, 4008
4022, 4011
4023, 4012
4024, 4013
4025, 4013
4026, 4013
4027, 4014
4028, 4014
4029, 4014
4030, 4031
4030, 4035
4031, 4030
4031, 4032
4031, 4038
4032, 4031
4032, 4033
4033, 4032
4033, 4034
4033, 4044
4033, 4045
4034, 4033
4034, 4035
4034, 4036
4035, 4030
4035, 4034
4035, 4037
4036, 4034
4036, 4039
4036, 4043
4037, 4035
4037, 4048
4037, 4049
4038, 4031
4038, 4050
4038, 4051
4039, 4036
4039, 4040
4039, 4047
4040, 4039
4040, 4041
4040, 4052
4041, 4040
4041, 4042
4041, 4053
4042, 4041
4042, 4043
4042, 4054
4043, 4036
4043, 4042
4043, 4046
4044, 4033
4044, 4055
4044, 4056
4044, 4057
4045, 4033
4045, 4058
4045, 4059
4045, 4060
4046, 4043
4046, 4061
4046, 4062
4046, 4063
4047, 4039
4047, 4064
4047, 4065
4047, 4066
4048, 4037
4049, 4037
4050, 4038
4051, 4038
4052, 4040
4053, 4041
4054, 4042
4055, 4044
4056, 4044
4057, 4044
4058, 4045
4059, 4045
4060, 4045
4061, 4046
4062, 4046
4063, 4046
4064, 4047
4065, 4047
4066, 4047
4067, 4068
4067, 4072
4068, 4067
4068, 4069
4068, 4075
4069, 4068
4069, 4070
4070, 4069
4070, 4071
4070, 4081
4070, 4082
4071, 4070
4071, 4072
4071, 4073
4072, 4067
4072, 4071
4072, 4074
4073, 4071
4073, 4076
4073, 4080
4074, 4072
4074, 4087
4074, 4088
4075, 4068
4075, 4089
4075, 4090
4076, 4073
4076, 4077
4076, 4091
4077, 4076
4077, 4078
4077, 4092
4078, 4077
4078, 4079
4078, 4093
4079, 4078
4079, 4080
4079, 4083
4080, 4073
4080, 4079
4080, 4086
4081, 4070
4081, 4094
4081, 4095
4081, 4096
4082, 4070
4082, 4097
4082, 4098
4082, 4099
4083, 4079
4083, 4084
4083, 4100
4084, 4083
4084, 4085
4084, 4101
4085, 4084
4085, 4086
4085, 4102
4086, 4080
4086, 4085
4086, 4103
4087, 4074
4088, 4074
4089, 4075
4090, 4075
4091, 4076
4092, 4077
4093, 4078
4094, 4081
4095, 4081
4096, 4081
4097, 4082
4098, 4082
4099, 4082
4100, 4083
4101, 4084
4102, 4085
4103, 4086
4151, 4152
4151, 4156
4152, 4151
4152, 4153
4152, 4106
4153, 4152
4153, 4154
4154, 4153
4154, 4155
4154, 4112
4154, 4113
4155, 4154
4155, 4156
4155, 4104
4156, 4151
4156, 4155
4156, 4105
4104, 4155
4104, 4107
4104, 4111
4105, 4156
4105, 4126
4105, 4127
4106, 4152
4106, 4128
4106, 4129
4107, 4104
4107, 4108
4107, 4130
4108, 4107
4108, 4109
4108, 4114
4109, 4108
4109, 4110
4109, 4131
4110, 4109
4110, 4111
4110, 4132
4111, 4104
4111, 4110
4111, 4133
4112, 4154
4112, 4134
4112, 4135
4112, 4136
4113, 4154
4113, 4137
4113, 4138
4113, 4139
4114, 4108
4114, 4124
4114, 4140
4114, 4141
4115, 4116
4115, 4125
4115, 4142
4115, 4143
4116, 4115
4116, 4117
4116, 4121
4117, 4116
4117, 4118
4117, 4122
4118, 4117
4118, 4119
4118, 4144
4119, 4118
4119, 4120
4119, 4123
4120, 4119
4120, 4121
4120, 4145
4121, 4116
4121, 4120
4121, 4146
4122, 4117
4123, 4119
4124, 4114
4124, 4125
4124, 4147
4124, 4148
4125, 4115
4125, 4124
4125, 4149
4125, 4150
4126, 4105
4127, 4105
4128, 4106
4129, 4106
4130, 4107
4131, 4109
4132, 4110
4133, 4111
4134, 4112
4135, 4112
4136, 4112
4137, 4113
4138, 4113
4139, 4113
4140, 4114
4141, 4114
4142, 4115
4143, 4115
4144, 4118
4145, 4120
4146, 4121
4147, 4124
4148, 4124
4149, 4125
4150, 4125
4183, 4184
4183, 4188
4184, 4183
4184, 4185
4184, 4191
4185, 4184
4185, 4186
4186, 4185
4186, 4187
4186, 4197
4186, 4198
4187, 4186
4187, 4188
4187, 4189
4188, 4183
4188, 4187
4188, 4190
4189, 4187
4189, 4192
4189, 4196
4190, 4188
4190, 4157
4190, 4158
4191, 4184
4191, 4159
4191, 4160
4192, 4189
4192, 4193
4192, 4161
4193, 4192
4193, 4194
4193, 4199
4194, 4193
4194, 4195
4194, 4162
4195, 4194
4195, 4196
4195, 4163
4196, 4189
4196, 4195
4196, 4164
4197, 4186
4197, 4165
4197, 4166
4197, 4167
4198, 4186
4198, 4168
4198, 4169
4198, 4170
4199, 4193
4199, 4208
4200, 4201
4200, 4209
4201, 4200
4201, 4202
4201, 4206
4202, 4201
4202, 4203
4202, 4171
4203, 4202
4203, 4204
4203, 4172
4204, 4203
4204, 4205
4204, 4207
4205, 4204
4205, 4206
4205, 4173
4206, 4201
4206, 4205
4206, 4174
4207, 4204
4207, 4175
4207, 4176
4208, 4199
4208, 4210
4208, 4177
4208, 4178
4209, 4200
4209, 4210
4209, 4179
4209, 4180
4210, 4208
4210, 4209
4210, 4181
4210, 4182
4157, 4190
4158, 4190
4159, 4191
4160, 4191
4161, 4192
4162, 4194
4163, 4195
4164, 4196
4165, 4197
4166, 4197
4167, 4197
4168, 4198
4169, 4198
4170, 4198
4171, 4202
4172, 4203
4173, 4205
4174, 4206
4175, 4207
4176, 4207
4177, 4208
4178, 4208
4179, 4209
4180, 4209
4181, 4210
4182, 4210
4211, 4212
4211, 4216
4212, 4211
4212, 4213
4212, 4219
4213, 4212
4213, 4214
4214, 4213
4214, 4215
4214, 4225
4214, 4226
4215, 4214
4215, 4216
4215, 4217
4216, 4211
4216, 4215
4216, 4218
4217, 4215
4217, 4220
4217, 4224
4218, 4216
4218, 4236
4218, 4237
4219, 4212
4219, 4238
4219, 4239
4220, 4217
4220, 4221
4220, 4240
4221, 4220
4221, 4222
4221, 4227
4222, 4221
4222, 4223
4222, 4241
4223, 4222
4223, 4224
4223, 4242
4224, 4217
4224, 4223
4224, 4243
4225, 4214
4225, 4244
4225, 4245
4225, 4246
4226, 4214
4226, 4247
4226, 4248
4226, 4249
4227, 4221
4227, 4228
4228, 4227
4228, 4229
4228, 4250
4228, 4251
4229, 4228
4229, 4230
4229, 4234
4230, 4229
4230, 4231
4230, 4252
4231, 4230
4231, 4232
4231, 4235
4232, 4231
4232, 4233
4232, 4253
4233, 4232
4233, 4234
4233, 4254
4234, 4229
4234, 4233
4234, 4255
4235, 4231
4235, 4256
4235, 4257
4236, 4218
4237, 4218
4238, 4219
4239, 4219
4240, 4220
4241, 4222
4242, 4223
4243, 4224
4244, 4225
4245, 4225
4246, 4225
4247, 4226
4248, 4226
4249, 4226
4250, 4228
4251, 4228
4252, 4230
4253, 4232
4254, 4233
4255, 4234
4256, 4235
4257, 4235
4258, 4259
4258, 4263
4259, 4258
4259, 4260
4259, 4266
4260, 4259
4260, 4261
4261, 4260
4261, 4262
4261, 4272
4261, 4273
4262, 4261
4262, 4263
4262, 4264
4263, 4258
4263, 4262
4263, 4265
4264, 4262
4264, 4267
4264, 4271
4265, 4263
4265, 4285
4265, 4286
4266, 4259
4266, 4287
4266, 4288
4267, 4264
4267, 4268
4267, 4289
4268, 4267
4268, 4269
4268, 4274
4269, 4268
4269, 4270
4269, 4290
4270, 4269
4270, 4271
4270, 4291
4271, 4264
4271, 4270
4271, 4292
4272, 4261
4272, 4293
4272, 4294
4272, 4295
4273, 4261
4273, 4296
4273, 4297
4273, 4298
4274, 4268
4274, 4283
4275, 4276
4275, 4284
4276, 4275
4276, 4277
4276, 4281
4277, 4276
4277, 4278
4277, 4299
4278, 4277
4278, 4279
4278, 4300
4279, 4278
4279, 4280
4279, 4282
4280, 4279
4280, 4281
4280, 4301
4281, 4276
4281, 4280
4281, 4302
4282, 4279
4282, 4303
4282, 4304
4283, 4274
4283, 4284
4283, 4305
4283, 4306
4284, 4275
4284, 4283
4284, 4307
4284, 4308
4285, 4265
4286, 4265
4287, 4266
4288, 4266
4289, 4267
4290, 4269
4291, 4270
4292, 4271
4293, 4272
4294, 4272
4295, 4272
4296, 4273
4297, 4273
4298, 4273
4299, 4277
4300, 4278
4301, 4280
4302, 4281
4303, 4282
4304, 4282
4305, 4283
4306, 4283
4307, 4284
4308, 4284
4359, 4360
4359, 4310
4360, 4359
4360, 4361
4360, 4313
4361, 4360
4361, 4362
4362, 4361
4362, 4309
4362, 4319
4362, 4320
4309, 4362
4309, 4310
4309, 4311
4310, 4359
4310, 4309
4310, 4312
4311, 4309
4311, 4314
4311, 4318
4312, 4310
4312, 4336
4312, 4337
4313, 4360
4313, 4338
4313, 4339
4314, 4311
4314, 4315
4314, 4340
4315, 4314
4315, 4316
4315, 4341
4316, 4315
4316, 4317
4316, 4321
4317, 4316
4317, 4318
4317, 4342
4318, 4311
4318, 4317
4318, 4343
4319, 4362
4319, 4344
4319, 4345
4319, 4346
4320, 4362
4320, 4347
4320, 4348
4320, 4349
4321, 4316
4321, 4322
4321, 4350
4321, 4351
4322, 4321
4322, 4323
4322, 4352
4322, 4353
4323, 4322
4323, 4324
4323, 4325
4324, 4323
4325, 4323
4325, 4326
4325, 4354
4326, 4325
4326, 4327
4326, 4331
4327, 4326
4327, 4328
4327, 4355
4328, 4327
4328, 4329
4328, 4356
4329, 4328
4329, 4330
4329, 4332
4330, 4329
4330, 4331
4330, 4357
4331, 4326
4331, 4330
4331, 4358
4332, 4329
4332, 4333
4332, 4334
4332, 4335
4333, 4332
4334, 4332
4335, 4332
4336, 4312
4337, 4312
4338, 4313
4339, 4313
4340, 4314
4341, 4315
4342, 4317
4343, 4318
4344, 4319
4345, 4319
4346, 4319
4347, 4320
4348, 4320
4349, 4320
4350, 4321
4351, 4321
4352, 4322
4353, 4322
4354, 4325
4355, 4327
4356, 4328
4357, 4330
4358, 4331
4363, 4364
4363, 4368
4364, 4363
4364, 4365
4364, 4371
4365, 4364
4365, 4366
4366, 4365
4366, 4367
4366, 4377
4366, 4378
4367, 4366
4367, 4368
4367, 4369
4368, 4363
4368, 4367
4368, 4370
4369, 4367
4369, 4372
4369, 4376
4370, 4368
4370, 4381
4370, 4382
4371, 4364
4371, 4383
4371, 4384
4372, 4369
4372, 4373
4372, 4385
4373, 4372
4373, 4374
4373, 4379
4374, 4373
4374, 4375
4374, 4386
4375, 4374
4375, 4376
4375, 4387
4376, 4369
4376, 4375
4376, 4388
4377, 4366
4377, 4389
4377, 4390
4377, 4391
4378, 4366
4378, 4392
4378, 4393
4378, 4394
4379, 4373
4379, 4380
4380, 4379
4381, 4370
4382, 4370
4383, 4371
4384, 4371
4385, 4372
4386, 4374
4387, 4375
4388, 4376
4389, 4377
4390, 4377
4391, 4377
4392, 4378
4393, 4378
4394, 4378
4401, 4402
4401, 4406
4402, 4401
4402, 4403
4402, 4409
4403, 4402
4403, 4404
4404, 4403
4404, 4405
4404, 4415
4404, 4416
4405, 4404
4405, 4406
4405, 4407
4406, 4401
4406, 4405
4406, 4408
4407, 4405
4407, 4410
4407, 4414
4408, 4406
4408, 4432
4408, 4433
4409, 4402
4409, 4434
4409, 4435
4410, 4407
4410, 4411
4410, 4436
4411, 4410
4411, 4412
4411, 4437
4412, 4411
4412, 4413
4412, 4427
4413, 4412
4413, 4414
4413, 4438
4414, 4407
4414, 4413
4414, 4439
4415, 4404
4415, 4440
4415, 4441
4415, 4442
4416, 4404
4416, 4443
4416, 4444
4416, 4445
4417, 4418
4417, 4427
4417, 4446
4417, 4395
4418, 4417
4418, 4419
4418, 4420
4419, 4418
4420, 4418
4420, 4421
4420, 4396
4421, 4420
4421, 4422
4421, 4426
4422, 4421
4422, 4423
4422, 4397
4423, 4422
4423, 4424
4423, 4428
4424, 4423
4424, 4425
4424, 4398
4425, 4424
4425, 4426
4425, 4399
4426, 4421
4426, 4425
4426, 4400
4427, 4412
4427, 4417
4428, 4423
4428, 4429
4428, 4430
4428, 4431
4429, 4428
4430, 4428
4431, 4428
4432, 4408
4433, 4408
4434, 4409
4435, 4409
4436, 4410
4437, 4411
4438, 4413
4439, 4414
4440, 4415
4441, 4415
4442, 4415
4443, 4416
4444, 4416
4445, 4416
4446, 4417
4395, 4417
4396, 4420
4397, 4422
4398, 4424
4399, 4425
4400, 4426
4447, 4448
4447, 4452
4448, 4447
4448, 4449
4448, 4455
4449, 4448
4449, 4450
4450, 4449
4450, 4451
4450, 4461
4450, 4462
4451, 4450
4451, 4452
4451, 4453
4452, 4447
4452, 4451
4452, 4454
4453, 4451
4453, 4456
4453, 4460
4454, 4452
4454, 4481
4454, 4482
4455, 4448
4455, 4483
4455, 4484
4456, 4453
4456, 4457
4456, 4485
4457, 4456
4457, 4458
4457, 4474
4458, 4457
4458, 4459
4458, 4478
4459, 4458
4459, 4460
4459, 4486
4460, 4453
4460, 4459
4460, 4487
4461, 4450
4461, 4488
4461, 4489
4461, 4490
4462, 4450
4462, 4491
4462, 4492
4462, 4493
4463, 4475
4463, 4480
4463, 4494
4464, 4465
4464, 4469
4464, 4475
4465, 4464
4465, 4466
4465, 4495
4466, 4465
4466, 4467
4466, 4470
4467, 4466
4467, 4468
4467, 4496
4468, 4467
4468, 4469
4468, 4497
4469, 4464
4469, 4468
4469, 4498
4470, 4466
4470, 4471
4470, 4472
4470, 4473
4471, 4470
4472, 4470
4473, 4470
4474, 4457
4475, 4463
4475, 4464
4475, 4476
4475, 4477
4476, 4475
4477, 4475
4478, 4458
4478, 4479
4479, 4478
4479, 4480
4479, 4499
4479, 4500
4480, 4463
4480, 4479
4480, 4501
4480, 4502
4481, 4454
4482, 4454
4483, 4455
4484, 4455
4485, 4456
4486, 4459
4487, 4460
4488, 4461
4489, 4461
4490, 4461
4491, 4462
4492, 4462
4493, 4462
4494, 4463
4495, 4465
4496, 4467
4497, 4468
4498, 4469
4499, 4479
4500, 4479
4501, 4480
4502, 4480
4537, 4538
4537, 4542
4538, 4537
4538, 4539
4538, 4545
4539, 4538
4539, 4540
4540, 4539
4540, 4541
4540, 4504
4540, 4505
4541, 4540
4541, 4542
4541, 4543
4542, 4537
4542, 4541
4542, 4544
4543, 4541
4543, 4546
4543, 4503
4544, 4542
4544, 4514
4544, 4515
4545, 4538
4545, 4516
4545, 4517
4546, 4543
4546, 4547
4546, 4518
4547, 4546
4547, 4548
4547, 4512
4548, 4547
4548, 4549
4548, 4519
4549, 4548
4549, 4503
4549, 4520
4503, 4543
4503, 4549
4503, 4521
4504, 4540
4504, 4522
4504, 4523
4504, 4524
4505, 4540
4505, 4525
4505, 4526
4505, 4527
4506, 4507
4506, 4511
4506, 4513
4507, 4506
4507, 4508
4507, 4528
4508, 4507
4508, 4509
4508, 4529
4509, 4508
4509, 4510
4509, 4530
4510, 4509
4510, 4511
4510, 4531
4511, 4506
4511, 4510
4511, 4532
4512, 4547
4512, 4513
4512, 4533
4512, 4534
4513, 4506
4513, 4512
4513, 4535
4513, 4536
4514, 4544
4515, 4544
4516, 4545
4517, 4545
4518, 4546
4519, 4548
4520, 4549
4521, 4503
4522, 4504
4523, 4504
4524, 4504
4525, 4505
4526, 4505
4527, 4505
4528, 4507
4529, 4508
4530, 4509
4531, 4510
4532, 4511
4533, 4512
4534, 4512
4535, 4513
4536, 4513
4550, 4551
4550, 4555
4551, 4550
4551, 4552
4551, 4558
4552, 4551
4552, 4553
4553, 4552
4553, 4554
4553, 4564
4553, 4565
4554, 4553
4554, 4555
4554, 4556
4555, 4550
4555, 4554
4555, 4557
4556, 4554
4556, 4559
4556, 4563
4557, 4555
4557, 4574
4557, 4575
4558, 4551
4558, 4576
4558, 4577
4559, 4556
4559, 4560
4559, 4578
4560, 4559
4560, 4561
4560, 4579
4561, 4560
4561, 4562
4561, 4572
4562, 4561
4562, 4563
4562, 4580
4563, 4556
4563, 4562
4563, 4581
4564, 4553
4564, 4582
4564, 4583
4564, 4584
4565, 4553
4565, 4585
4565, 4586
4565, 4587
4566, 4567
4566, 4571
4566, 4573
4567, 4566
4567, 4568
4567, 4588
4568, 4567
4568, 4569
4568, 4589
4569, 4568
4569, 4570
4569, 4590
4570, 4569
4570, 4571
4570, 4591
4571, 4566
4571, 4570
4571, 4592
4572, 4561
4572, 4573
4572, 4593
4572, 4594
4573, 4566
4573, 4572
4573, 4595
4573, 4596
4574, 4557
4575, 4557
4576, 4558
4577, 4558
4578, 4559
4579, 4560
4580, 4562
4581, 4563
4582, 4564
4583, 4564
4584, 4564
4585, 4565
4586, 4565
4587, 4565
4588, 4567
4589, 4568
4590, 4569
4591, 4570
4592, 4571
4593, 4572
4594, 4572
4595, 4573
4596, 4573
4604, 4605
4604, 4609
4605, 4604
4605, 4606
4605, 4612
4606, 4605
4606, 4607
4607, 4606
4607, 4608
4607, 4618
4607, 4619
4608, 4607
4608, 4609
4608, 4610
4609, 4604
4609, 4608
4609, 4611
4610, 4608
4610, 4613
4610, 4617
4611, 4609
4611, 4631
4611, 4632
4612, 4605
4612, 4633
4612, 4634
4613, 4610
4613, 4614
4613, 4635
4614, 4613
4614, 4615
4614, 4630
4615, 4614
4615, 4616
4615, 4636
4616, 4615
4616, 4617
4616, 4637
4617, 4610
4617, 4616
4617, 4638
4618, 4607
4618, 4639
4618, 4640
4618, 4641
4619, 4607
4619, 4642
4619, 4643
4619, 4644
4620, 4621
4620, 4625
4620, 4626
4621, 4620
4621, 4622
4621, 4645
4622, 4621
4622, 4623
4622, 4646
4623, 4622
4623, 4624
4623, 4647
4624, 4623
4624, 4625
4624, 4648
4625, 4620
4625, 4624
4625, 4649
4626, 4620
4626, 4627
4627, 4626
4627, 4628
4627, 4650
4627, 4597
4628, 4627
4628, 4629
4628, 4598
4628, 4599
4629, 4628
4629, 4630
4629, 4600
4629, 4601
4630, 4614
4630, 4629
4630, 4602
4630, 4603
4631, 4611
4632, 4611
4633, 4612
4634, 4612
4635, 4613
4636, 4615
4637, 4616
4638, 4617
4639, 4618
4640, 4618
4641, 4618
4642, 4619
4643, 4619
4644, 4619
4645, 4621
4646, 4622
4647, 4623
4648, 4624
4649, 4625
4650, 4627
4597, 4627
4598, 4628
4599, 4628
4600, 4629
4601, 4629
4602, 4630
4603, 4630
4651, 4652
4651, 4656
4652, 4651
4652, 4653
4652, 4659
4653, 4652
4653, 4654
4654, 4653
4654, 4655
4654, 4665
4654, 4666
4655, 4654
4655, 4656
4655, 4657
4656, 4651
4656, 4655
4656, 4658
4657, 4655
4657, 4660
4657, 4664
4658, 4656
4658, 4668
4658, 4669
4659, 4652
4659, 4670
4659, 4671
4660, 4657
4660, 4661
4660, 4672
4661, 4660
4661, 4662
4661, 4673
4662, 4661
4662, 4663
4662, 4667
4663, 4662
4663, 4664
4663, 4674
4664, 4657
4664, 4663
4664, 4675
4665, 4654
4665, 4676
4665, 4677
4665, 4678
4666, 4654
4666, 4679
4666, 4680
4666, 4681
4667, 4662
4667, 4682
4667, 4683
4668, 4658
4669, 4658
4670, 4659
4671, 4659
4672, 4660
4673, 4661
4674, 4663
4675, 4664
4676, 4665
4677, 4665
4678, 4665
4679, 4666
4680, 4666
4681, 4666
4682, 4667
4683, 4667
4684, 4685
4684, 4689
4685, 4684
4685, 4686
4685, 4692
4686, 4685
4686, 4687
4687, 4686
4687, 4688
4687, 4698
4687, 4699
4688, 4687
4688, 4689
4688, 4690
4689, 4684
4689, 4688
4689, 4691
4690, 4688
4690, 4693
4690, 4697
4691, 4689
4691, 4712
4691, 4713
4692, 4685
4692, 4714
4692, 4715
4693, 4690
4693, 4694
4693, 4716
4694, 4693
4694, 4695
4694, 4711
4695, 4694
4695, 4696
4695, 4710
4696, 4695
4696, 4697
4696, 4717
4697, 4690
4697, 4696
4697, 4718
4698, 4687
4698, 4719
4698, 4720
4698, 4721
4699, 4687
4699, 4722
4699, 4723
4699, 4724
4700, 4701
4700, 4710
4700, 4725
4700, 4726
4701, 4700
4701, 4702
4701, 4703
4702, 4701
4703, 4701
4703, 4704
4703, 4727
4704, 4703
4704, 4705
4704, 4709
4705, 4704
4705, 4706
4705, 4728
4706, 4705
4706, 4707
4706, 4729
4707, 4706
4707, 4708
4707, 4730
4708, 4707
4708, 4709
4708, 4731
4709, 4704
4709, 4708
4709, 4732
4710, 4695
4710, 4700
4711, 4694
4712, 4691
4713, 4691
4714, 4692
4715, 4692
4716, 4693
4717, 4696
4718, 4697
4719, 4698
4720, 4698
4721, 4698
4722, 4699
4723, 4699
4724, 4699
4725, 4700
4726, 4700
4727, 4703
4728, 4705
4729, 4706
4730, 4707
4731, 4708
4732, 4709
4742, 4743
4742, 4747
4743, 4742
4743, 4744
4743, 4750
4744, 4743
4744, 4745
4745, 4744
4745, 4746
4745, 4756
4745, 4757
4746, 4745
4746, 4747
4746, 4748
4747, 4742
4747, 4746
4747, 4749
4748, 4746
4748, 4751
4748, 4755
4749, 4747
4749, 4768
4749, 4769
4750, 4743
4750, 4770
4750, 4771
4751, 4748
4751, 4752
4751, 4772
4752, 4751
4752, 4753
4752, 4758
4753, 4752
4753, 4754
4753, 4773
4754, 4753
4754, 4755
4754, 4774
4755, 4748
4755, 4754
4755, 4775
4756, 4745
4756, 4776
4756, 4777
4756, 4778
4757, 4745
4757, 4779
4757, 4780
4757, 4733
4758, 4752
4758, 4759
4758, 4734
4758, 4735
4759, 4758
4759, 4760
4759, 4761
4760, 4759
4761, 4759
4761, 4762
4761, 4736
4762, 4761
4762, 4763
4762, 4767
4763, 4762
4763, 4764
4763, 4737
4764, 4763
4764, 4765
4764, 4738
4765, 4764
4765, 4766
4765, 4739
4766, 4765
4766, 4767
4766, 4740
4767, 4762
4767, 4766
4767, 4741
4768, 4749
4769, 4749
4770, 4750
4771, 4750
4772, 4751
4773, 4753
4774, 4754
4775, 4755
4776, 4756
4777, 4756
4778, 4756
4779, 4757
4780, 4757
4733, 4757
4734, 4758
4735, 4758
4736, 4761
4737, 4763
4738, 4764
4739, 4765
4740, 4766
4741, 4767
4781, 4782
4781, 4786
4782, 4781
4782, 4783
4782, 4789
4783, 4782
4783, 4784
4784, 4783
4784, 4785
4784, 4795
4784, 4796
4785, 4784
4785, 4786
4785, 4787
4786, 4781
4786, 4785
4786, 4788
4787, 4785
4787, 4790
4787, 4794
4788, 4786
4788, 4803
4788, 4804
4789, 4782
4789, 4805
4789, 4806
4790, 4787
4790, 4791
4790, 4807
4791, 4790
4791, 4792
4791, 4801
4792, 4791
4792, 4793
4792, 4799
4793, 4792
4793, 4794
4793, 4797
4794, 4787
4794, 4793
4794, 4808
4795, 4784
4795, 4809
4795, 4810
4795, 4811
4796, 4784
4796, 4812
4796, 4813
4796, 4814
4797, 4793
4797, 4798
4798, 4797
4798, 4815
4798, 4816
4798, 4817
4799, 4792
4799, 4800
4800, 4799
4800, 4818
4800, 4819
4800, 4820
4801, 4791
4801, 4802
4802, 4801
4802, 4821
4802, 4822
4802, 4823
4803, 4788
4804, 4788
4805, 4789
4806, 4789
4807, 4790
4808, 4794
4809, 4795
4810, 4795
4811, 4795
4812, 4796
4813, 4796
4814, 4796
4815, 4798
4816, 4798
4817, 4798
4818, 4800
4819, 4800
4820, 4800
4821, 4802
4822, 4802
4823, 4802
4824, 4825
4824, 4829
4825, 4824
4825, 4826
4825, 4832
4826, 4825
4826, 4827
4827, 4826
4827, 4828
4827, 4838
4827, 4839
4828, 4827
4828, 4829
4828, 4830
4829, 4824
4829, 4828
4829, 4831
4830, 4828
4830, 4833
4830, 4837
4831, 4829
4831, 4852
4831, 4853
4832, 4825
4832, 4854
4832, 4855
4833, 4830
4833, 4834
4833, 4856
4834, 4833
4834, 4835
4834, 4857
4835, 4834
4835, 4836
4835, 4840
4836, 4835
4836, 4837
4836, 4858
4837, 4830
4837, 4836
4837, 4859
4838, 4827
4838, 4860
4838, 4861
4838, 4862
4839, 4827
4839, 4863
4839, 4864
4839, 4865
4840, 4835
4840, 4841
4840, 4850
4840, 4866
4841, 4840
4841, 4842
4841, 4867
4841, 4868
4842, 4841
4842, 4843
4842, 4869
4842, 4870
4843, 4842
4843, 4844
4843, 4871
4843, 4872
4844, 4843
4844, 4845
4844, 4849
4845, 4844
4845, 4846
4845, 4873
4846, 4845
4846, 4847
4846, 4874
4847, 4846
4847, 4848
4847, 4875
4848, 4847
4848, 4849
4848, 4876
4849, 4844
4849, 4848
4849, 4877
4850, 4840
4850, 4851
4851, 4850
4852, 4831
4853, 4831
4854, 4832
4855, 4832
4856, 4833
4857, 4834
4858, 4836
4859, 4837
4860, 4838
4861, 4838
4862, 4838
4863, 4839
4864, 4839
4865, 4839
4866, 4840
4867, 4841
4868, 4841
4869, 4842
4870, 4842
4871, 4843
4872, 4843
4873, 4845
4874, 4846
4875, 4847
4876, 4848
4877, 4849
4893, 4894
4893, 4898
4894, 4893
4894, 4895
4894, 4901
4895, 4894
4895, 4896
4896, 4895
4896, 4897
4896, 4907
4896, 4908
4897, 4896
4897, 4898
4897, 4899
4898, 4893
4898, 4897
4898, 4900
4899, 4897
4899, 4902
4899, 4906
4900, 4898
4900, 4880
4900, 4881
4901, 4894
4901, 4882
4901, 4883
4902, 4899
4902, 4903
4902, 4884
4903, 4902
4903, 4904
4903, 4913
4904, 4903
4904, 4905
4904, 4885
4905, 4904
4905, 4906
4905, 4909
4906, 4899
4906, 4905
4906, 4886
4907, 4896
4907, 4887
4907, 4888
4907, 4889
4908, 4896
4908, 4890
4908, 4891
4908, 4892
4909, 4905
4909, 4910
4909, 4911
4909, 4912
4910, 4909
4911, 4909
4912, 4909
4913, 4903
4913, 4914
4913, 4878
4913, 4879
4914, 4913
4878, 4913
4879, 4913
4880, 4900
4881, 4900
4882, 4901
4883, 4901
4884, 4902
4885, 4904
4886, 4906
4887, 4907
4888, 4907
4889, 4907
4890, 4908
4891, 4908
4892, 4908
4915, 4916
4915, 4920
4916, 4915
4916, 4917
4916, 4923
4917, 4916
4917, 4918
4918, 4917
4918, 4919
4918, 4929
4918, 4930
4919, 4918
4919, 4920
4919, 4921
4920, 4915
4920, 4919
4920, 4922
4921, 4919
4921, 4924
4921, 4928
4922, 4920
4922, 4935
4922, 4936
4923, 4916
4923, 4937
4923, 4938
4924, 4921
4924, 4925
4924, 4939
4925, 4924
4925, 4926
4925, 4933
4926, 4925
4926, 4927
4926, 4940
4927, 4926
4927, 4928
4927, 4941
4928, 4921
4928, 4927
4928, 4931
4929, 4918
4929, 4942
4929, 4943
4929, 4944
4930, 4918
4930, 4945
4930, 4946
4930, 4947
4931, 4928
4931, 4932
4932, 4931
4932, 4948
4932, 4949
4932, 4950
4933, 4925
4933, 4934
4934, 4933
4934, 4951
4934, 4952
4934, 4953
4935, 4922
4936, 4922
4937, 4923
4938, 4923
4939, 4924
4940, 4926
4941, 4927
4942, 4929
4943, 4929
4944, 4929
4945, 4930
4946, 4930
4947, 4930
4948, 4932
4949, 4932
4950, 4932
4951, 4934
4952, 4934
4953, 4934
4954, 4955
4954, 4959
4955, 4954
4955, 4956
4955, 4962
4956, 4955
4956, 4957
4957, 4956
4957, 4958
4957, 4968
4957, 4969
4958, 4957
4958, 4959
4958, 4960
4959, 4954
4959, 4958
4959, 4961
4960, 4958
4960, 4963
4960, 4967
4961, 4959
4961, 4976
4961, 4977
4962, 4955
4962, 4978
4962, 4979
4963, 4960
4963, 4964
4963, 4980
4964, 4963
4964, 4965
4964, 4981
4965, 4964
4965, 4966
4965, 4974
4966, 4965
4966, 4967
4966, 4972
4967, 4960
4967, 4966
4967, 4970
4968, 4957
4968, 4982
4968, 4983
4968, 4984
4969, 4957
4969, 4985
4969, 4986
4969, 4987
4970, 4967
4970, 4971
4971, 4970
4971, 4988
4971, 4989
4971, 4990
4972, 4966
4972, 4973
4973, 4972
4973, 4991
4973, 4992
4973, 4993
4974, 4965
4974, 4975
4975, 4974
4975, 4994
4975, 4995
4975, 4996
4976, 4961
4977, 4961
4978, 4962
4979, 4962
4980, 4963
4981, 4964
4982, 4968
4983, 4968
4984, 4968
4985, 4969
4986, 4969
4987, 4969
4988, 4971
4989, 4971
4990, 4971
4991, 4973
4992, 4973
4993, 4973
4994, 4975
4995, 4975
4996, 4975
5005, 5006
5005, 5010
5006, 5005
5006, 5007
5006, 5013
5007, 5006
5007, 5008
5008, 5007
5008, 5009
5008, 5019
5008, 5020
5009, 5008
5009, 5010
5009, 5011
5010, 5005
5010, 5009
5010, 5012
5011, 5009
5011, 5014
5011, 5018
5012, 5010
5012, 5025
5012, 5026
5013, 5006
5013, 5027
5013, 5028
5014, 5011
5014, 5015
5014, 5029
5015, 5014
5015, 5016
5015, 5030
5016, 5015
5016, 5017
5016, 5023
5017, 5016
5017, 5018
5017, 5031
5018, 5011
5018, 5017
5018, 5021
5019, 5008
5019, 5032
5019, 5033
5019, 5034
5020, 5008
5020, 5035
5020, 4997
5020, 4998
5021, 5018
5021, 5022
5022, 5021
5022, 4999
5022, 5000
5022, 5001
5023, 5016
5023, 5024
5024, 5023
5024, 5002
5024, 5003
5024, 5004
5025, 5012
5026, 5012
5027, 5013
5028, 5013
5029, 5014
5030, 5015
5031, 5017
5032, 5019
5033, 5019
5034, 5019
5035, 5020
4997, 5020
4998, 5020
4999, 5022
5000, 5022
5001, 5022
5002, 5024
5003, 5024
5004, 5024
5036, 5037
5036, 5041
5037, 5036
5037, 5038
5037, 5044
5038, 5037
5038, 5039
5039, 5038
5039, 5040
5039, 5050
5039, 5051
5040, 5039
5040, 5041
5040, 5042
5041, 5036
5041, 5040
5041, 5043
5042, 5040
5042, 5045
5042, 5049
5043, 5041
5043, 5056
5043, 5057
5044, 5037
5044, 5058
5044, 5059
5045, 5042
5045, 5046
5045, 5060
5046, 5045
5046, 5047
5046, 5054
5047, 5046
5047, 5048
5047, 5061
5048, 5047
5048, 5049
5048, 5052
5049, 5042
5049, 5048
5049, 5062
5050, 5039
5050, 5063
5050, 5064
5050, 5065
5051, 5039
5051, 5066
5051, 5067
5051, 5068
5052, 5048
5052, 5053
5053, 5052
5053, 5069
5053, 5070
5053, 5071
5054, 5046
5054, 5055
5055, 5054
5055, 5072
5055, 5073
5055, 5074
5056, 5043
5057, 5043
5058, 5044
5059, 5044
5060, 5045
5061, 5047
5062, 5049
5063, 5050
5064, 5050
5065, 5050
5066, 5051
5067, 5051
5068, 5051
5069, 5053
5070, 5053
5071, 5053
5072, 5055
5073, 5055
5074, 5055
5075, 5076
5075, 5080
5076, 5075
5076, 5077
5076, 5087
5077, 5076
5077, 5078
5078, 5077
5078, 5079
5078, 5090
5079, 5078
5079, 5080
5079, 5081
5080, 5075
5080, 5079
5080, 5088
5081, 5079
5081, 5082
5081, 5086
5082, 5081
5082, 5083
5082, 5089
5083, 5082
5083, 5084
5083, 5093
5084, 5083
5084, 5085
5084, 5091
5085, 5084
5085, 5086
5085, 5094
5086, 5081
5086, 5085
5086, 5095
5087, 5076
5087, 5096
5087, 5097
5088, 5080
5088, 5098
5088, 5099
5089, 5082
5089, 5090
5089, 5100
5089, 5101
5090, 5078
5090, 5089
5090, 5102
5090, 5103
5091, 5084
5091, 5092
5092, 5091
5092, 5104
5092, 5105
5092, 5106
5093, 5083
5094, 5085
5095, 5086
5096, 5087
5097, 5087
5098, 5088
5099, 5088
5100, 5089
5101, 5089
5102, 5090
5103, 5090
5104, 5092
5105, 5092
5106, 5092
5118, 5119
5118, 5123
5119, 5118
5119, 5120
5119, 5130
5120, 5119
5120, 5121
5121, 5120
5121, 5122
5121, 5133
5122, 5121
5122, 5123
5122, 5124
5123, 5118
5123, 5122
5123, 5131
5124, 5122
5124, 5125
5124, 5129
5125, 5124
5125, 5126
5125, 5132
5126, 5125
5126, 5127
5126, 5136
5127, 5126
5127, 5128
5127, 5134
5128, 5127
5128, 5129
5128, 5135
5129, 5124
5129, 5128
5129, 5137
5130, 5119
5130, 5138
5130, 5139
5131, 5123
5131, 5140
5131, 5107
5132, 5125
5132, 5133
5132, 5108
5132, 5109
5133, 5121
5133, 5132
5133, 5110
5133, 5111
5134, 5127
5134, 5112
5134, 5113
5134, 5114
5135, 5128
5135, 5115
5135, 5116
5135, 5117
5136, 5126
5137, 5129
5138, 5130
5139, 5130
5140, 5131
5107, 5131
5108, 5132
5109, 5132
5110, 5133
5111, 5133
5112, 5134
5113, 5134
5114, 5134
5115, 5135
5116, 5135
5117, 5135
5141, 5142
5141, 5146
5142, 5141
5142, 5143
5142, 5153
5143, 5142
5143, 5144
5144, 5143
5144, 5145
5144, 5156
5145, 5144
5145, 5146
5145, 5147
5146, 5141
5146, 5145
5146, 5154
5147, 5145
5147, 5148
5147, 5152
5148, 5147
5148, 5149
5148, 5155
5149, 5148
5149, 5150
5149, 5158
5150, 5149
5150, 5151
5150, 5159
5151, 5150
5151, 5152
5151, 5157
5152, 5147
5152, 5151
5152, 5160
5153, 5142
5153, 5161
5153, 5162
5154, 5146
5154, 5163
5154, 5164
5155, 5148
5155, 5156
5155, 5165
5155, 5166
5156, 5144
5156, 5155
5156, 5167
5156, 5168
5157, 5151
5158, 5149
5159, 5150
5160, 5152
5161, 5153
5162, 5153
5163, 5154
5164, 5154
5165, 5155
5166, 5155
5167, 5156
5168, 5156
5169, 5170
5169, 5174
5170, 5169
5170, 5171
5170, 5181
5171, 5170
5171, 5172
5172, 5171
5172, 5173
5172, 5184
5173, 5172
5173, 5174
5173, 5175
5174, 5169
5174, 5173
5174, 5182
5175, 5173
5175, 5176
5175, 5180
5176, 5175
5176, 5177
5176, 5183
5177, 5176
5177, 5178
5177, 5186
5178, 5177
5178, 5179
5178, 5187
5179, 5178
5179, 5180
5179, 5185
5180, 5175
5180, 5179
5180, 5188
5181, 5170
5181, 5189
5181, 5190
5182, 5174
5182, 5191
5182, 5192
5183, 5176
5183, 5184
5183, 5193
5184, 5172
5184, 5183
5184, 5194
5185, 5179
5186, 5177
5187, 5178
5188, 5180
5189, 5181
5190, 5181
5191, 5182
5192, 5182
5193, 5183
5194, 5184
5195, 5196
5195, 5200
5196, 5195
5196, 5197
5196, 5207
5197, 5196
5197, 5198
5198, 5197
5198, 5199
5198, 5210
5199, 5198
5199, 5200
5199, 5201
5200, 5195
5200, 5199
5200, 5208
5201, 5199
5201, 5202
5201, 5206
5202, 5201
5202, 5203
5202, 5209
5203, 5202
5203, 5204
5203, 5212
5204, 5203
5204, 5205
5204, 5211
5205, 5204
5205, 5206
5205, 5213
5206, 5201
5206, 5205
5206, 5214
5207, 5196
5207, 5215
5207, 5216
5208, 5200
5208, 5217
5208, 5218
5209, 5202
5209, 5210
5209, 5219
5210, 5198
5210, 5209
5210, 5220
5211, 5204
5211, 5221
5211, 5222
5211, 5223
5212, 5203
5213, 5205
5214, 5206
5215, 5207
5216, 5207
5217, 5208
5218, 5208
5219, 5209
5220, 5210
5221, 5211
5222, 5211
5223, 5211
5224, 5225
5224, 5229
5225, 5224
5225, 5226
5225, 5239
5226, 5225
5226, 5227
5227, 5226
5227, 5228
5227, 5230
5228, 5227
5228, 5229
5228, 5233
5229, 5224
5229, 5228
5229, 5238
5230, 5227
5230, 5231
5231, 5230
5231, 5232
5231, 5240
5232, 5231
5232, 5233
5232, 5234
5233, 5228
5233, 5232
5233, 5237
5234, 5232
5234, 5235
5234, 5241
5234, 5242
5235, 5234
5235, 5236
5235, 5243
5235, 5244
5236, 5235
5236, 5237
5236, 5245
5236, 5246
5237, 5233
5237, 5236
5237, 5247
5237, 5248
5238, 5229
5238, 5249
5238, 5250
5239, 5225
5239, 5251
5239, 5252
5240, 5231
5240, 5253
5240, 5254
5240, 5255
5241, 5234
5242, 5234
5243, 5235
5244, 5235
5245, 5236
5246, 5236
5247, 5237
5248, 5237
5249, 5238
5250, 5238
5251, 5239
5252, 5239
5253, 5240
5254, 5240
5255, 5240
5289, 5290
5289, 5259
5290, 5289
5290, 5256
5290, 5269
5256, 5290
5256, 5257
5257, 5256
5257, 5258
5257, 5260
5258, 5257
5258, 5259
5258, 5263
5259, 5289
5259, 5258
5259, 5268
5260, 5257
5260, 5261
5261, 5260
5261, 5262
5261, 5270
5262, 5261
5262, 5263
5262, 5264
5263, 5258
5263, 5262
5263, 5267
5264, 5262
5264, 5265
5264, 5272
5264, 5273
5265, 5264
5265, 5266
5265, 5274
5265, 5275
5266, 5265
5266, 5267
5266, 5276
5266, 5277
5267, 5263
5267, 5266
5267, 5278
5267, 5279
5268, 5259
5268, 5280
5268, 5281
5269, 5290
5269, 5282
5269, 5283
5270, 5261
5270, 5271
5270, 5284
5270, 5285
5271, 5270
5271, 5286
5271, 5287
5271, 5288
5272, 5264
5273, 5264
5274, 5265
5275, 5265
5276, 5266
5277, 5266
5278, 5267
5279, 5267
5280, 5268
5281, 5268
5282, 5269
5283, 5269
5284, 5270
5285, 5270
5286, 5271
5287, 5271
5288, 5271
5291, 5292
5291, 5296
5292, 5291
5292, 5293
5292, 5306
5293, 5292
5293, 5294
5294, 5293
5294, 5295
5294, 5297
5295, 5294
5295, 5296
5295, 5300
5296, 5291
5296, 5295
5296, 5305
5297, 5294
5297, 5298
5298, 5297
5298, 5299
5298, 5307
5299, 5298
5299, 5300
5299, 5301
5300, 5295
5300, 5299
5300, 5304
5301, 5299
5301, 5302
5301, 5309
5301, 5310
5302, 5301
5302, 5303
5302, 5311
5302, 5312
5303, 5302
5303, 5304
5303, 5313
5303, 5314
5304, 5300
5304, 5303
5304, 5315
5304, 5316
5305, 5296
5305, 5317
5305, 5318
5306, 5292
5306, 5319
5306, 5320
5307, 5298
5307, 5308
5308, 5307
5308, 5321
5308, 5322
5308, 5323
5309, 5301
5310, 5301
5311, 5302
5312, 5302
5313, 5303
5314, 5303
5315, 5304
5316, 5304
5317, 5305
5318, 5305
5319, 5306
5320, 5306
5321, 5308
5322, 5308
5323, 5308
5324, 5325
5324, 5329
5325, 5324
5325, 5326
5325, 5339
5326, 5325
5326, 5327
5327, 5326
5327, 5328
5327, 5330
5328, 5327
5328, 5329
5328, 5333
5329, 5324
5329, 5328
5329, 5338
5330, 5327
5330, 5331
5331, 5330
5331, 5332
5331, 5340
5332, 5331
5332, 5333
5332, 5334
5333, 5328
5333, 5332
5333, 5337
5334, 5332
5334, 5335
5334, 5346
5334, 5347
5335, 5334
5335, 5336
5335, 5348
5335, 5349
5336, 5335
5336, 5337
5336, 5350
5336, 5351
5337, 5333
5337, 5336
5337, 5352
5337, 5353
5338, 5329
5338, 5354
5338, 5355
5339, 5325
5339, 5356
5339, 5357
5340, 5331
5340, 5341
5340, 5345
5341, 5340
5341, 5342
5341, 5358
5342, 5341
5342, 5343
5342, 5359
5343, 5342
5343, 5344
5343, 5360
5344, 5343
5344, 5345
5344, 5361
5345, 5340
5345, 5344
5345, 5362
5346, 5334
5347, 5334
5348, 5335
5349, 5335
5350, 5336
5351, 5336
5352, 5337
5353, 5337
5354, 5338
5355, 5338
5356, 5339
5357, 5339
5358, 5341
5359, 5342
5360, 5343
5361, 5344
5362, 5345
5369, 5370
5369, 5374
5370, 5369
5370, 5371
5370, 5384
5371, 5370
5371, 5372
5372, 5371
5372, 5373
5372, 5375
5373, 5372
5373, 5374
5373, 5378
5374, 5369
5374, 5373
5374, 5383
5375, 5372
5375, 5376
5376, 5375
5376, 5377
5376, 5385
5377, 5376
5377, 5378
5377, 5379
5378, 5373
5378, 5377
5378, 5382
5379, 5377
5379, 5380
5379, 5386
5379, 5387
5380, 5379
5380, 5381
5380, 5388
5380, 5389
5381, 5380
5381, 5382
5381, 5390
5381, 5391
5382, 5378
5382, 5381
5382, 5363
5382, 5364
5383, 5374
5383, 5365
5383, 5366
5384, 5370
5384, 5367
5384, 5368
5385, 5376
5386, 5379
5387, 5379
5388, 5380
5389, 5380
5390, 5381
5391, 5381
5363, 5382
5364, 5382
5365, 5383
5366, 5383
5367, 5384
5368, 5384
5392, 5393
5392, 5397
5393, 5392
5393, 5394
5393, 5402
5394, 5393
5394, 5395
5395, 5394
5395, 5396
5395, 5398
5396, 5395
5396, 5397
5396, 5400
5397, 5392
5397, 5396
5397, 5401
5398, 5395
5398, 5399
5399, 5398
5399, 5400
5399, 5403
5400, 5396
5400, 5399
5400, 5406
5401, 5397
5401, 5414
5401, 5415
5402, 5393
5402, 5416
5402, 5417
5403, 5399
5403, 5404
5403, 5418
5403, 5419
5404, 5403
5404, 5405
5404, 5407
5405, 5404
5405, 5406
5405, 5420
5405, 5421
5406, 5400
5406, 5405
5406, 5422
5406, 5423
5407, 5404
5407, 5408
5407, 5424
5407, 5425
5408, 5407
5408, 5409
5408, 5413
5409, 5408
5409, 5410
5409, 5426
5410, 5409
5410, 5411
5410, 5427
5411, 5410
5411, 5412
5411, 5428
5412, 5411
5412, 5413
5412, 5429
5413, 5408
5413, 5412
5413, 5430
5414, 5401
5415, 5401
5416, 5402
5417, 5402
5418, 5403
5419, 5403
5420, 5405
5421, 5405
5422, 5406
5423, 5406
5424, 5407
5425, 5407
5426, 5409
5427, 5410
5428, 5411
5429, 5412
5430, 5413
5431, 5432
5431, 5436
5432, 5431
5432, 5433
5432, 5441
5433, 5432
5433, 5434
5434, 5433
5434, 5435
5434, 5437
5435, 5434
5435, 5436
5435, 5439
5436, 5431
5436, 5435
5436, 5440
5437, 5434
5437, 5438
5438, 5437
5438, 5439
5438, 5442
5439, 5435
5439, 5438
5439, 5445
5440, 5436
5440, 5459
5440, 5460
5441, 5432
5441, 5461
5441, 5462
5442, 5438
5442, 5443
5442, 5463
5442, 5464
5443, 5442
5443, 5444
5443, 5446
5444, 5443
5444, 5445
5444, 5465
5444, 5466
5445, 5439
5445, 5444
5445, 5467
5445, 5468
5446, 5443
5446, 5447
5446, 5469
5446, 5470
5447, 5446
5447, 5448
5447, 5452
5448, 5447
5448, 5449
5448, 5471
5449, 5448
5449, 5450
5449, 5457
5450, 5449
5450, 5451
5450, 5455
5451, 5450
5451, 5452
5451, 5453
5452, 5447
5452, 5451
5452, 5472
5453, 5451
5453, 5454
5454, 5453
5454, 5473
5454, 5474
5454, 5475
5455, 5450
5455, 5456
5456, 5455
5456, 5476
5456, 5477
5456, 5478
5457, 5449
5457, 5458
5458, 5457
5458, 5479
5458, 5480
5458, 5481
5459, 5440
5460, 5440
5461, 5441
5462, 5441
5463, 5442
5464, 5442
5465, 5444
5466, 5444
5467, 5445
5468, 5445
5469, 5446
5470, 5446
5471, 5448
5472, 5452
5473, 5454
5474, 5454
5475, 5454
5476, 5456
5477, 5456
5478, 5456
5479, 5458
5480, 5458
5481, 5458
5497, 5498
5497, 5502
5498, 5497
5498, 5499
5498, 5507
5499, 5498
5499, 5500
5500, 5499
5500, 5501
5500, 5503
5501, 5500
5501, 5502
5501, 5505
5502, 5497
5502, 5501
5502, 5506
5503, 5500
5503, 5504
5504, 5503
5504, 5505
5504, 5508
5505, 5501
5505, 5504
5505, 5511
5506, 5502
5506, 5523
5506, 5524
5507, 5498
5507, 5525
5507, 5526
5508, 5504
5508, 5509
5508, 5527
5508, 5528
5509, 5508
5509, 5510
5509, 5512
5510, 5509
5510, 5511
5510, 5482
5510, 5483
5511, 5505
5511, 5510
5511, 5484
5511, 5485
5512, 5509
5512, 5513
5512, 5486
5512, 5487
5513, 5512
5513, 5514
5513, 5518
5514, 5513
5514, 5515
5514, 5488
5515, 5514
5515, 5516
5515, 5521
5516, 5515
5516, 5517
5516, 5489
5517, 5516
5517, 5518
5517, 5519
5518, 5513
5518, 5517
5518, 5490
5519, 5517
5519, 5520
5520, 5519
5520, 5491
5520, 5492
5520, 5493
5521, 5515
5521, 5522
5522, 5521
5522, 5494
5522, 5495
5522, 5496
5523, 5506
5524, 5506
5525, 5507
5526, 5507
5527, 5508
5528, 5508
5482, 5510
5483, 5510
5484, 5511
5485, 5511
5486, 5512
5487, 5512
5488, 5514
5489, 5516
5490, 5518
5491, 5520
5492, 5520
5493, 5520
5494, 5522
5495, 5522
5496, 5522
5529, 5530
5529, 5534
5530, 5529
5530, 5531
5530, 5539
5531, 5530
5531, 5532
5532, 5531
5532, 5533
5532, 5535
5533, 5532
5533, 5534
5533, 5537
5534, 5529
5534, 5533
5534, 5538
5535, 5532
5535, 5536
5536, 5535
5536, 5537
5536, 5540
5537, 5533
5537, 5536
5537, 5543
5538, 5534
5538, 5563
5538, 5564
5539, 5530
5539, 5565
5539, 5566
5540, 5536
5540, 5541
5540, 5567
5540, 5568
5541, 5540
5541, 5542
5541, 5544
5542, 5541
5542, 5543
5542, 5569
5542, 5570
5543, 5537
5543, 5542
5543, 5571
5543, 5572
5544, 5541
5544, 5545
5544, 5573
5544, 5574
5545, 5544
5545, 5546
5545, 5550
5546, 5545
5546, 5547
5546, 5575
5547, 5546
5547, 5548
5547, 5576
5548, 5547
5548, 5549
5548, 5551
5549, 5548
5549, 5550
5549, 5577
5550, 5545
5550, 5549
5550, 5578
5551, 5548
5551, 5552
5551, 5553
5552, 5551
5553, 5551
5553, 5554
5553, 5579
5554, 5553
5554, 5555
5554, 5556
5554, 5580
5555, 5554
5555, 5557
5555, 5558
5556, 5554
5556, 5559
5556, 5581
5556, 5582
5557, 5555
5557, 5583
5558, 5555
5559, 5556
5559, 5560
5559, 5584
5559, 5585
5560, 5559
5560, 5561
5560, 5562
5561, 5560
5561, 5586
5562, 5560
5563, 5538
5564, 5538
5565, 5539
5566, 5539
5567, 5540
5568, 5540
5569, 5542
5570, 5542
5571, 5543
5572, 5543
5573, 5544
5574, 5544
5575, 5546
5576, 5547
5577, 5549
5578, 5550
5579, 5553
5580, 5554
5581, 5556
5582, 5556
5583, 5557
5584, 5559
5585, 5559
5586, 5561
5587, 5588
5587, 5592
5588, 5587
5588, 5589
5588, 5606
5589, 5588
5589, 5590
5590, 5589
5590, 5591
5590, 5593
5591, 5590
5591, 5592
5591, 5596
5592, 5587
5592, 5591
5592, 5605
5593, 5590
5593, 5594
5594, 5593
5594, 5595
5594, 5620
5595, 5594
5595, 5596
5595, 5597
5596, 5591
5596, 5595
5597, 5595
5597, 5598
5597, 5621
5597, 5622
5598, 5597
5598, 5599
5598, 5619
5599, 5598
5599, 5600
5599, 5604
5600, 5599
5600, 5601
5600, 5623
5601, 5600
5601, 5602
5601, 5624
5602, 5601
5602, 5603
5602, 5607
5603, 5602
5603, 5604
5603, 5625
5604, 5599
5604, 5603
5604, 5626
5605, 5592
5605, 5627
5605, 5628
5606, 5588
5606, 5629
5606, 5630
5607, 5602
5607, 5608
5607, 5609
5608, 5607
5609, 5607
5609, 5610
5609, 5631
5610, 5609
5610, 5611
5610, 5614
5610, 5632
5611, 5610
5611, 5612
5611, 5613
5612, 5611
5613, 5611
5613, 5633
5614, 5610
5614, 5615
5614, 5634
5614, 5635
5615, 5614
5615, 5616
5615, 5636
5615, 5637
5616, 5615
5616, 5617
5616, 5618
5617, 5616
5618, 5616
5618, 5638
5619, 5598
5619, 5639
5619, 5640
5619, 5641
5620, 5594
5621, 5597
5622, 5597
5623, 5600
5624, 5601
5625, 5603
5626, 5604
5627, 5605
5628, 5605
5629, 5606
5630, 5606
5631, 5609
5632, 5610
5633, 5613
5634, 5614
5635, 5614
5636, 5615
5637, 5615
5638, 5618
5639, 5619
5640, 5619
5641, 5619
5642, 5643
5642, 5647
5643, 5642
5643, 5644
5643, 5661
5644, 5643
5644, 5645
5645, 5644
5645, 5646
5645, 5648
5646, 5645
5646, 5647
5646, 5651
5647, 5642
5647, 5646
5647, 5660
5648, 5645
5648, 5649
5649, 5648
5649, 5650
5649, 5673
5650, 5649
5650, 5651
5650, 5652
5651, 5646
5651, 5650
5652, 5650
5652, 5653
5652, 5674
5652, 5675
5653, 5652
5653, 5654
5653, 5676
5654, 5653
5654, 5655
5654, 5659
5655, 5654
5655, 5656
5655, 5677
5656, 5655
5656, 5657
5656, 5678
5657, 5656
5657, 5658
5657, 5662
5658, 5657
5658, 5659
5658, 5679
5659, 5654
5659, 5658
5659, 5680
5660, 5647
5660, 5681
5660, 5682
5661, 5643
5661, 5683
5661, 5684
5662, 5657
5662, 5663
5662, 5664
5663, 5662
5664, 5662
5664, 5665
5664, 5685
5665, 5664
5665, 5666
5665, 5669
5665, 5686
5666, 5665
5666, 5667
5666, 5668
5667, 5666
5668, 5666
5668, 5687
5669, 5665
5669, 5670
5669, 5688
5669, 5689
5670, 5669
5670, 5671
5670, 5672
5671, 5670
5672, 5670
5672, 5690
5673, 5649
5674, 5652
5675, 5652
5676, 5653
5677, 5655
5678, 5656
5679, 5658
5680, 5659
5681, 5660
5682, 5660
5683, 5661
5684, 5661
5685, 5664
5686, 5665
5687, 5668
5688, 5669
5689, 5669
5690, 5672
5691, 5692
5691, 5696
5692, 5691
5692, 5693
5692, 5710
5693, 5692
5693, 5694
5694, 5693
5694, 5695
5694, 5697
5695, 5694
5695, 5696
5695, 5700
5696, 5691
5696, 5695
5696, 5709
5697, 5694
5697, 5698
5698, 5697
5698, 5699
5698, 5724
5699, 5698
5699, 5700
5699, 5701
5700, 5695
5700, 5699
5701, 5699
5701, 5702
5701, 5725
5701, 5726
5702, 5701
5702, 5703
5702, 5718
5703, 5702
5703, 5704
5703, 5708
5704, 5703
5704, 5705
5704, 5727
5705, 5704
5705, 5706
5705, 5728
5706, 5705
5706, 5707
5706, 5711
5707, 5706
5707, 5708
5707, 5729
5708, 5703
5708, 5707
5708, 5730
5709, 5696
5709, 5731
5709, 5732
5710, 5692
5710, 5733
5710, 5734
5711, 5706
5711, 5712
5711, 5713
5712, 5711
5713, 5711
5713, 5714
5713, 5735
5714, 5713
5714, 5715
5714, 5719
5714, 5736
5715, 5714
5715, 5716
5715, 5717
5716, 5715
5717, 5715
5717, 5737
5718, 5702
5718, 5738
5718, 5739
5718, 5740
5719, 5714
5719, 5720
5719, 5741
5719, 5742
5720, 5719
5720, 5721
5720, 5743
5720, 5744
5721, 5720
5721, 5722
5721, 5745
5721, 5746
5722, 5721
5722, 5723
5722, 5747
5722, 5748
5723, 5722
5723, 5749
5723, 5750
5724, 5698
5725, 5701
5726, 5701
5727, 5704
5728, 5705
5729, 5707
5730, 5708
5731, 5709
5732, 5709
5733, 5710
5734, 5710
5735, 5713
5736, 5714
5737, 5717
5738, 5718
5739, 5718
5740, 5718
5741, 5719
5742, 5719
5743, 5720
5744, 5720
5745, 5721
5746, 5721
5747, 5722
5748, 5722
5749, 5723
5750, 5723
5779, 5780
5779, 5784
5780, 5779
5780, 5781
5780, 5759
5781, 5780
5781, 5782
5782, 5781
5782, 5783
5782, 5785
5783, 5782
5783, 5784
5783, 5788
5784, 5779
5784, 5783
5784, 5758
5785, 5782
5785, 5786
5786, 5785
5786, 5787
5786, 5764
5787, 5786
5787, 5788
5787, 5789
5788, 5783
5788, 5787
5789, 5787
5789, 5751
5789, 5765
5789, 5766
5751, 5789
5751, 5752
5751, 5763
5752, 5751
5752, 5753
5752, 5757
5753, 5752
5753, 5754
5753, 5767
5754, 5753
5754, 5755
5754, 5768
5755, 5754
5755, 5756
5755, 5760
5756, 5755
5756, 5757
5756, 5769
5757, 5752
5757, 5756
5757, 5770
5758, 5784
5758, 5771
5758, 5772
5759, 5780
5759, 5773
5759, 5774
5760, 5755
5760, 5761
5760, 5762
5761, 5760
5762, 5760
5762, 5775
5763, 5751
5763, 5776
5763, 5777
5763, 5778
5764, 5786
5765, 5789
5766, 5789
5767, 5753
5768, 5754
5769, 5756
5770, 5757
5771, 5758
5772, 5758
5773, 5759
5774, 5759
5775, 5762
5776, 5763
5777, 5763
5778, 5763
5790, 5791
5790, 5795
5791, 5790
5791, 5792
5791, 5809
5792, 5791
5792, 5793
5793, 5792
5793, 5794
5793, 5796
5794, 5793
5794, 5795
5794, 5799
5795, 5790
5795, 5794
5795, 5808
5796, 5793
5796, 5797
5797, 5796
5797, 5798
5797, 5816
5798, 5797
5798, 5799
5798, 5800
5799, 5794
5799, 5798
5800, 5798
5800, 5801
5800, 5817
5800, 5818
5801, 5800
5801, 5802
5801, 5813
5802, 5801
5802, 5803
5802, 5807
5803, 5802
5803, 5804
5803, 5815
5804, 5803
5804, 5805
5804, 5819
5805, 5804
5805, 5806
5805, 5810
5806, 5805
5806, 5807
5806, 5820
5807, 5802
5807, 5806
5807, 5814
5808, 5795
5808, 5821
5808, 5822
5809, 5791
5809, 5823
5809, 5824
5810, 5805
5810, 5811
5810, 5812
5811, 5810
5812, 5810
5812, 5825
5813, 5801
5813, 5826
5813, 5827
5813, 5828
5814, 5807
5814, 5829
5814, 5830
5814, 5831
5815, 5803
5815, 5832
5815, 5833
5815, 5834
5816, 5797
5817, 5800
5818, 5800
5819, 5804
5820, 5806
5821, 5808
5822, 5808
5823, 5809
5824, 5809
5825, 5812
5826, 5813
5827, 5813
5828, 5813
5829, 5814
5830, 5814
5831, 5814
5832, 5815
5833, 5815
5834, 5815
5835, 5836
5835, 5840
5836, 5835
5836, 5837
5836, 5854
5837, 5836
5837, 5838
5838, 5837
5838, 5839
5838, 5841
5839, 5838
5839, 5840
5839, 5844
5840, 5835
5840, 5839
5840, 5853
5841, 5838
5841, 5842
5842, 5841
5842, 5843
5842, 5872
5843, 5842
5843, 5844
5843, 5845
5844, 5839
5844, 5843
5845, 5843
5845, 5846
5845, 5873
5845, 5874
5846, 5845
5846, 5847
5846, 5867
5847, 5846
5847, 5848
5847, 5852
5848, 5847
5848, 5849
5848, 5875
5849, 5848
5849, 5850
5849, 5876
5850, 5849
5850, 5851
5850, 5855
5851, 5850
5851, 5852
5851, 5877
5852, 5847
5852, 5851
5852, 5868
5853, 5840
5853, 5878
5853, 5879
5854, 5836
5854, 5880
5854, 5881
5855, 5850
5855, 5856
5855, 5857
5856, 5855
5857, 5855
5857, 5858
5857, 5882
5858, 5857
5858, 5859
5858, 5862
5858, 5883
5859, 5858
5859, 5860
5859, 5861
5860, 5859
5861, 5859
5861, 5884
5862, 5858
5862, 5863
5862, 5885
5862, 5886
5863, 5862
5863, 5864
5863, 5887
5863, 5888
5864, 5863
5864, 5865
5864, 5866
5865, 5864
5866, 5864
5866, 5889
5867, 5846
5867, 5890
5867, 5891
5867, 5892
5868, 5852
5868, 5869
5868, 5870
5868, 5871
5869, 5868
5870, 5868
5871, 5868
5872, 5842
5873, 5845
5874, 5845
5875, 5848
5876, 5849
5877, 5851
5878, 5853
5879, 5853
5880, 5854
5881, 5854
5882, 5857
5883, 5858
5884, 5861
5885, 5862
5886, 5862
5887, 5863
5888, 5863
5889, 5866
5890, 5867
5891, 5867
5892, 5867
5937, 5938
5937, 5942
5938, 5937
5938, 5939
5938, 5897
5939, 5938
5939, 5940
5940, 5939
5940, 5941
5940, 5943
5941, 5940
5941, 5942
5941, 5946
5942, 5937
5942, 5941
5942, 5896
5943, 5940
5943, 5944
5944, 5943
5944, 5945
5944, 5913
5945, 5944
5945, 5946
5945, 5947
5946, 5941
5946, 5945
5947, 5945
5947, 5948
5947, 5914
5947, 5915
5948, 5947
5948, 5949
5948, 5910
5949, 5948
5949, 5950
5949, 5895
5950, 5949
5950, 5951
5950, 5916
5951, 5950
5951, 5893
5951, 5917
5893, 5951
5893, 5894
5893, 5898
5894, 5893
5894, 5895
5894, 5918
5895, 5949
5895, 5894
5895, 5911
5896, 5942
5896, 5919
5896, 5920
5897, 5938
5897, 5921
5897, 5922
5898, 5893
5898, 5899
5898, 5900
5899, 5898
5900, 5898
5900, 5901
5900, 5923
5901, 5900
5901, 5902
5901, 5905
5901, 5924
5902, 5901
5902, 5903
5902, 5904
5903, 5902
5904, 5902
5904, 5925
5905, 5901
5905, 5906
5905, 5926
5905, 5927
5906, 5905
5906, 5907
5906, 5928
5906, 5929
5907, 5906
5907, 5908
5907, 5909
5908, 5907
5909, 5907
5909, 5930
5910, 5948
5910, 5931
5910, 5932
5910, 5933
5911, 5895
5911, 5912
5912, 5911
5912, 5934
5912, 5935
5912, 5936
5913, 5944
5914, 5947
5915, 5947
5916, 5950
5917, 5951
5918, 5894
5919, 5896
5920, 5896
5921, 5897
5922, 5897
5923, 5900
5924, 5901
5925, 5904
5926, 5905
5927, 5905
5928, 5906
5929, 5906
5930, 5909
5931, 5910
5932, 5910
5933, 5910
5934, 5912
5935, 5912
5936, 5912
5952, 5953
5952, 5957
5953, 5952
5953, 5954
5953, 5971
5954, 5953
5954, 5955
5955, 5954
5955, 5956
5955, 5958
5956, 5955
5956, 5957
5956, 5961
5957, 5952
5957, 5956
5957, 5970
5958, 5955
5958, 5959
5959, 5958
5959, 5960
5959, 5986
5960, 5959
5960, 5961
5960, 5962
5961, 5956
5961, 5960
5962, 5960
5962, 5963
5962, 5987
5962, 5988
5963, 5962
5963, 5964
5963, 5984
5964, 5963
5964, 5965
5964, 5969
5965, 5964
5965, 5966
5965, 5989
5966, 5965
5966, 5967
5966, 5990
5967, 5966
5967, 5968
5967, 5972
5968, 5967
5968, 5969
5968, 5991
5969, 5964
5969, 5968
5969, 5992
5970, 5957
5970, 5993
5970, 5994
5971, 5953
5971, 5995
5971, 5996
5972, 5967
5972, 5973
5972, 5974
5973, 5972
5974, 5972
5974, 5975
5974, 5997
5975, 5974
5975, 5976
5975, 5979
5975, 5998
5976, 5975
5976, 5977
5976, 5978
5977, 5976
5978, 5976
5978, 5999
5979, 5975
5979, 5980
5979, 6000
5979, 6001
5980, 5979
5980, 5981
5980, 6002
5980, 6003
5981, 5980
5981, 5982
5981, 5983
5982, 5981
5983, 5981
5983, 6004
5984, 5963
5984, 5985
5984, 6005
5984, 6006
5985, 5984
5985, 6007
5985, 6008
5985, 6009
5986, 5959
5987, 5962
5988, 5962
5989, 5965
5990, 5966
5991, 5968
5992, 5969
5993, 5970
5994, 5970
5995, 5971
5996, 5971
5997, 5974
5998, 5975
5999, 5978
6000, 5979
6001, 5979
6002, 5980
6003, 5980
6004, 5983
6005, 5984
6006, 5984
6007, 5985
6008, 5985
6009, 5985
6021, 6022
6021, 6026
6022, 6021
6022, 6023
6022, 6040
6023, 6022
6023, 6024
6024, 6023
6024, 6025
6024, 6027
6025, 6024
6025, 6026
6025, 6030
6026, 6021
6026, 6025
6026, 6039
6027, 6024
6027, 6028
6028, 6027
6028, 6029
6028, 6044
6029, 6028
6029, 6030
6029, 6031
6030, 6025
6030, 6029
6031, 6029
6031, 6032
6031, 6045
6031, 6046
6032, 6031
6032, 6033
6032, 6010
6033, 6032
6033, 6034
6033, 6038
6034, 6033
6034, 6035
6034, 6011
6035, 6034
6035, 6036
6035, 6012
6036, 6035
6036, 6037
6036, 6041
6037, 6036
6037, 6038
6037, 6013
6038, 6033
6038, 6037
6038, 6014
6039, 6026
6039, 6015
6039, 6016
6040, 6022
6040, 6017
6040, 6018
6041, 6036
6041, 6042
6041, 6043
6042, 6041
6043, 6041
6043, 6019
6043, 6020
6044, 6028
6045, 6031
6046, 6031
6010, 6032
6011, 6034
6012, 6035
6013, 6037
6014, 6038
6015, 6039
6016, 6039
6017, 6040
6018, 6040
6019, 6043
6020, 6043
6047, 6048
6047, 6052
6048, 6047
6048, 6049
6048, 6066
6049, 6048
6049, 6050
6050, 6049
6050, 6051
6050, 6053
6051, 6050
6051, 6052
6051, 6056
6052, 6047
6052, 6051
6052, 6065
6053, 6050
6053, 6054
6054, 6053
6054, 6055
6054, 6068
6055, 6054
6055, 6056
6055, 6057
6056, 6051
6056, 6055
6057, 6055
6057, 6058
6057, 6069
6057, 6070
6058, 6057
6058, 6059
6058, 6067
6059, 6058
6059, 6060
6059, 6064
6060, 6059
6060, 6061
6060, 6071
6061, 6060
6061, 6062
6061, 6072
6062, 6061
6062, 6063
6062, 6073
6063, 6062
6063, 6064
6063, 6074
6064, 6059
6064, 6063
6064, 6075
6065, 6052
6065, 6076
6065, 6077
6066, 6048
6066, 6078
6066, 6079
6067, 6058
6067, 6080
6067, 6081
6067, 6082
6068, 6054
6069, 6057
6070, 6057
6071, 6060
6072, 6061
6073, 6062
6074, 6063
6075, 6064
6076, 6065
6077, 6065
6078, 6066
6079, 6066
6080, 6067
6081, 6067
6082, 6067
6083, 6084
6083, 6088
6084, 6083
6084, 6085
6084, 6102
6085, 6084
6085, 6086
6086, 6085
6086, 6087
6086, 6089
6087, 6086
6087, 6088
6087, 6092
6088, 6083
6088, 6087
6088, 6101
6089, 6086
6089, 6090
6090, 6089
6090, 6091
6090, 6107
6091, 6090
6091, 6092
6091, 6093
6092, 6087
6092, 6091
6093, 6091
6093, 6094
6093, 6108
6093, 6109
6094, 6093
6094, 6095
6094, 6110
6095, 6094
6095, 6096
6095, 6100
6096, 6095
6096, 6097
6096, 6111
6097, 6096
6097, 6098
6097, 6112
6098, 6097
6098, 6099
6098, 6103
6099, 6098
6099, 6100
6099, 6113
6100, 6095
6100, 6099
6100, 6114
6101, 6088
6101, 6115
6101, 6116
6102, 6084
6102, 6117
6102, 6118
6103, 6098
6103, 6104
6103, 6119
6104, 6103
6104, 6105
6104, 6106
6105, 6104
6106, 6104
6106, 6120
6106, 6121
6106, 6122
6107, 6090
6108, 6093
6109, 6093
6110, 6094
6111, 6096
6112, 6097
6113, 6099
6114, 6100
6115, 6101
6116, 6101
6117, 6102
6118, 6102
6119, 6103
6120, 6106
6121, 6106
6122, 6106
6123, 6124
6123, 6128
6124, 6123
6124, 6125
6124, 6142
6125, 6124
6125, 6126
6126, 6125
6126, 6127
6126, 6129
6127, 6126
6127, 6128
6127, 6132
6128, 6123
6128, 6127
6128, 6141
6129, 6126
6129, 6130
6130, 6129
6130, 6131
6130, 6146
6131, 6130
6131, 6132
6131, 6133
6132, 6127
6132, 6131
6133, 6131
6133, 6134
6133, 6147
6133, 6148
6134, 6133
6134, 6135
6134, 6149
6135, 6134
6135, 6136
6135, 6140
6136, 6135
6136, 6137
6136, 6150
6137, 6136
6137, 6138
6137, 6151
6138, 6137
6138, 6139
6138, 6143
6139, 6138
6139, 6140
6139, 6152
6140, 6135
6140, 6139
6140, 6153
6141, 6128
6141, 6154
6141, 6155
6142, 6124
6142, 6156
6142, 6157
6143, 6138
6143, 6144
6143, 6145
6144, 6143
6145, 6143
6145, 6158
6145, 6159
6145, 6160
6146, 6130
6147, 6133
6148, 6133
6149, 6134
6150, 6136
6151, 6137
6152, 6139
6153, 6140
6154, 6141
6155, 6141
6156, 6142
6157, 6142
6158, 6145
6159, 6145
6160, 6145
6201, 6202
6201, 6163
6202, 6201
6202, 6203
6202, 6177
6203, 6202
6203, 6161
6161, 6203
6161, 6162
6161, 6164
6162, 6161
6162, 6163
6162, 6167
6163, 6201
6163, 6162
6163, 6176
6164, 6161
6164, 6165
6165, 6164
6165, 6166
6165, 6183
6166, 6165
6166, 6167
6166, 6168
6167, 6162
6167, 6166
6168, 6166
6168, 6169
6168, 6184
6168, 6185
6169, 6168
6169, 6170
6169, 6186
6170, 6169
6170, 6171
6170, 6175
6171, 6170
6171, 6172
6171, 6187
6172, 6171
6172, 6173
6172, 6188
6173, 6172
6173, 6174
6173, 6178
6174, 6173
6174, 6175
6174, 6189
6175, 6170
6175, 6174
6175, 6190
6176, 6163
6176, 6191
6176, 6192
6177, 6202
6177, 6193
6177, 6194
6178, 6173
6178, 6179
6178, 6180
6179, 6178
6180, 6178
6180, 6181
6180, 6182
6181, 6180
6181, 6195
6181, 6196
6181, 6197
6182, 6180
6182, 6198
6182, 6199
6182, 6200
6183, 6165
6184, 6168
6185, 6168
6186, 6169
6187, 6171
6188, 6172
6189, 6174
6190, 6175
6191, 6176
6192, 6176
6193, 6177
6194, 6177
6195, 6181
6196, 6181
6197, 6181
6198, 6182
6199, 6182
6200, 6182
6204, 6205
6204, 6209
6205, 6204
6205, 6206
6205, 6223
6206, 6205
6206, 6207
6207, 6206
6207, 6208
6207, 6210
6208, 6207
6208, 6209
6208, 6213
6209, 6204
6209, 6208
6209, 6222
6210, 6207
6210, 6211
6211, 6210
6211, 6212
6211, 6230
6212, 6211
6212, 6213
6212, 6214
6213, 6208
6213, 6212
6214, 6212
6214, 6215
6214, 6231
6214, 6232
6215, 6214
6215, 6216
6215, 6233
6216, 6215
6216, 6217
6216, 6221
6217, 6216
6217, 6218
6217, 6234
6218, 6217
6218, 6219
6218, 6235
6219, 6218
6219, 6220
6219, 6224
6220, 6219
6220, 6221
6220, 6236
6221, 6216
6221, 6220
6221, 6237
6222, 6209
6222, 6238
6222, 6239
6223, 6205
6223, 6240
6223, 6241
6224, 6219
6224, 6225
6224, 6226
6225, 6224
6226, 6224
6226, 6229
6226, 6242
6227, 6228
6227, 6243
6227, 6244
6227, 6245
6228, 6227
6228, 6229
6228, 6246
6228, 6247
6229, 6226
6229, 6228
6229, 6248
6229, 6249
6230, 6211
6231, 6214
6232, 6214
6233, 6215
6234, 6217
6235, 6218
6236, 6220
6237, 6221
6238, 6222
6239, 6222
6240, 6223
6241, 6223
6242, 6226
6243, 6227
6244, 6227
6245, 6227
6246, 6228
6247, 6228
6248, 6229
6249, 6229
6250, 6251
6250, 6255
6251, 6250
6251, 6252
6251, 6269
6252, 6251
6252, 6253
6253, 6252
6253, 6254
6253, 6256
6254, 6253
6254, 6255
6254, 6259
6255, 6250
6255, 6254
6255, 6268
6256, 6253
6256, 6257
6257, 6256
6257, 6258
6257, 6270
6258, 6257
6258, 6259
6258, 6260
6259, 6254
6259, 6258
6260, 6258
6260, 6261
6260, 6271
6260, 6272
6261, 6260
6261, 6262
6262, 6261
6262, 6263
6262, 6267
6263, 6262
6263, 6264
6263, 6273
6264, 6263
6264, 6265
6264, 6274
6265, 6264
6265, 6266
6265, 6275
6266, 6265
6266, 6267
6266, 6276
6267, 6262
6267, 6266
6267, 6277
6268, 6255
6268, 6278
6268, 6279
6269, 6251
6269, 6280
6269, 6281
6270, 6257
6271, 6260
6272, 6260
6273, 6263
6274, 6264
6275, 6265
6276, 6266
6277, 6267
6278, 6268
6279, 6268
6280, 6269
6281, 6269
6311, 6312
6311, 6316
6312, 6311
6312, 6313
6312, 6291
6313, 6312
6313, 6314
6314, 6313
6314, 6315
6314, 6317
6315, 6314
6315, 6316
6315, 6320
6316, 6311
6316, 6315
6316, 6290
6317, 6314
6317, 6318
6318, 6317
6318, 6319
6318, 6296
6319, 6318
6319, 6320
6319, 6282
6320, 6315
6320, 6319
6282, 6319
6282, 6283
6282, 6297
6282, 6298
6283, 6282
6283, 6284
6283, 6299
6284, 6283
6284, 6285
6284, 6289
6285, 6284
6285, 6286
6285, 6300
6286, 6285
6286, 6287
6286, 6301
6287, 6286
6287, 6288
6287, 6302
6288, 6287
6288, 6289
6288, 6292
6289, 6284
6289, 6288
6289, 6295
6290, 6316
6290, 6303
6290, 6304
6291, 6312
6291, 6305
6291, 6306
6292, 6288
6292, 6293
6292, 6307
6293, 6292
6293, 6294
6293, 6308
6294, 6293
6294, 6295
6294, 6309
6295, 6289
6295, 6294
6295, 6310
6296, 6318
6297, 6282
6298, 6282
6299, 6283
6300, 6285
6301, 6286
6302, 6287
6303, 6290
6304, 6290
6305, 6291
6306, 6291
6307, 6292
6308, 6293
6309, 6294
6310, 6295
6321, 6322
6321, 6326
6322, 6321
6322, 6323
6322, 6340
6323, 6322
6323, 6324
6324, 6323
6324, 6325
6324, 6327
6325, 6324
6325, 6326
6325, 6330
6326, 6321
6326, 6325
6326, 6339
6327, 6324
6327, 6328
6328, 6327
6328, 6329
6328, 6345
6329, 6328
6329, 6330
6329, 6331
6330, 6325
6330, 6329
6331, 6329
6331, 6332
6331, 6346
6331, 6347
6332, 6331
6332, 6333
6333, 6332
6333, 6334
6333, 6338
6334, 6333
6334, 6335
6334, 6348
6335, 6334
6335, 6336
6335, 6349
6336, 6335
6336, 6337
6336, 6350
6337, 6336
6337, 6338
6337, 6341
6338, 6333
6338, 6337
6338, 6344
6339, 6326
6339, 6351
6339, 6352
6340, 6322
6340, 6353
6340, 6354
6341, 6337
6341, 6342
6341, 6355
6342, 6341
6342, 6343
6342, 6356
6343, 6342
6343, 6344
6343, 6357
6344, 6338
6344, 6343
6344, 6358
6345, 6328
6346, 6331
6347, 6331
6348, 6334
6349, 6335
6350, 6336
6351, 6339
6352, 6339
6353, 6340
6354, 6340
6355, 6341
6356, 6342
6357, 6343
6358, 6344
6359, 6360
6359, 6364
6360, 6359
6360, 6361
6360, 6378
6361, 6360
6361, 6362
6362, 6361
6362, 6363
6362, 6365
6363, 6362
6363, 6364
6363, 6368
6364, 6359
6364, 6363
6364, 6377
6365, 6362
6365, 6366
6366, 6365
6366, 6367
6366, 6380
6367, 6366
6367, 6368
6367, 6369
6368, 6363
6368, 6367
6369, 6367
6369, 6370
6369, 6381
6369, 6382
6370, 6369
6370, 6371
6371, 6370
6371, 6372
6371, 6376
6372, 6371
6372, 6373
6372, 6383
6373, 6372
6373, 6374
6373, 6384
6374, 6373
6374, 6375
6374, 6385
6375, 6374
6375, 6376
6375, 6379
6376, 6371
6376, 6375
6376, 6386
6377, 6364
6377, 6387
6377, 6388
6378, 6360
6378, 6389
6378, 6390
6379, 6375
6379, 6391
6379, 6392
6379, 6393
6380, 6366
6381, 6369
6382, 6369
6383, 6372
6384, 6373
6385, 6374
6386, 6376
6387, 6377
6388, 6377
6389, 6378
6390, 6378
6391, 6379
6392, 6379
6393, 6379
6403, 6404
6403, 6408
6404, 6403
6404, 6405
6404, 6422
6405, 6404
6405, 6406
6406, 6405
6406, 6407
6406, 6409
6407, 6406
6407, 6408
6407, 6412
6408, 6403
6408, 6407
6408, 6421
6409, 6406
6409, 6410
6410, 6409
6410, 6411
6410, 6424
6411, 6410
6411, 6412
6411, 6413
6412, 6407
6412, 6411
6413, 6411
6413, 6414
6413, 6425
6413, 6426
6414, 6413
6414, 6415
6415, 6414
6415, 6416
6415, 6420
6416, 6415
6416, 6417
6416, 6427
6417, 6416
6417, 6418
6417, 6428
6418, 6417
6418, 6419
6418, 6423
6419, 6418
6419, 6420
6419, 6394
6420, 6415
6420, 6419
6420, 6395
6421, 6408
6421, 6396
6421, 6397
6422, 6404
6422, 6398
6422, 6399
6423, 6418
6423, 6400
6423, 6401
6423, 6402
6424, 6410
6425, 6413
6426, 6413
6427, 6416
6428, 6417
6394, 6419
6395, 6420
6396, 6421
6397, 6421
6398, 6422
6399, 6422
6400, 6423
6401, 6423
6402, 6423
6429, 6430
6429, 6434
6430, 6429
6430, 6431
6430, 6448
6431, 6430
6431, 6432
6432, 6431
6432, 6433
6432, 6435
6433, 6432
6433, 6434
6433, 6438
6434, 6429
6434, 6433
6434, 6447
6435, 6432
6435, 6436
6436, 6435
6436, 6437
6436, 6451
6437, 6436
6437, 6438
6437, 6439
6438, 6433
6438, 6437
6439, 6437
6439, 6440
6439, 6452
6439, 6453
6440, 6439
6440, 6441
6441, 6440
6441, 6442
6441, 6446
6442, 6441
6442, 6443
6442, 6454
6443, 6442
6443, 6444
6443, 6455
6444, 6443
6444, 6445
6444, 6449
6445, 6444
6445, 6446
6445, 6456
6446, 6441
6446, 6445
6446, 6457
6447, 6434
6447, 6458
6447, 6459
6448, 6430
6448, 6460
6448, 6461
6449, 6444
6449, 6450
6450, 6449
6450, 6462
6450, 6463
6450, 6464
6451, 6436
6452, 6439
6453, 6439
6454, 6442
6455, 6443
6456, 6445
6457, 6446
6458, 6447
6459, 6447
6460, 6448
6461, 6448
6462, 6450
6463, 6450
6464, 6450
6465, 6466
6465, 6470
6466, 6465
6466, 6467
6466, 6484
6467, 6466
6467, 6468
6468, 6467
6468, 6469
6468, 6471
6469, 6468
6469, 6470
6469, 6474
6470, 6465
6470, 6469
6470, 6483
6471, 6468
6471, 6472
6472, 6471
6472, 6473
6472, 6489
6473, 6472
6473, 6474
6473, 6475
6474, 6469
6474, 6473
6475, 6473
6475, 6476
6475, 6490
6475, 6491
6476, 6475
6476, 6477
6477, 6476
6477, 6478
6477, 6482
6478, 6477
6478, 6479
6478, 6492
6479, 6478
6479, 6480
6479, 6493
6480, 6479
6480, 6481
6480, 6485
6481, 6480
6481, 6482
6481, 6487
6482, 6477
6482, 6481
6482, 6494
6483, 6470
6483, 6495
6483, 6496
6484, 6466
6484, 6497
6484, 6498
6485, 6480
6485, 6486
6486, 6485
6486, 6499
6486, 6500
6486, 6501
6487, 6481
6487, 6488
6488, 6487
6488, 6502
6488, 6503
6488, 6504
6489, 6472
6490, 6475
6491, 6475
6492, 6478
6493, 6479
6494, 6482
6495, 6483
6496, 6483
6497, 6484
6498, 6484
6499, 6486
6500, 6486
6501, 6486
6502, 6488
6503, 6488
6504, 6488
6505, 6506
6505, 6510
6506, 6505
6506, 6507
6506, 6524
6507, 6506
6507, 6508
6508, 6507
6508, 6509
6508, 6511
6509, 6508
6509, 6510
6509, 6514
6510, 6505
6510, 6509
6510, 6523
6511, 6508
6511, 6512
6512, 6511
6512, 6513
6512, 6526
6513, 6512
6513, 6514
6513, 6515
6514, 6509
6514, 6513
6515, 6513
6515, 6516
6515, 6527
6515, 6528
6516, 6515
6516, 6517
6516, 6529
6517, 6516
6517, 6518
6517, 6522
6518, 6517
6518, 6519
6518, 6530
6519, 6518
6519, 6520
6519, 6531
6520, 6519
6520, 6521
6520, 6525
6521, 6520
6521, 6522
6521, 6532
6522, 6517
6522, 6521
6522, 6533
6523, 6510
6523, 6534
6523, 6535
6524, 6506
6524, 6536
6524, 6537
6525, 6520
6526, 6512
6527, 6515
6528, 6515
6529, 6516
6530, 6518
6531, 6519
6532, 6521
6533, 6522
6534, 6523
6535, 6523
6536, 6524
6537, 6524
6538, 6539
6538, 6543
6539, 6538
6539, 6540
6539, 6557
6540, 6539
6540, 6541
6541, 6540
6541, 6542
6541, 6544
6542, 6541
6542, 6543
6542, 6547
6543, 6538
6543, 6542
6543, 6556
6544, 6541
6544, 6545
6545, 6544
6545, 6546
6545, 6561
6546, 6545
6546, 6547
6546, 6548
6547, 6542
6547, 6546
6548, 6546
6548, 6549
6548, 6562
6548, 6563
6549, 6548
6549, 6550
6549, 6564
6550, 6549
6550, 6551
6550, 6555
6551, 6550
6551, 6552
6551, 6565
6552, 6551
6552, 6553
6552, 6559
6553, 6552
6553, 6554
6553, 6566
6554, 6553
6554, 6555
6554, 6567
6555, 6550
6555, 6554
6555, 6558
6556, 6543
6556, 6568
6556, 6569
6557, 6539
6557, 6570
6557, 6571
6558, 6555
6558, 6572
6558, 6573
6558, 6574
6559, 6552
6559, 6560
6560, 6559
6560, 6575
6560, 6576
6560, 6577
6561, 6545
6562, 6548
6563, 6548
6564, 6549
6565, 6551
6566, 6553
6567, 6554
6568, 6556
6569, 6556
6570, 6557
6571, 6557
6572, 6558
6573, 6558
6574, 6558
6575, 6560
6576, 6560
6577, 6560
6584, 6585
6584, 6589
6585, 6584
6585, 6586
6585, 6603
6586, 6585
6586, 6587
6587, 6586
6587, 6588
6587, 6590
6588, 6587
6588, 6589
6588, 6593
6589, 6584
6589, 6588
6589, 6602
6590, 6587
6590, 6591
6591, 6590
6591, 6592
6591, 6607
6592, 6591
6592, 6593
6592, 6594
6593, 6588
6593, 6592
6594, 6592
6594, 6595
6594, 6608
6594, 6609
6595, 6594
6595, 6596
6595, 6610
6596, 6595
6596, 6597
6596, 6601
6597, 6596
6597, 6598
6597, 6605
6598, 6597
6598, 6599
6598, 6611
6599, 6598
6599, 6600
6599, 6612
6600, 6599
6600, 6601
6600, 6613
6601, 6596
6601, 6600
6601, 6604
6602, 6589
6602, 6614
6602, 6615
6603, 6585
6603, 6616
6603, 6617
6604, 6601
6604, 6578
6604, 6579
6604, 6580
6605, 6597
6605, 6606
6606, 6605
6606, 6581
6606, 6582
6606, 6583
6607, 6591
6608, 6594
6609, 6594
6610, 6595
6611, 6598
6612, 6599
6613, 6600
6614, 6602
6615, 6602
6616, 6603
6617, 6603
6578, 6604
6579, 6604
6580, 6604
6581, 6606
6582, 6606
6583, 6606
6618, 6619
6618, 6623
6619, 6618
6619, 6620
6619, 6637
6620, 6619
6620, 6621
6621, 6620
6621, 6622
6621, 6624
6622, 6621
6622, 6623
6622, 6627
6623, 6618
6623, 6622
6623, 6636
6624, 6621
6624, 6625
6625, 6624
6625, 6626
6625, 6642
6626, 6625
6626, 6627
6626, 6628
6627, 6622
6627, 6626
6628, 6626
6628, 6629
6628, 6643
6628, 6644
6629, 6628
6629, 6630
6629, 6645
6630, 6629
6630, 6631
6630, 6635
6631, 6630
6631, 6632
6631, 6646
6632, 6631
6632, 6633
6632, 6638
6633, 6632
6633, 6634
6633, 6647
6634, 6633
6634, 6635
6634, 6648
6635, 6630
6635, 6634
6635, 6640
6636, 6623
6636, 6649
6636, 6650
6637, 6619
6637, 6651
6637, 6652
6638, 6632
6638, 6639
6639, 6638
6639, 6653
6639, 6654
6639, 6655
6640, 6635
6640, 6641
6641, 6640
6641, 6656
6641, 6657
6641, 6658
6642, 6625
6643, 6628
6644, 6628
6645, 6629
6646, 6631
6647, 6633
6648, 6634
6649, 6636
6650, 6636
6651, 6637
6652, 6637
6653, 6639
6654, 6639
6655, 6639
6656, 6641
6657, 6641
6658, 6641
6659, 6660
6659, 6664
6660, 6659
6660, 6661
6660, 6678
6661, 6660
6661, 6662
6662, 6661
6662, 6663
6662, 6665
6663, 6662
6663, 6664
6663, 6668
6664, 6659
6664, 6663
6664, 6677
6665, 6662
6665, 6666
6666, 6665
6666, 6667
6666, 6684
6667, 6666
6667, 6668
6667, 6669
6668, 6663
6668, 6667
6669, 6667
6669, 6670
6669, 6685
6669, 6686
6670, 6669
6670, 6671
6670, 6683
6671, 6670
6671, 6672
6671, 6676
6672, 6671
6672, 6673
6672, 6687
6673, 6672
6673, 6674
6673, 6679
6674, 6673
6674, 6675
6674, 6688
6675, 6674
6675, 6676
6675, 6689
6676, 6671
6676, 6675
6676, 6681
6677, 6664
6677, 6690
6677, 6691
6678, 6660
6678, 6692
6678, 6693
6679, 6673
6679, 6680
6680, 6679
6680, 6694
6680, 6695
6680, 6696
6681, 6676
6681, 6682
6682, 6681
6682, 6697
6682, 6698
6682, 6699
6683, 6670
6683, 6700
6683, 6701
6683, 6702
6684, 6666
6685, 6669
6686, 6669
6687, 6672
6688, 6674
6689, 6675
6690, 6677
6691, 6677
6692, 6678
6693, 6678
6694, 6680
6695, 6680
6696, 6680
6697, 6682
6698, 6682
6699, 6682
6700, 6683
6701, 6683
6702, 6683
6707, 6708
6707, 6712
6708, 6707
6708, 6709
6708, 6726
6709, 6708
6709, 6710
6710, 6709
6710, 6711
6710, 6713
6711, 6710
6711, 6712
6711, 6716
6712, 6707
6712, 6711
6712, 6725
6713, 6710
6713, 6714
6714, 6713
6714, 6715
6714, 6731
6715, 6714
6715, 6716
6715, 6717
6716, 6711
6716, 6715
6717, 6715
6717, 6718
6717, 6732
6717, 6733
6718, 6717
6718, 6719
6718, 6734
6719, 6718
6719, 6720
6719, 6724
6720, 6719
6720, 6721
6720, 6735
6721, 6720
6721, 6722
6721, 6727
6722, 6721
6722, 6723
6722, 6736
6723, 6722
6723, 6724
6723, 6729
6724, 6719
6724, 6723
6724, 6737
6725, 6712
6725, 6738
6725, 6739
6726, 6708
6726, 6740
6726, 6741
6727, 6721
6727, 6728
6728, 6727
6728, 6742
6728, 6743
6728, 6703
6729, 6723
6729, 6730
6730, 6729
6730, 6704
6730, 6705
6730, 6706
6731, 6714
6732, 6717
6733, 6717
6734, 6718
6735, 6720
6736, 6722
6737, 6724
6738, 6725
6739, 6725
6740, 6726
6741, 6726
6742, 6728
6743, 6728
6703, 6728
6704, 6730
6705, 6730
6706, 6730
6744, 6745
6744, 6749
6745, 6744
6745, 6746
6745, 6763
6746, 6745
6746, 6747
6747, 6746
6747, 6748
6747, 6750
6748, 6747
6748, 6749
6748, 6753
6749, 6744
6749, 6748
6749, 6762
6750, 6747
6750, 6751
6751, 6750
6751, 6752
6751, 6770
6752, 6751
6752, 6753
6752, 6754
6753, 6748
6753, 6752
6754, 6752
6754, 6755
6754, 6771
6754, 6772
6755, 6754
6755, 6756
6755, 6773
6756, 6755
6756, 6757
6756, 6761
6757, 6756
6757, 6758
6757, 6774
6758, 6757
6758, 6759
6758, 6764
6759, 6758
6759, 6760
6759, 6768
6760, 6759
6760, 6761
6760, 6766
6761, 6756
6761, 6760
6761, 6775
6762, 6749
6762, 6776
6762, 6777
6763, 6745
6763, 6778
6763, 6779
6764, 6758
6764, 6765
6765, 6764
6765, 6780
6765, 6781
6765, 6782
6766, 6760
6766, 6767
6767, 6766
6767, 6783
6767, 6784
6767, 6785
6768, 6759
6768, 6769
6769, 6768
6769, 6786
6769, 6787
6769, 6788
6770, 6751
6771, 6754
6772, 6754
6773, 6755
6774, 6757
6775, 6761
6776, 6762
6777, 6762
6778, 6763
6779, 6763
6780, 6765
6781, 6765
6782, 6765
6783, 6767
6784, 6767
6785, 6767
6786, 6769
6787, 6769
6788, 6769
6789, 6790
6789, 6794
6790, 6789
6790, 6791
6790, 6808
6791, 6790
6791, 6792
6792, 6791
6792, 6793
6792, 6795
6793, 6792
6793, 6794
6793, 6798
6794, 6789
6794, 6793
6794, 6807
6795, 6792
6795, 6796
6796, 6795
6796, 6797
6796, 6815
6797, 6796
6797, 6798
6797, 6799
6798, 6793
6798, 6797
6799, 6797
6799, 6800
6799, 6816
6799, 6817
6800, 6799
6800, 6801
6800, 6818
6801, 6800
6801, 6802
6801, 6806
6802, 6801
6802, 6803
6802, 6819
6803, 6802
6803, 6804
6803, 6809
6804, 6803
6804, 6805
6804, 6820
6805, 6804
6805, 6806
6805, 6821
6806, 6801
6806, 6805
6806, 6813
6807, 6794
6807, 6822
6807, 6823
6808, 6790
6808, 6824
6808, 6825
6809, 6803
6809, 6810
6809, 6811
6809, 6812
6810, 6809
6811, 6809
6812, 6809
6813, 6806
6813, 6814
6814, 6813
6814, 6826
6814, 6827
6814, 6828
6815, 6796
6816, 6799
6817, 6799
6818, 6800
6819, 6802
6820, 6804
6821, 6805
6822, 6807
6823, 6807
6824, 6808
6825, 6808
6826, 6814
6827, 6814
6828, 6814
6830, 6831
6830, 6835
6831, 6830
6831, 6832
6831, 6849
6832, 6831
6832, 6833
6833, 6832
6833, 6834
6833, 6836
6834, 6833
6834, 6835
6834, 6839
6835, 6830
6835, 6834
6835, 6848
6836, 6833
6836, 6837
6837, 6836
6837, 6838
6837, 6856
6838, 6837
6838, 6839
6838, 6840
6839, 6834
6839, 6838
6840, 6838
6840, 6841
6840, 6857
6840, 6858
6841, 6840
6841, 6842
6841, 6859
6842, 6841
6842, 6843
6842, 6847
6843, 6842
6843, 6844
6843, 6860
6844, 6843
6844, 6845
6844, 6850
6845, 6844
6845, 6846
6845, 6861
6846, 6845
6846, 6847
6846, 6854
6847, 6842
6847, 6846
6847, 6862
6848, 6835
6848, 6863
6848, 6864
6849, 6831
6849, 6865
6849, 6866
6850, 6844
6850, 6851
6850, 6852
6850, 6853
6851, 6850
6852, 6850
6853, 6850
6854, 6846
6854, 6855
6855, 6854
6855, 6867
6855, 6868
6855, 6829
6856, 6837
6857, 6840
6858, 6840
6859, 6841
6860, 6843
6861, 6845
6862, 6847
6863, 6848
6864, 6848
6865, 6849
6866, 6849
6867, 6855
6868, 6855
6829, 6855
6869, 6870
6869, 6874
6870, 6869
6870, 6871
6870, 6888
6871, 6870
6871, 6872
6872, 6871
6872, 6873
6872, 6875
6873, 6872
6873, 6874
6873, 6878
6874, 6869
6874, 6873
6874, 6887
6875, 6872
6875, 6876
6876, 6875
6876, 6877
6876, 6893
6877, 6876
6877, 6878
6877, 6879
6878, 6873
6878, 6877
6879, 6877
6879, 6880
6879, 6894
6879, 6895
6880, 6879
6880, 6881
6880, 6896
6880, 6897
6881, 6880
6881, 6882
6881, 6886
6882, 6881
6882, 6883
6882, 6898
6883, 6882
6883, 6884
6883, 6899
6884, 6883
6884, 6885
6884, 6900
6885, 6884
6885, 6886
6885, 6889
6886, 6881
6886, 6885
6886, 6892
6887, 6874
6887, 6901
6887, 6902
6888, 6870
6888, 6903
6888, 6904
6889, 6885
6889, 6890
6889, 6905
6890, 6889
6890, 6891
6890, 6906
6891, 6890
6891, 6892
6891, 6907
6892, 6886
6892, 6891
6892, 6908
6893, 6876
6894, 6879
6895, 6879
6896, 6880
6897, 6880
6898, 6882
6899, 6883
6900, 6884
6901, 6887
6902, 6887
6903, 6888
6904, 6888
6905, 6889
6906, 6890
6907, 6891
6908, 6892
6909, 6910
6909, 6914
6910, 6909
6910, 6911
6910, 6928
6911, 6910
6911, 6912
6912, 6911
6912, 6913
6912, 6915
6913, 6912
6913, 6914
6913, 6918
6914, 6909
6914, 6913
6914, 6927
6915, 6912
6915, 6916
6916, 6915
6916, 6917
6916, 6933
6917, 6916
6917, 6918
6917, 6919
6918, 6913
6918, 6917
6919, 6917
6919, 6920
6919, 6934
6919, 6935
6920, 6919
6920, 6921
6920, 6936
6920, 6937
6921, 6920
6921, 6922
6921, 6926
6922, 6921
6922, 6923
6922, 6938
6923, 6922
6923, 6924
6923, 6931
6924, 6923
6924, 6925
6924, 6939
6925, 6924
6925, 6926
6925, 6940
6926, 6921
6926, 6925
6926, 6929
6927, 6914
6927, 6941
6927, 6942
6928, 6910
6928, 6943
6928, 6944
6929, 6926
6929, 6930
6930, 6929
6930, 6945
6930, 6946
6930, 6947
6931, 6923
6931, 6932
6932, 6931
6932, 6948
6932, 6949
6932, 6950
6933, 6916
6934, 6919
6935, 6919
6936, 6920
6937, 6920
6938, 6922
6939, 6924
6940, 6925
6941, 6927
6942, 6927
6943, 6928
6944, 6928
6945, 6930
6946, 6930
6947, 6930
6948, 6932
6949, 6932
6950, 6932
6951, 6952
6951, 6956
6952, 6951
6952, 6953
6952, 6969
6953, 6952
6953, 6954
6954, 6953
6954, 6955
6954, 6957
6955, 6954
6955, 6956
6955, 6960
6956, 6951
6956, 6955
6956, 6968
6957, 6954
6957, 6958
6958, 6957
6958, 6959
6958, 6973
6959, 6958
6959, 6960
6959, 6961
6960, 6955
6960, 6959
6961, 6959
6961, 6970
6961, 6974
6961, 6975
6962, 6963
6962, 6967
6962, 6971
6963, 6962
6963, 6964
6963, 6976
6964, 6963
6964, 6965
6964, 6977
6965, 6964
6965, 6966
6965, 6978
6966, 6965
6966, 6967
6966, 6979
6967, 6962
6967, 6966
6967, 6980
6968, 6956
6968, 6981
6968, 6982
6969, 6952
6969, 6983
6969, 6984
6970, 6961
6970, 6971
6971, 6962
6971, 6970
6971, 6972
6972, 6971
6973, 6958
6974, 6961
6975, 6961
6976, 6963
6977, 6964
6978, 6965
6979, 6966
6980, 6967
6981, 6968
6982, 6968
6983, 6969
6984, 6969
7010, 7011
7010, 7015
7011, 7010
7011, 7012
7011, 6993
7012, 7011
7012, 7013
7013, 7012
7013, 7014
7013, 7016
7014, 7013
7014, 7015
7014, 7019
7015, 7010
7015, 7014
7015, 6992
7016, 7013
7016, 7017
7017, 7016
7017, 7018
7017, 6996
7018, 7017
7018, 7019
7018, 7020
7019, 7014
7019, 7018
7020, 7018
7020, 6985
7020, 6997
7020, 6998
6985, 7020
6985, 6986
6986, 6985
6986, 6987
6986, 6991
6987, 6986
6987, 6988
6987, 6999
6988, 6987
6988, 6989
6988, 7000
6989, 6988
6989, 6990
6989, 7001
6990, 6989
6990, 6991
6990, 6994
6991, 6986
6991, 6990
6991, 7002
6992, 7015
6992, 7003
6992, 7004
6993, 7011
6993, 7005
6993, 7006
6994, 6990
6994, 6995
6995, 6994
6995, 7007
6995, 7008
6995, 7009
6996, 7017
6997, 7020
6998, 7020
6999, 6987
7000, 6988
7001, 6989
7002, 6991
7003, 6992
7004, 6992
7005, 6993
7006, 6993
7007, 6995
7008, 6995
7009, 6995
7021, 7022
7021, 7026
7022, 7021
7022, 7023
7022, 7039
7023, 7022
7023, 7024
7024, 7023
7024, 7025
7024, 7027
7025, 7024
7025, 7026
7025, 7030
7026, 7021
7026, 7025
7026, 7038
7027, 7024
7027, 7028
7028, 7027
7028, 7029
7028, 7044
7029, 7028
7029, 7030
7029, 7031
7030, 7025
7030, 7029
7031, 7029
7031, 7040
7031, 7045
7031, 7046
7032, 7033
7032, 7037
7032, 7043
7033, 7032
7033, 7034
7033, 7047
7034, 7033
7034, 7035
7034, 7048
7035, 7034
7035, 7036
7035, 7049
7036, 7035
7036, 7037
7036, 7050
7037, 7032
7037, 7036
7037, 7051
7038, 7026
7038, 7052
7038, 7053
7039, 7022
7039, 7054
7039, 7055
7040, 7031
7040, 7041
7041, 7040
7041, 7042
7041, 7043
7042, 7041
7043, 7032
7043, 7041
7043, 7056
7043, 7057
7044, 7028
7045, 7031
7046, 7031
7047, 7033
7048, 7034
7049, 7035
7050, 7036
7051, 7037
7052, 7038
7053, 7038
7054, 7039
7055, 7039
7056, 7043
7057, 7043
7058, 7059
7058, 7063
7059, 7058
7059, 7060
7059, 7076
7060, 7059
7060, 7061
7061, 7060
7061, 7062
7061, 7064
7062, 7061
7062, 7063
7062, 7067
7063, 7058
7063, 7062
7063, 7075
7064, 7061
7064, 7065
7065, 7064
7065, 7066
7065, 7081
7066, 7065
7066, 7067
7066, 7068
7067, 7062
7067, 7066
7068, 7066
7068, 7077
7068, 7082
7069, 7070
7069, 7074
7069, 7079
7070, 7069
7070, 7071
7070, 7083
7071, 7070
7071, 7072
7071, 7084
7072, 7071
7072, 7073
7072, 7085
7073, 7072
7073, 7074
7073, 7086
7074, 7069
7074, 7073
7074, 7087
7075, 7063
7075, 7088
7075, 7089
7076, 7059
7076, 7090
7076, 7091
7077, 7068
7077, 7078
7077, 7092
7078, 7077
7078, 7079
7078, 7080
7079, 7069
7079, 7078
7080, 7078
7081, 7065
7082, 7068
7083, 7070
7084, 7071
7085, 7072
7086, 7073
7087, 7074
7088, 7075
7089, 7075
7090, 7076
7091, 7076
7092, 7077
7093, 7094
7093, 7098
7094, 7093
7094, 7095
7094, 7105
7095, 7094
7095, 7096
7096, 7095
7096, 7097
7096, 7099
7097, 7096
7097, 7098
7097, 7102
7098, 7093
7098, 7097
7098, 7104
7099, 7096
7099, 7100
7100, 7099
7100, 7101
7100, 7106
7101, 7100
7101, 7102
7101, 7103
7102, 7097
7102, 7101
7103, 7101
7103, 7107
7103, 7108
7103, 7109
7104, 7098
7104, 7110
7104, 7111
7105, 7094
7105, 7112
7105, 7113
7106, 7100
7107, 7103
7108, 7103
7109, 7103
7110, 7104
7111, 7104
7112, 7105
7113, 7105
7165, 7166
7165, 7170
7166, 7165
7166, 7167
7166, 7123
7167, 7166
7167, 7168
7168, 7167
7168, 7169
7168, 7171
7169, 7168
7169, 7170
7169, 7174
7170, 7165
7170, 7169
7170, 7122
7171, 7168
7171, 7172
7172, 7171
7172, 7173
7172, 7141
7173, 7172
7173, 7174
7173, 7114
7174, 7169
7174, 7173
7114, 7173
7114, 7115
7114, 7142
7114, 7143
7115, 7114
7115, 7116
7115, 7136
7116, 7115
7116, 7117
7116, 7121
7117, 7116
7117, 7118
7117, 7144
7118, 7117
7118, 7119
7118, 7145
7119, 7118
7119, 7120
7119, 7124
7120, 7119
7120, 7121
7120, 7137
7121, 7116
7121, 7120
7121, 7140
7122, 7170
7122, 7146
7122, 7147
7123, 7166
7123, 7148
7123, 7149
7124, 7119
7124, 7125
7124, 7126
7125, 7124
7126, 7124
7126, 7127
7126, 7150
7127, 7126
7127, 7128
7127, 7131
7127, 7151
7128, 7127
7128, 7129
7128, 7130
7129, 7128
7130, 7128
7130, 7152
7131, 7127
7131, 7132
7131, 7153
7131, 7154
7132, 7131
7132, 7133
7132, 7155
7132, 7156
7133, 7132
7133, 7134
7133, 7135
7134, 7133
7135, 7133
7135, 7157
7136, 7115
7136, 7158
7136, 7159
7136, 7160
7137, 7120
7137, 7138
7137, 7161
7138, 7137
7138, 7139
7138, 7162
7139, 7138
7139, 7140
7139, 7163
7140, 7121
7140, 7139
7140, 7164
7141, 7172
7142, 7114
7143, 7114
7144, 7117
7145, 7118
7146, 7122
7147, 7122
7148, 7123
7149, 7123
7150, 7126
7151, 7127
7152, 7130
7153, 7131
7154, 7131
7155, 7132
7156, 7132
7157, 7135
7158, 7136
7159, 7136
7160, 7136
7161, 7137
7162, 7138
7163, 7139
7164, 7140
7175, 7176
7175, 7180
7176, 7175
7176, 7177
7176, 7187
7177, 7176
7177, 7178
7178, 7177
7178, 7179
7178, 7181
7179, 7178
7179, 7180
7179, 7184
7180, 7175
7180, 7179
7180, 7186
7181, 7178
7181, 7182
7182, 7181
7182, 7183
7182, 7208
7183, 7182
7183, 7184
7183, 7207
7184, 7179
7184, 7183
7185, 7189
7185, 7193
7185, 7207
7186, 7180
7186, 7209
7186, 7210
7187, 7176
7187, 7211
7187, 7212
7188, 7194
7188, 7198
7188, 7208
7189, 7185
7189, 7190
7189, 7213
7190, 7189
7190, 7191
7190, 7214
7191, 7190
7191, 7192
7191, 7199
7192, 7191
7192, 7193
7192, 7215
7193, 7185
7193, 7192
7193, 7216
7194, 7188
7194, 7195
7194, 7217
7195, 7194
7195, 7196
7195, 7218
7196, 7195
7196, 7197
7196, 7203
7197, 7196
7197, 7198
7197, 7219
7198, 7188
7198, 7197
7198, 7220
7199, 7191
7199, 7200
7199, 7221
7199, 7222
7200, 7199
7200, 7201
7200, 7223
7200, 7224
7201, 7200
7201, 7202
7201, 7225
7201, 7226
7202, 7201
7202, 7227
7202, 7228
7202, 7229
7203, 7196
7203, 7204
7203, 7230
7203, 7231
7204, 7203
7204, 7205
7204, 7232
7204, 7233
7205, 7204
7205, 7206
7205, 7234
7205, 7235
7206, 7205
7206, 7236
7206, 7237
7206, 7238
7207, 7183
7207, 7185
7207, 7239
7207, 7240
7208, 7182
7208, 7188
7208, 7241
7208, 7242
7209, 7186
7210, 7186
7211, 7187
7212, 7187
7213, 7189
7214, 7190
7215, 7192
7216, 7193
7217, 7194
7218, 7195
7219, 7197
7220, 7198
7221, 7199
7222, 7199
7223, 7200
7224, 7200
7225, 7201
7226, 7201
7227, 7202
7228, 7202
7229, 7202
7230, 7203
7231, 7203
7232, 7204
7233, 7204
7234, 7205
7235, 7205
7236, 7206
7237, 7206
7238, 7206
7239, 7207
7240, 7207
7241, 7208
7242, 7208
7292, 7243
7292, 7247
7243, 7292
7243, 7244
7243, 7254
7244, 7243
7244, 7245
7245, 7244
7245, 7246
7245, 7248
7246, 7245
7246, 7247
7246, 7251
7247, 7292
7247, 7246
7247, 7253
7248, 7245
7248, 7249
7249, 7248
7249, 7250
7249, 7275
7250, 7249
7250, 7251
7250, 7274
7251, 7246
7251, 7250
7252, 7256
7252, 7260
7252, 7274
7253, 7247
7253, 7276
7253, 7277
7254, 7243
7254, 7278
7254, 7279
7255, 7261
7255, 7265
7255, 7275
7256, 7252
7256, 7257
7256, 7280
7257, 7256
7257, 7258
7257, 7281
7258, 7257
7258, 7259
7258, 7282
7259, 7258
7259, 7260
7259, 7266
7260, 7252
7260, 7259
7260, 7283
7261, 7255
7261, 7262
7261, 7284
7262, 7261
7262, 7263
7262, 7270
7263, 7262
7263, 7264
7263, 7285
7264, 7263
7264, 7265
7264, 7286
7265, 7255
7265, 7264
7265, 7287
7266, 7259
7266, 7267
7266, 7268
7266, 7269
7267, 7266
7268, 7266
7269, 7266
7270, 7262
7270, 7271
7270, 7272
7270, 7273
7271, 7270
7272, 7270
7273, 7270
7274, 7250
7274, 7252
7274, 7288
7274, 7289
7275, 7249
7275, 7255
7275, 7290
7275, 7291
7276, 7253
7277, 7253
7278, 7254
7279, 7254
7280, 7256
7281, 7257
7282, 7258
7283, 7260
7284, 7261
7285, 7263
7286, 7264
7287, 7265
7288, 7274
7289, 7274
7290, 7275
7291, 7275
7293, 7294
7293, 7298
7294, 7293
7294, 7295
7294, 7305
7295, 7294
7295, 7296
7296, 7295
7296, 7297
7296, 7299
7297, 7296
7297, 7298
7297, 7302
7298, 7293
7298, 7297
7298, 7304
7299, 7296
7299, 7300
7300, 7299
7300, 7301
7300, 7320
7301, 7300
7301, 7302
7301, 7319
7302, 7297
7302, 7301
7303, 7307
7303, 7311
7303, 7319
7304, 7298
7304, 7321
7304, 7322
7305, 7294
7305, 7323
7305, 7324
7306, 7312
7306, 7316
7306, 7320
7307, 7303
7307, 7308
7307, 7325
7308, 7307
7308, 7309
7308, 7326
7309, 7308
7309, 7310
7309, 7318
7310, 7309
7310, 7311
7310, 7327
7311, 7303
7311, 7310
7311, 7328
7312, 7306
7312, 7313
7312, 7329
7313, 7312
7313, 7314
7313, 7330
7314, 7313
7314, 7315
7314, 7317
7315, 7314
7315, 7316
7315, 7331
7316, 7306
7316, 7315
7316, 7332
7317, 7314
7318, 7309
7319, 7301
7319, 7303
7319, 7333
7319, 7334
7320, 7300
7320, 7306
7320, 7335
7320, 7336
7321, 7304
7322, 7304
7323, 7305
7324, 7305
7325, 7307
7326, 7308
7327, 7310
7328, 7311
7329, 7312
7330, 7313
7331, 7315
7332, 7316
7333, 7319
7334, 7319
7335, 7320
7336, 7320
7337, 7338
7337, 7342
7338, 7337
7338, 7339
7338, 7348
7339, 7338
7339, 7340
7340, 7339
7340, 7341
7340, 7343
7341, 7340
7341, 7342
7341, 7346
7342, 7337
7342, 7341
7342, 7347
7343, 7340
7343, 7344
7344, 7343
7344, 7345
7344, 7363
7345, 7344
7345, 7346
7345, 7361
7346, 7341
7346, 7345
7347, 7342
7347, 7365
7347, 7366
7348, 7338
7348, 7367
7348, 7368
7349, 7351
7349, 7355
7349, 7362
7350, 7356
7350, 7360
7350, 7364
7351, 7349
7351, 7352
7351, 7369
7352, 7351
7352, 7353
7352, 7370
7353, 7352
7353, 7354
7353, 7371
7354, 7353
7354, 7355
7354, 7372
7355, 7349
7355, 7354
7355, 7373
7356, 7350
7356, 7357
7356, 7374
7357, 7356
7357, 7358
7357, 7375
7358, 7357
7358, 7359
7358, 7376
7359, 7358
7359, 7360
7359, 7377
7360, 7350
7360, 7359
7360, 7378
7361, 7345
7361, 7362
7361, 7379
7361, 7380
7362, 7349
7362, 7361
7362, 7381
7362, 7382
7363, 7344
7363, 7364
7363, 7383
7363, 7384
7364, 7350
7364, 7363
7364, 7385
7364, 7386
7365, 7347
7366, 7347
7367, 7348
7368, 7348
7369, 7351
7370, 7352
7371, 7353
7372, 7354
7373, 7355
7374, 7356
7375, 7357
7376, 7358
7377, 7359
7378, 7360
7379, 7361
7380, 7361
7381, 7362
7382, 7362
7383, 7363
7384, 7363
7385, 7364
7386, 7364
7387, 7388
7387, 7392
7388, 7387
7388, 7389
7388, 7398
7389, 7388
7389, 7390
7390, 7389
7390, 7391
7390, 7393
7391, 7390
7391, 7392
7391, 7396
7392, 7387
7392, 7391
7392, 7397
7393, 7390
7393, 7394
7394, 7393
7394, 7395
7394, 7415
7395, 7394
7395, 7396
7395, 7413
7396, 7391
7396, 7395
7397, 7392
7397, 7417
7397, 7418
7398, 7388
7398, 7419
7398, 7420
7399, 7401
7399, 7405
7399, 7411
7400, 7406
7400, 7410
7400, 7412
7401, 7399
7401, 7402
7401, 7421
7402, 7401
7402, 7403
7402, 7422
7403, 7402
7403, 7404
7403, 7423
7404, 7403
7404, 7405
7404, 7424
7405, 7399
7405, 7404
7405, 7425
7406, 7400
7406, 7407
7406, 7426
7407, 7406
7407, 7408
7407, 7427
7408, 7407
7408, 7409
7408, 7428
7409, 7408
7409, 7410
7409, 7429
7410, 7400
7410, 7409
7410, 7430
7411, 7399
7411, 7414
7411, 7431
7411, 7432
7412, 7400
7412, 7416
7412, 7433
7412, 7434
7413, 7395
7413, 7414
7413, 7435
7413, 7436
7414, 7411
7414, 7413
7414, 7437
7414, 7438
7415, 7394
7415, 7416
7415, 7439
7415, 7440
7416, 7412
7416, 7415
7416, 7441
7416, 7442
7417, 7397
7418, 7397
7419, 7398
7420, 7398
7421, 7401
7422, 7402
7423, 7403
7424, 7404
7425, 7405
7426, 7406
7427, 7407
7428, 7408
7429, 7409
7430, 7410
7431, 7411
7432, 7411
7433, 7412
7434, 7412
7435, 7413
7436, 7413
7437, 7414
7438, 7414
7439, 7415
7440, 7415
7441, 7416
7442, 7416
7486, 7487
7486, 7491
7487, 7486
7487, 7488
7487, 7498
7488, 7487
7488, 7489
7489, 7488
7489, 7490
7489, 7492
7490, 7489
7490, 7491
7490, 7495
7491, 7486
7491, 7490
7491, 7497
7492, 7489
7492, 7493
7493, 7492
7493, 7494
7493, 7455
7494, 7493
7494, 7495
7494, 7454
7495, 7490
7495, 7494
7496, 7444
7496, 7448
7496, 7454
7496, 7456
7497, 7491
7497, 7457
7497, 7458
7498, 7487
7498, 7459
7498, 7460
7443, 7449
7443, 7453
7443, 7455
7443, 7461
7444, 7496
7444, 7445
7444, 7462
7444, 7463
7445, 7444
7445, 7446
7445, 7464
7445, 7465
7446, 7445
7446, 7447
7446, 7466
7446, 7467
7447, 7446
7447, 7448
7447, 7468
7447, 7469
7448, 7496
7448, 7447
7448, 7470
7448, 7471
7449, 7443
7449, 7450
7449, 7472
7449, 7473
7450, 7449
7450, 7451
7450, 7474
7450, 7475
7451, 7450
7451, 7452
7451, 7476
7451, 7477
7452, 7451
7452, 7453
7452, 7478
7452, 7479
7453, 7443
7453, 7452
7453, 7480
7453, 7481
7454, 7494
7454, 7496
7454, 7482
7454, 7483
7455, 7493
7455, 7443
7455, 7484
7455, 7485
7456, 7496
7457, 7497
7458, 7497
7459, 7498
7460, 7498
7461, 7443
7462, 7444
7463, 7444
7464, 7445
7465, 7445
7466, 7446
7467, 7446
7468, 7447
7469, 7447
7470, 7448
7471, 7448
7472, 7449
7473, 7449
7474, 7450
7475, 7450
7476, 7451
7477, 7451
7478, 7452
7479, 7452
7480, 7453
7481, 7453
7482, 7454
7483, 7454
7484, 7455
7485, 7455
7499, 7500
7499, 7504
7500, 7499
7500, 7501
7500, 7511
7501, 7500
7501, 7502
7502, 7501
7502, 7503
7502, 7505
7503, 7502
7503, 7504
7503, 7508
7504, 7499
7504, 7503
7504, 7510
7505, 7502
7505, 7506
7506, 7505
7506, 7507
7506, 7514
7507, 7506
7507, 7508
7507, 7513
7508, 7503
7508, 7507
7509, 7513
7509, 7520
7509, 7524
7510, 7504
7510, 7533
7510, 7534
7511, 7500
7511, 7535
7511, 7536
7512, 7514
7512, 7515
7512, 7519
7513, 7507
7513, 7509
7513, 7537
7513, 7538
7514, 7506
7514, 7512
7514, 7539
7514, 7540
7515, 7512
7515, 7516
7515, 7541
7516, 7515
7516, 7517
7516, 7542
7517, 7516
7517, 7518
7517, 7529
7518, 7517
7518, 7519
7518, 7532
7519, 7512
7519, 7518
7519, 7543
7520, 7509
7520, 7521
7520, 7544
7521, 7520
7521, 7522
7521, 7545
7522, 7521
7522, 7523
7522, 7525
7523, 7522
7523, 7524
7523, 7528
7524, 7509
7524, 7523
7524, 7546
7525, 7522
7525, 7526
7525, 7547
7526, 7525
7526, 7527
7526, 7548
7527, 7526
7527, 7528
7527, 7549
7528, 7523
7528, 7527
7528, 7550
7529, 7517
7529, 7530
7529, 7551
7530, 7529
7530, 7531
7530, 7552
7531, 7530
7531, 7532
7531, 7553
7532, 7518
7532, 7531
7532, 7554
7533, 7510
7534, 7510
7535, 7511
7536, 7511
7537, 7513
7538, 7513
7539, 7514
7540, 7514
7541, 7515
7542, 7516
7543, 7519
7544, 7520
7545, 7521
7546, 7524
7547, 7525
7548, 7526
7549, 7527
7550, 7528
7551, 7529
7552, 7530
7553, 7531
7554, 7532
7556, 7557
7556, 7565
7557, 7556
7557, 7558
7557, 7575
7558, 7557
7558, 7559
7559, 7558
7559, 7560
7559, 7574
7560, 7559
7560, 7561
7560, 7565
7561, 7560
7561, 7562
7562, 7561
7562, 7563
7562, 7573
7563, 7562
7563, 7564
7563, 7566
7564, 7563
7564, 7565
7565, 7556
7565, 7560
7565, 7564
7566, 7563
7566, 7567
7566, 7576
7567, 7566
7567, 7568
7567, 7577
7568, 7567
7568, 7569
7568, 7573
7569, 7568
7569, 7570
7569, 7578
7570, 7569
7570, 7571
7570, 7579
7571, 7570
7571, 7572
7571, 7580
7572, 7571
7572, 7573
7572, 7581
7573, 7562
7573, 7568
7573, 7572
7574, 7559
7574, 7582
7574, 7583
7575, 7557
7575, 7584
7575, 7555
7576, 7566
7577, 7567
7578, 7569
7579, 7570
7580, 7571
7581, 7572
7582, 7574
7583, 7574
7584, 7575
7555, 7575
7585, 7586
7585, 7590
7586, 7585
7586, 7587
7586, 7596
7587, 7586
7587, 7588
7588, 7587
7588, 7589
7588, 7591
7589, 7588
7589, 7590
7589, 7594
7590, 7585
7590, 7589
7590, 7595
7591, 7588
7591, 7592
7592, 7591
7592, 7593
7592, 7601
7593, 7592
7593, 7594
7593, 7597
7594, 7589
7594, 7593
7595, 7590
7595, 7605
7595, 7606
7596, 7586
7596, 7607
7596, 7608
7597, 7593
7597, 7598
7597, 7609
7597, 7610
7598, 7597
7598, 7599
7598, 7600
7598, 7611
7599, 7598
7599, 7612
7599, 7613
7599, 7614
7600, 7598
7600, 7615
7600, 7616
7600, 7617
7601, 7592
7601, 7602
7601, 7618
7601, 7619
7602, 7601
7602, 7603
7602, 7604
7602, 7620
7603, 7602
7603, 7621
7603, 7622
7603, 7623
7604, 7602
7604, 7624
7604, 7625
7604, 7626
7605, 7595
7606, 7595
7607, 7596
7608, 7596
7609, 7597
7610, 7597
7611, 7598
7612, 7599
7613, 7599
7614, 7599
7615, 7600
7616, 7600
7617, 7600
7618, 7601
7619, 7601
7620, 7602
7621, 7603
7622, 7603
7623, 7603
7624, 7604
7625, 7604
7626, 7604
7627, 7628
7627, 7632
7628, 7627
7628, 7629
7628, 7638
7629, 7628
7629, 7630
7630, 7629
7630, 7631
7630, 7633
7631, 7630
7631, 7632
7631, 7636
7632, 7627
7632, 7631
7632, 7637
7633, 7630
7633, 7634
7634, 7633
7634, 7635
7634, 7642
7635, 7634
7635, 7636
7635, 7639
7636, 7631
7636, 7635
7637, 7632
7637, 7645
7637, 7646
7638, 7628
7638, 7647
7638, 7648
7639, 7635
7639, 7640
7639, 7641
7639, 7649
7640, 7639
7640, 7650
7640, 7651
7640, 7652
7641, 7639
7641, 7653
7641, 7654
7641, 7655
7642, 7634
7642, 7643
7642, 7644
7642, 7656
7643, 7642
7643, 7657
7643, 7658
7643, 7659
7644, 7642
7644, 7660
7644, 7661
7644, 7662
7645, 7637
7646, 7637
7647, 7638
7648, 7638
7649, 7639
7650, 7640
7651, 7640
7652, 7640
7653, 7641
7654, 7641
7655, 7641
7656, 7642
7657, 7643
7658, 7643
7659, 7643
7660, 7644
7661, 7644
7662, 7644
7663, 7664
7663, 7668
7664, 7663
7664, 7665
7664, 7674
7665, 7664
7665, 7666
7666, 7665
7666, 7667
7666, 7669
7667, 7666
7667, 7668
7667, 7672
7668, 7663
7668, 7667
7668, 7673
7669, 7666
7669, 7670
7670, 7669
7670, 7671
7670, 7677
7671, 7670
7671, 7672
7671, 7675
7672, 7667
7672, 7671
7673, 7668
7673, 7679
7673, 7680
7674, 7664
7674, 7681
7674, 7682
7675, 7671
7675, 7676
7675, 7683
7675, 7684
7676, 7675
7676, 7685
7676, 7686
7676, 7687
7677, 7670
7677, 7678
7677, 7688
7677, 7689
7678, 7677
7678, 7690
7678, 7691
7678, 7692
7679, 7673
7680, 7673
7681, 7674
7682, 7674
7683, 7675
7684, 7675
7685, 7676
7686, 7676
7687, 7676
7688, 7677
7689, 7677
7690, 7678
7691, 7678
7692, 7678
7722, 7723
7722, 7727
7723, 7722
7723, 7724
7723, 7733
7724, 7723
7724, 7725
7725, 7724
7725, 7726
7725, 7728
7726, 7725
7726, 7727
7726, 7731
7727, 7722
7727, 7726
7727, 7732
7728, 7725
7728, 7729
7729, 7728
7729, 7730
7729, 7735
7730, 7729
7730, 7731
7730, 7734
7731, 7726
7731, 7730
7732, 7727
7732, 7696
7732, 7697
7733, 7723
7733, 7698
7733, 7699
7734, 7730
7734, 7736
7734, 7700
7734, 7701
7735, 7729
7735, 7740
7735, 7702
7735, 7703
7736, 7734
7736, 7737
7736, 7704
7736, 7705
7737, 7736
7737, 7738
7737, 7706
7737, 7707
7738, 7737
7738, 7739
7738, 7708
7738, 7709
7739, 7738
7739, 7710
7739, 7711
7739, 7712
7740, 7735
7740, 7693
7740, 7713
7740, 7714
7693, 7740
7693, 7694
7693, 7715
7693, 7716
7694, 7693
7694, 7695
7694, 7717
7694, 7718
7695, 7694
7695, 7719
7695, 7720
7695, 7721
7696, 7732
7697, 7732
7698, 7733
7699, 7733
7700, 7734
7701, 7734
7702, 7735
7703, 7735
7704, 7736
7705, 7736
7706, 7737
7707, 7737
7708, 7738
7709, 7738
7710, 7739
7711, 7739
7712, 7739
7713, 7740
7714, 7740
7715, 7693
7716, 7693
7717, 7694
7718, 7694
7719, 7695
7720, 7695
7721, 7695
7741, 7742
7741, 7746
7742, 7741
7742, 7743
7742, 7752
7743, 7742
7743, 7744
7744, 7743
7744, 7745
7744, 7747
7745, 7744
7745, 7746
7745, 7750
7746, 7741
7746, 7745
7746, 7751
7747, 7744
7747, 7748
7748, 7747
7748, 7749
7748, 7754
7749, 7748
7749, 7750
7749, 7753
7750, 7745
7750, 7749
7751, 7746
7751, 7763
7751, 7764
7752, 7742
7752, 7765
7752, 7766
7753, 7749
7753, 7755
7753, 7759
7754, 7748
7754, 7762
7754, 7767
7754, 7768
7755, 7753
7755, 7756
7755, 7760
7756, 7755
7756, 7757
7756, 7769
7757, 7756
7757, 7758
7757, 7770
7758, 7757
7758, 7759
7758, 7771
7759, 7753
7759, 7758
7759, 7772
7760, 7755
7760, 7761
7761, 7760
7761, 7773
7761, 7774
7761, 7775
7762, 7754
7762, 7776
7762, 7777
7762, 7778
7763, 7751
7764, 7751
7765, 7752
7766, 7752
7767, 7754
7768, 7754
7769, 7756
7770, 7757
7771, 7758
7772, 7759
7773, 7761
7774, 7761
7775, 7761
7776, 7762
7777, 7762
7778, 7762
7828, 7829
7828, 7779
7829, 7828
7829, 7830
7829, 7785
7830, 7829
7830, 7831
7831, 7830
7831, 7832
7831, 7780
7832, 7831
7832, 7779
7832, 7783
7779, 7828
7779, 7832
7779, 7784
7780, 7831
7780, 7781
7781, 7780
7781, 7782
7781, 7792
7782, 7781
7782, 7783
7782, 7786
7783, 7832
7783, 7782
7784, 7779
7784, 7798
7784, 7799
7785, 7829
7785, 7800
7785, 7801
7786, 7782
7786, 7787
7786, 7802
7786, 7803
7787, 7786
7787, 7788
7787, 7804
7787, 7805
7788, 7787
7788, 7789
7788, 7806
7788, 7807
7789, 7788
7789, 7790
7789, 7808
7789, 7809
7790, 7789
7790, 7791
7790, 7810
7790, 7811
7791, 7790
7791, 7812
7791, 7813
7791, 7814
7792, 7781
7792, 7793
7792, 7815
7792, 7816
7793, 7792
7793, 7794
7793, 7817
7793, 7818
7794, 7793
7794, 7795
7794, 7819
7794, 7820
7795, 7794
7795, 7796
7795, 7821
7795, 7822
7796, 7795
7796, 7797
7796, 7823
7796, 7824
7797, 7796
7797, 7825
7797, 7826
7797, 7827
7798, 7784
7799, 7784
7800, 7785
7801, 7785
7802, 7786
7803, 7786
7804, 7787
7805, 7787
7806, 7788
7807, 7788
7808, 7789
7809, 7789
7810, 7790
7811, 7790
7812, 7791
7813, 7791
7814, 7791
7815, 7792
7816, 7792
7817, 7793
7818, 7793
7819, 7794
7820, 7794
7821, 7795
7822, 7795
7823, 7796
7824, 7796
7825, 7797
7826, 7797
7827, 7797
7833, 7834
7833, 7838
7834, 7833
7834, 7835
7834, 7845
7835, 7834
7835, 7836
7836, 7835
7836, 7837
7836, 7839
7837, 7836
7837, 7838
7837, 7842
7838, 7833
7838, 7837
7838, 7844
7839, 7836
7839, 7840
7840, 7839
7840, 7841
7840, 7861
7841, 7840
7841, 7842
7841, 7843
7842, 7837
7842, 7841
7843, 7841
7843, 7846
7843, 7862
7843, 7863
7844, 7838
7844, 7864
7844, 7865
7845, 7834
7845, 7866
7845, 7867
7846, 7843
7846, 7847
7846, 7850
7847, 7846
7847, 7848
7847, 7855
7848, 7847
7848, 7858
7848, 7859
7849, 7850
7849, 7851
7849, 7860
7850, 7846
7850, 7849
7850, 7854
7851, 7849
7851, 7852
7851, 7868
7852, 7851
7852, 7853
7852, 7869
7853, 7852
7853, 7854
7853, 7870
7854, 7850
7854, 7853
7854, 7871
7855, 7847
7855, 7856
7855, 7872
7856, 7855
7856, 7857
7856, 7873
7857, 7856
7857, 7858
7857, 7874
7858, 7848
7858, 7857
7858, 7875
7859, 7848
7859, 7860
7859, 7876
7859, 7877
7860, 7849
7860, 7859
7860, 7878
7860, 7879
7861, 7840
7862, 7843
7863, 7843
7864, 7844
7865, 7844
7866, 7845
7867, 7845
7868, 7851
7869, 7852
7870, 7853
7871, 7854
7872, 7855
7873, 7856
7874, 7857
7875, 7858
7876, 7859
7877, 7859
7878, 7860
7879, 7860
7880, 7881
7880, 7885
7881, 7880
7881, 7882
7881, 7892
7882, 7881
7882, 7883
7883, 7882
7883, 7884
7883, 7886
7884, 7883
7884, 7885
7884, 7889
7885, 7880
7885, 7884
7885, 7891
7886, 7883
7886, 7887
7887, 7886
7887, 7888
7887, 7906
7888, 7887
7888, 7889
7888, 7890
7889, 7884
7889, 7888
7890, 7888
7890, 7893
7890, 7907
7890, 7908
7891, 7885
7891, 7909
7891, 7910
7892, 7881
7892, 7911
7892, 7912
7893, 7890
7893, 7894
7893, 7897
7894, 7893
7894, 7895
7894, 7902
7895, 7894
7895, 7905
7895, 7913
7896, 7897
7896, 7898
7896, 7914
7897, 7893
7897, 7896
7897, 7901
7898, 7896
7898, 7899
7898, 7915
7899, 7898
7899, 7900
7899, 7916
7900, 7899
7900, 7901
7900, 7917
7901, 7897
7901, 7900
7901, 7918
7902, 7894
7902, 7903
7902, 7919
7903, 7902
7903, 7904
7903, 7920
7904, 7903
7904, 7905
7904, 7921
7905, 7895
7905, 7904
7905, 7922
7906, 7887
7907, 7890
7908, 7890
7909, 7891
7910, 7891
7911, 7892
7912, 7892
7913, 7895
7914, 7896
7915, 7898
7916, 7899
7917, 7900
7918, 7901
7919, 7902
7920, 7903
7921, 7904
7922, 7905
7923, 7924
7923, 7928
7924, 7923
7924, 7925
7924, 7935
7925, 7924
7925, 7926
7926, 7925
7926, 7927
7926, 7929
7927, 7926
7927, 7928
7927, 7932
7928, 7923
7928, 7927
7928, 7934
7929, 7926
7929, 7930
7930, 7929
7930, 7931
7930, 7950
7931, 7930
7931, 7932
7931, 7933
7932, 7927
7932, 7931
7933, 7931
7933, 7936
7933, 7951
7933, 7952
7934, 7928
7934, 7953
7934, 7954
7935, 7924
7935, 7955
7935, 7956
7936, 7933
7936, 7937
7936, 7940
7937, 7936
7937, 7938
7937, 7945
7938, 7937
7938, 7948
7938, 7949
7939, 7940
7939, 7941
7939, 7949
7940, 7936
7940, 7939
7940, 7944
7941, 7939
7941, 7942
7941, 7957
7942, 7941
7942, 7943
7942, 7958
7943, 7942
7943, 7944
7943, 7959
7944, 7940
7944, 7943
7944, 7960
7945, 7937
7945, 7946
7945, 7961
7946, 7945
7946, 7947
7946, 7962
7947, 7946
7947, 7948
7947, 7963
7948, 7938
7948, 7947
7948, 7964
7949, 7938
7949, 7939
7949, 7965
7949, 7966
7950, 7930
7951, 7933
7952, 7933
7953, 7934
7954, 7934
7955, 7935
7956, 7935
7957, 7941
7958, 7942
7959, 7943
7960, 7944
7961, 7945
7962, 7946
7963, 7947
7964, 7948
7965, 7949
7966, 7949
7967, 7968
7967, 7972
7968, 7967
7968, 7969
7968, 7979
7969, 7968
7969, 7970
7970, 7969
7970, 7971
7970, 7973
7971, 7970
7971, 7972
7971, 7976
7972, 7967
7972, 7971
7972, 7978
7973, 7970
7973, 7974
7974, 7973
7974, 7975
7974, 7993
7975, 7974
7975, 7976
7975, 7977
7976, 7971
7976, 7975
7977, 7975
7977, 7980
7977, 7994
7977, 7995
7978, 7972
7978, 7996
7978, 7997
7979, 7968
7979, 7998
7979, 7999
7980, 7977
7980, 7981
7980, 7984
7981, 7980
7981, 7982
7981, 7989
7982, 7981
7982, 7983
7982, 7992
7983, 7982
7983, 7984
7983, 7985
7984, 7980
7984, 7983
7984, 7988
7985, 7983
7985, 7986
7985, 8000
7986, 7985
7986, 7987
7986, 8001
7987, 7986
7987, 7988
7987, 8002
7988, 7984
7988, 7987
7988, 8003
7989, 7981
7989, 7990
7989, 8004
7990, 7989
7990, 7991
7990, 8005
7991, 7990
7991, 7992
7991, 8006
7992, 7982
7992, 7991
7992, 8007
7993, 7974
7994, 7977
7995, 7977
7996, 7978
7997, 7978
7998, 7979
7999, 7979
8000, 7985
8001, 7986
8002, 7987
8003, 7988
8004, 7989
8005, 7990
8006, 7991
8007, 7992
8008, 8009
8008, 8013
8009, 8008
8009, 8010
8009, 8020
8010, 8009
8010, 8011
8011, 8010
8011, 8012
8011, 8014
8012, 8011
8012, 8013
8012, 8017
8013, 8008
8013, 8012
8013, 8019
8014, 8011
8014, 8015
8015, 8014
8015, 8016
8015, 8036
8016, 8015
8016, 8017
8016, 8018
8017, 8012
8017, 8016
8018, 8016
8018, 8021
8018, 8037
8018, 8038
8019, 8013
8019, 8039
8019, 8040
8020, 8009
8020, 8041
8020, 8042
8021, 8018
8021, 8022
8021, 8025
8022, 8021
8022, 8023
8022, 8030
8023, 8022
8023, 8033
8023, 8035
8024, 8025
8024, 8026
8024, 8034
8025, 8021
8025, 8024
8025, 8029
8026, 8024
8026, 8027
8026, 8043
8027, 8026
8027, 8028
8027, 8044
8028, 8027
8028, 8029
8028, 8045
8029, 8025
8029, 8028
8029, 8046
8030, 8022
8030, 8031
8030, 8047
8031, 8030
8031, 8032
8031, 8048
8032, 8031
8032, 8033
8032, 8049
8033, 8023
8033, 8032
8033, 8050
8034, 8024
8034, 8035
8034, 8051
8035, 8023
8035, 8034
8035, 8052
8036, 8015
8037, 8018
8038, 8018
8039, 8019
8040, 8019
8041, 8020
8042, 8020
8043, 8026
8044, 8027
8045, 8028
8046, 8029
8047, 8030
8048, 8031
8049, 8032
8050, 8033
8051, 8034
8052, 8035
8053, 8054
8053, 8058
8054, 8053
8054, 8055
8054, 8064
8055, 8054
8055, 8056
8056, 8055
8056, 8057
8056, 8059
8057, 8056
8057, 8058
8057, 8062
8058, 8053
8058, 8057
8058, 8063
8059, 8056
8059, 8060
8060, 8059
8060, 8061
8060, 8067
8061, 8060
8061, 8062
8061, 8065
8062, 8057
8062, 8061
8063, 8058
8063, 8068
8063, 8069
8064, 8054
8064, 8070
8064, 8071
8065, 8061
8065, 8066
8065, 8072
8065, 8073
8066, 8065
8066, 8074
8067, 8060
8068, 8063
8069, 8063
8070, 8064
8071, 8064
8072, 8065
8073, 8065
8074, 8066
8120, 8121
8120, 8125
8121, 8120
8121, 8122
8121, 8085
8122, 8121
8122, 8123
8123, 8122
8123, 8124
8123, 8126
8124, 8123
8124, 8125
8124, 8075
8125, 8120
8125, 8124
8125, 8084
8126, 8123
8126, 8127
8126, 8098
8127, 8126
8127, 8128
8127, 8099
8128, 8127
8128, 8075
8128, 8076
8075, 8124
8075, 8128
8075, 8097
8076, 8128
8076, 8077
8076, 8100
8076, 8101
8077, 8076
8077, 8078
8077, 8102
8078, 8077
8078, 8079
8078, 8083
8079, 8078
8079, 8080
8079, 8103
8080, 8079
8080, 8081
8080, 8104
8081, 8080
8081, 8082
8081, 8086
8082, 8081
8082, 8083
8082, 8105
8083, 8078
8083, 8082
8083, 8106
8084, 8125
8084, 8107
8084, 8108
8085, 8121
8085, 8109
8085, 8110
8086, 8081
8086, 8087
8086, 8088
8087, 8086
8088, 8086
8088, 8089
8088, 8111
8089, 8088
8089, 8090
8089, 8093
8089, 8112
8090, 8089
8090, 8091
8090, 8092
8091, 8090
8092, 8090
8092, 8113
8093, 8089
8093, 8094
8093, 8114
8093, 8115
8094, 8093
8094, 8095
8094, 8096
8095, 8094
8096, 8094
8096, 8116
8097, 8075
8097, 8117
8097, 8118
8097, 8119
8098, 8126
8099, 8127
8100, 8076
8101, 8076
8102, 8077
8103, 8079
8104, 8080
8105, 8082
8106, 8083
8107, 8084
8108, 8084
8109, 8085
8110, 8085
8111, 8088
8112, 8089
8113, 8092
8114, 8093
8115, 8093
8116, 8096
8117, 8097
8118, 8097
8119, 8097
8129, 8130
8129, 8134
8130, 8129
8130, 8131
8130, 8148
8131, 8130
8131, 8132
8132, 8131
8132, 8133
8132, 8135
8133, 8132
8133, 8134
8133, 8138
8134, 8129
8134, 8133
8134, 8147
8135, 8132
8135, 8136
8135, 8156
8136, 8135
8136, 8137
8136, 8157
8137, 8136
8137, 8138
8137, 8139
8138, 8133
8138, 8137
8138, 8149
8139, 8137
8139, 8140
8139, 8158
8139, 8159
8140, 8139
8140, 8141
8140, 8160
8141, 8140
8141, 8142
8141, 8146
8142, 8141
8142, 8143
8142, 8161
8143, 8142
8143, 8144
8143, 8154
8144, 8143
8144, 8145
8144, 8152
8145, 8144
8145, 8146
8145, 8150
8146, 8141
8146, 8145
8146, 8162
8147, 8134
8147, 8163
8147, 8164
8148, 8130
8148, 8165
8148, 8166
8149, 8138
8149, 8167
8149, 8168
8149, 8169
8150, 8145
8150, 8151
8151, 8150
8151, 8170
8151, 8171
8151, 8172
8152, 8144
8152, 8153
8153, 8152
8153, 8173
8153, 8174
8153, 8175
8154, 8143
8154, 8155
8155, 8154
8155, 8176
8155, 8177
8155, 8178
8156, 8135
8157, 8136
8158, 8139
8159, 8139
8160, 8140
8161, 8142
8162, 8146
8163, 8147
8164, 8147
8165, 8148
8166, 8148
8167, 8149
8168, 8149
8169, 8149
8170, 8151
8171, 8151
8172, 8151
8173, 8153
8174, 8153
8175, 8153
8176, 8155
8177, 8155
8178, 8155
8203, 8204
8203, 8208
8204, 8203
8204, 8205
8204, 8222
8205, 8204
8205, 8206
8206, 8205
8206, 8207
8206, 8209
8207, 8206
8207, 8208
8207, 8212
8208, 8203
8208, 8207
8208, 8221
8209, 8206
8209, 8210
8209, 8179
8210, 8209
8210, 8211
8210, 8180
8211, 8210
8211, 8212
8211, 8213
8212, 8207
8212, 8211
8212, 8234
8213, 8211
8213, 8214
8213, 8181
8213, 8182
8214, 8213
8214, 8215
8214, 8183
8215, 8214
8215, 8216
8215, 8220
8216, 8215
8216, 8217
8216, 8184
8217, 8216
8217, 8218
8217, 8185
8218, 8217
8218, 8219
8218, 8223
8219, 8218
8219, 8220
8219, 8186
8220, 8215
8220, 8219
8220, 8187
8221, 8208
8221, 8188
8221, 8189
8222, 8204
8222, 8190
8222, 8191
8223, 8218
8223, 8224
8223, 8225
8224, 8223
8225, 8223
8225, 8226
8225, 8192
8226, 8225
8226, 8230
8226, 8235
8226, 8193
8227, 8228
8227, 8229
8227, 8235
8228, 8227
8229, 8227
8229, 8194
8230, 8226
8230, 8231
8230, 8195
8230, 8196
8231, 8230
8231, 8232
8231, 8233
8232, 8231
8233, 8231
8233, 8197
8234, 8212
8234, 8198
8234, 8199
8234, 8200
8235, 8226
8235, 8227
8235, 8201
8235, 8202
8179, 8209
8180, 8210
8181, 8213
8182, 8213
8183, 8214
8184, 8216
8185, 8217
8186, 8219
8187, 8220
8188, 8221
8189, 8221
8190, 8222
8191, 8222
8192, 8225
8193, 8226
8194, 8229
8195, 8230
8196, 8230
8197, 8233
8198, 8234
8199, 8234
8200, 8234
8201, 8235
8202, 8235
8236, 8237
8236, 8241
8237, 8236
8237, 8238
8237, 8255
8238, 8237
8238, 8239
8239, 8238
8239, 8240
8239, 8242
8240, 8239
8240, 8241
8240, 8245
8241, 8236
8241, 8240
8241, 8254
8242, 8239
8242, 8243
8242, 8269
8243, 8242
8243, 8244
8243, 8270
8244, 8243
8244, 8245
8244, 8246
8245, 8240
8245, 8244
8245, 8256
8246, 8244
8246, 8247
8246, 8271
8246, 8272
8247, 8246
8247, 8248
8247, 8273
8248, 8247
8248, 8249
8248, 8253
8249, 8248
8249, 8250
8249, 8274
8250, 8249
8250, 8251
8250, 8258
8251, 8250
8251, 8252
8251, 8257
8252, 8251
8252, 8253
8252, 8275
8253, 8248
8253, 8252
8253, 8276
8254, 8241
8254, 8277
8254, 8278
8255, 8237
8255, 8279
8255, 8280
8256, 8245
8256, 8281
8256, 8282
8256, 8283
8257, 8251
8258, 8250
8258, 8259
8258, 8260
8259, 8258
8260, 8258
8260, 8261
8260, 8284
8261, 8260
8261, 8262
8261, 8265
8261, 8285
8262, 8261
8262, 8263
8262, 8264
8263, 8262
8264, 8262
8264, 8286
8265, 8261
8265, 8266
8265, 8287
8265, 8288
8266, 8265
8266, 8267
8266, 8268
8267, 8266
8268, 8266
8268, 8289
8269, 8242
8270, 8243
8271, 8246
8272, 8246
8273, 8247
8274, 8249
8275, 8252
8276, 8253
8277, 8254
8278, 8254
8279, 8255
8280, 8255
8281, 8256
8282, 8256
8283, 8256
8284, 8260
8285, 8261
8286, 8264
8287, 8265
8288, 8265
8289, 8268
8297, 8298
8297, 8302
8298, 8297
8298, 8299
8298, 8316
8299, 8298
8299, 8300
8300, 8299
8300, 8301
8300, 8303
8301, 8300
8301, 8302
8301, 8306
8302, 8297
8302, 8301
8302, 8315
8303, 8300
8303, 8304
8303, 8330
8304, 8303
8304, 8305
8304, 8331
8305, 8304
8305, 8306
8305, 8307
8306, 8301
8306, 8305
8306, 8328
8307, 8305
8307, 8308
8307, 8332
8307, 8333
8308, 8307
8308, 8309
8308, 8334
8309, 8308
8309, 8310
8309, 8314
8310, 8309
8310, 8311
8310, 8335
8311, 8310
8311, 8312
8311, 8336
8312, 8311
8312, 8313
8312, 8317
8313, 8312
8313, 8314
8313, 8337
8314, 8309
8314, 8313
8314, 8338
8315, 8302
8315, 8339
8315, 8340
8316, 8298
8316, 8341
8316, 8342
8317, 8312
8317, 8318
8317, 8319
8318, 8317
8319, 8317
8319, 8320
8319, 8343
8320, 8319
8320, 8321
8320, 8324
8320, 8344
8321, 8320
8321, 8322
8321, 8323
8322, 8321
8323, 8321
8323, 8345
8324, 8320
8324, 8325
8324, 8346
8324, 8290
8325, 8324
8325, 8326
8325, 8327
8326, 8325
8327, 8325
8327, 8291
8328, 8306
8328, 8329
8328, 8292
8328, 8293
8329, 8328
8329, 8294
8329, 8295
8329, 8296
8330, 8303
8331, 8304
8332, 8307
8333, 8307
8334, 8308
8335, 8310
8336, 8311
8337, 8313
8338, 8314
8339, 8315
8340, 8315
8341, 8316
8342, 8316
8343, 8319
8344, 8320
8345, 8323
8346, 8324
8290, 8324
8291, 8327
8292, 8328
8293, 8328
8294, 8329
8295, 8329
8296, 8329
8347, 8348
8347, 8352
8348, 8347
8348, 8349
8348, 8365
8349, 8348
8349, 8350
8350, 8349
8350, 8351
8350, 8353
8351, 8350
8351, 8352
8351, 8356
8352, 8347
8352, 8351
8352, 8364
8353, 8350
8353, 8354
8353, 8371
8354, 8353
8354, 8355
8354, 8372
8355, 8354
8355, 8356
8355, 8357
8356, 8351
8356, 8355
8356, 8366
8357, 8355
8357, 8358
8357, 8373
8357, 8374
8358, 8357
8358, 8359
8358, 8363
8359, 8358
8359, 8360
8359, 8375
8360, 8359
8360, 8361
8360, 8369
8361, 8360
8361, 8362
8361, 8376
8362, 8361
8362, 8363
8362, 8367
8363, 8358
8363, 8362
8363, 8377
8364, 8352
8364, 8378
8364, 8379
8365, 8348
8365, 8380
8365, 8381
8366, 8356
8366, 8382
8366, 8383
8366, 8384
8367, 8362
8367, 8368
8368, 8367
8368, 8385
8368, 8386
8368, 8387
8369, 8360
8369, 8370
8370, 8369
8370, 8388
8370, 8389
8370, 8390
8371, 8353
8372, 8354
8373, 8357
8374, 8357
8375, 8359
8376, 8361
8377, 8363
8378, 8364
8379, 8364
8380, 8365
8381, 8365
8382, 8366
8383, 8366
8384, 8366
8385, 8368
8386, 8368
8387, 8368
8388, 8370
8389, 8370
8390, 8370
8391, 8392
8391, 8396
8392, 8391
8392, 8393
8392, 8409
8393, 8392
8393, 8394
8394, 8393
8394, 8395
8394, 8397
8395, 8394
8395, 8396
8395, 8400
8396, 8391
8396, 8395
8396, 8408
8397, 8394
8397, 8398
8397, 8416
8398, 8397
8398, 8399
8398, 8417
8399, 8398
8399, 8400
8399, 8401
8400, 8395
8400, 8399
8400, 8410
8401, 8399
8401, 8415
8401, 8418
8401, 8419
8402, 8403
8402, 8407
8402, 8415
8403, 8402
8403, 8404
8403, 8420
8404, 8403
8404, 8405
8404, 8411
8405, 8404
8405, 8406
8405, 8421
8406, 8405
8406, 8407
8406, 8422
8407, 8402
8407, 8406
8407, 8413
8408, 8396
8408, 8423
8408, 8424
8409, 8392
8409, 8425
8409, 8426
8410, 8400
8411, 8404
8411, 8412
8412, 8411
8412, 8427
8412, 8428
8412, 8429
8413, 8407
8413, 8414
8414, 8413
8414, 8430
8414, 8431
8414, 8432
8415, 8401
8415, 8402
8415, 8433
8416, 8397
8417, 8398
8418, 8401
8419, 8401
8420, 8403
8421, 8405
8422, 8406
8423, 8408
8424, 8408
8425, 8409
8426, 8409
8427, 8412
8428, 8412
8429, 8412
8430, 8414
8431, 8414
8432, 8414
8433, 8415
8447, 8448
8447, 8452
8448, 8447
8448, 8449
8448, 8465
8449, 8448
8449, 8450
8450, 8449
8450, 8451
8450, 8453
8451, 8450
8451, 8452
8451, 8456
8452, 8447
8452, 8451
8452, 8464
8453, 8450
8453, 8454
8453, 8474
8454, 8453
8454, 8455
8454, 8475
8455, 8454
8455, 8456
8455, 8457
8456, 8451
8456, 8455
8456, 8466
8457, 8455
8457, 8469
8457, 8476
8457, 8477
8458, 8459
8458, 8463
8458, 8469
8459, 8458
8459, 8460
8459, 8478
8460, 8459
8460, 8461
8460, 8467
8461, 8460
8461, 8462
8461, 8470
8462, 8461
8462, 8463
8462, 8472
8463, 8458
8463, 8462
8463, 8479
8464, 8452
8464, 8480
8464, 8434
8465, 8448
8465, 8435
8465, 8436
8466, 8456
8467, 8460
8467, 8468
8468, 8467
8468, 8437
8468, 8438
8468, 8439
8469, 8457
8469, 8458
8469, 8440
8470, 8461
8470, 8471
8471, 8470
8471, 8441
8471, 8442
8471, 8443
8472, 8462
8472, 8473
8473, 8472
8473, 8444
8473, 8445
8473, 8446
8474, 8453
8475, 8454
8476, 8457
8477, 8457
8478, 8459
8479, 8463
8480, 8464
8434, 8464
8435, 8465
8436, 8465
8437, 8468
8438, 8468
8439, 8468
8440, 8469
8441, 8471
8442, 8471
8443, 8471
8444, 8473
8445, 8473
8446, 8473
8481, 8482
8481, 8486
8482, 8481
8482, 8483
8482, 8499
8483, 8482
8483, 8484
8484, 8483
8484, 8485
8484, 8487
8485, 8484
8485, 8486
8485, 8490
8486, 8481
8486, 8485
8486, 8498
8487, 8484
8487, 8488
8487, 8509
8488, 8487
8488, 8489
8488, 8510
8489, 8488
8489, 8490
8489, 8491
8490, 8485
8490, 8489
8490, 8500
8491, 8489
8491, 8503
8491, 8511
8491, 8512
8492, 8493
8492, 8497
8492, 8503
8493, 8492
8493, 8494
8493, 8513
8494, 8493
8494, 8495
8494, 8501
8495, 8494
8495, 8496
8495, 8504
8496, 8495
8496, 8497
8496, 8506
8497, 8492
8497, 8496
8497, 8514
8498, 8486
8498, 8515
8498, 8516
8499, 8482
8499, 8517
8499, 8518
8500, 8490
8501, 8494
8501, 8502
8502, 8501
8502, 8519
8502, 8520
8502, 8521
8503, 8491
8503, 8492
8503, 8508
8504, 8495
8504, 8505
8505, 8504
8505, 8522
8505, 8523
8505, 8524
8506, 8496
8506, 8507
8507, 8506
8507, 8525
8507, 8526
8507, 8527
8508, 8503
8508, 8528
8508, 8529
8508, 8530
8509, 8487
8510, 8488
8511, 8491
8512, 8491
8513, 8493
8514, 8497
8515, 8498
8516, 8498
8517, 8499
8518, 8499
8519, 8502
8520, 8502
8521, 8502
8522, 8505
8523, 8505
8524, 8505
8525, 8507
8526, 8507
8527, 8507
8528, 8508
8529, 8508
8530, 8508
8555, 8556
8555, 8560
8556, 8555
8556, 8557
8556, 8573
8557, 8556
8557, 8558
8558, 8557
8558, 8559
8558, 8561
8559, 8558
8559, 8560
8559, 8564
8560, 8555
8560, 8559
8560, 8572
8561, 8558
8561, 8562
8561, 8535
8562, 8561
8562, 8563
8562, 8536
8563, 8562
8563, 8564
8563, 8565
8564, 8559
8564, 8563
8564, 8574
8565, 8563
8565, 8533
8565, 8537
8566, 8567
8566, 8571
8566, 8534
8567, 8566
8567, 8568
8567, 8538
8568, 8567
8568, 8569
8568, 8575
8569, 8568
8569, 8570
8569, 8539
8570, 8569
8570, 8571
8570, 8540
8571, 8566
8571, 8570
8571, 8531
8572, 8560
8572, 8541
8572, 8542
8573, 8556
8573, 8543
8573, 8544
8574, 8564
8575, 8568
8575, 8576
8576, 8575
8576, 8545
8576, 8546
8576, 8547
8531, 8571
8531, 8532
8532, 8531
8532, 8548
8532, 8549
8532, 8550
8533, 8565
8533, 8534
8533, 8551
8533, 8552
8534, 8566
8534, 8533
8534, 8553
8534, 8554
8535, 8561
8536, 8562
8537, 8565
8538, 8567
8539, 8569
8540, 8570
8541, 8572
8542, 8572
8543, 8573
8544, 8573
8545, 8576
8546, 8576
8547, 8576
8548, 8532
8549, 8532
8550, 8532
8551, 8533
8552, 8533
8553, 8534
8554, 8534
8577, 8578
8577, 8582
8578, 8577
8578, 8579
8578, 8595
8579, 8578
8579, 8580
8580, 8579
8580, 8581
8580, 8583
8581, 8580
8581, 8582
8581, 8586
8582, 8577
8582, 8581
8582, 8594
8583, 8580
8583, 8584
8583, 8604
8584, 8583
8584, 8585
8584, 8605
8585, 8584
8585, 8586
8585, 8587
8586, 8581
8586, 8585
8586, 8596
8587, 8585
8587, 8601
8587, 8606
8588, 8589
8588, 8593
8588, 8602
8589, 8588
8589, 8590
8589, 8607
8590, 8589
8590, 8591
8590, 8597
8591, 8590
8591, 8592
8591, 8608
8592, 8591
8592, 8593
8592, 8609
8593, 8588
8593, 8592
8593, 8599
8594, 8582
8594, 8610
8594, 8611
8595, 8578
8595, 8612
8595, 8613
8596, 8586
8597, 8590
8597, 8598
8598, 8597
8598, 8614
8598, 8615
8598, 8616
8599, 8593
8599, 8600
8600, 8599
8600, 8617
8600, 8618
8600, 8619
8601, 8587
8601, 8603
8601, 8620
8601, 8621
8602, 8588
8602, 8603
8602, 8622
8602, 8623
8603, 8601
8603, 8602
8603, 8624
8603, 8625
8604, 8583
8605, 8584
8606, 8587
8607, 8589
8608, 8591
8609, 8592
8610, 8594
8611, 8594
8612, 8595
8613, 8595
8614, 8598
8615, 8598
8616, 8598
8617, 8600
8618, 8600
8619, 8600
8620, 8601
8621, 8601
8622, 8602
8623, 8602
8624, 8603
8625, 8603
8668, 8669
8668, 8673
8669, 8668
8669, 8670
8669, 8636
8670, 8669
8670, 8671
8671, 8670
8671, 8672
8671, 8674
8672, 8671
8672, 8673
8672, 8627
8673, 8668
8673, 8672
8673, 8635
8674, 8671
8674, 8675
8674, 8646
8675, 8674
8675, 8626
8675, 8647
8626, 8675
8626, 8627
8626, 8628
8627, 8672
8627, 8626
8627, 8637
8628, 8626
8628, 8644
8628, 8648
8629, 8630
8629, 8634
8629, 8645
8630, 8629
8630, 8631
8630, 8649
8631, 8630
8631, 8632
8631, 8638
8632, 8631
8632, 8633
8632, 8640
8633, 8632
8633, 8634
8633, 8642
8634, 8629
8634, 8633
8634, 8650
8635, 8673
8635, 8651
8635, 8652
8636, 8669
8636, 8653
8636, 8654
8637, 8627
8638, 8631
8638, 8639
8639, 8638
8639, 8655
8639, 8656
8639, 8657
8640, 8632
8640, 8641
8641, 8640
8641, 8658
8641, 8659
8641, 8660
8642, 8633
8642, 8643
8643, 8642
8643, 8661
8643, 8662
8643, 8663
8644, 8628
8644, 8645
8644, 8664
8644, 8665
8645, 8629
8645, 8644
8645, 8666
8645, 8667
8646, 8674
8647, 8675
8648, 8628
8649, 8630
8650, 8634
8651, 8635
8652, 8635
8653, 8636
8654, 8636
8655, 8639
8656, 8639
8657, 8639
8658, 8641
8659, 8641
8660, 8641
8661, 8643
8662, 8643
8663, 8643
8664, 8644
8665, 8644
8666, 8645
8667, 8645
8676, 8677
8676, 8681
8677, 8676
8677, 8678
8677, 8694
8678, 8677
8678, 8679
8679, 8678
8679, 8680
8679, 8682
8680, 8679
8680, 8681
8680, 8685
8681, 8676
8681, 8680
8681, 8693
8682, 8679
8682, 8683
8682, 8705
8683, 8682
8683, 8684
8683, 8706
8684, 8683
8684, 8685
8684, 8686
8685, 8680
8685, 8684
8685, 8695
8686, 8684
8686, 8702
8686, 8707
8687, 8688
8687, 8692
8687, 8703
8688, 8687
8688, 8689
8688, 8708
8689, 8688
8689, 8690
8689, 8696
8690, 8689
8690, 8691
8690, 8698
8691, 8690
8691, 8692
8691, 8700
8692, 8687
8692, 8691
8692, 8709
8693, 8681
8693, 8710
8693, 8711
8694, 8677
8694, 8712
8694, 8713
8695, 8685
8696, 8689
8696, 8697
8697, 8696
8697, 8714
8697, 8715
8697, 8716
8698, 8690
8698, 8699
8699, 8698
8699, 8717
8699, 8718
8699, 8719
8700, 8691
8700, 8701
8701, 8700
8701, 8720
8701, 8721
8701, 8722
8702, 8686
8702, 8704
8702, 8723
8702, 8724
8703, 8687
8703, 8704
8703, 8725
8703, 8726
8704, 8702
8704, 8703
8704, 8727
8704, 8728
8705, 8682
8706, 8683
8707, 8686
8708, 8688
8709, 8692
8710, 8693
8711, 8693
8712, 8694
8713, 8694
8714, 8697
8715, 8697
8716, 8697
8717, 8699
8718, 8699
8719, 8699
8720, 8701
8721, 8701
8722, 8701
8723, 8702
8724, 8702
8725, 8703
8726, 8703
8727, 8704
8728, 8704
8746, 8747
8746, 8751
8747, 8746
8747, 8748
8747, 8764
8748, 8747
8748, 8749
8749, 8748
8749, 8750
8749, 8752
8750, 8749
8750, 8751
8750, 8755
8751, 8746
8751, 8750
8751, 8763
8752, 8749
8752, 8753
8752, 8774
8753, 8752
8753, 8754
8753, 8775
8754, 8753
8754, 8755
8754, 8756
8755, 8750
8755, 8754
8755, 8765
8756, 8754
8756, 8768
8756, 8773
8757, 8758
8757, 8762
8757, 8768
8758, 8757
8758, 8759
8758, 8776
8759, 8758
8759, 8760
8759, 8766
8760, 8759
8760, 8761
8760, 8769
8761, 8760
8761, 8762
8761, 8771
8762, 8757
8762, 8761
8762, 8777
8763, 8751
8763, 8778
8763, 8729
8764, 8747
8764, 8730
8764, 8731
8765, 8755
8766, 8759
8766, 8767
8767, 8766
8767, 8732
8767, 8733
8767, 8734
8768, 8756
8768, 8757
8768, 8735
8768, 8736
8769, 8760
8769, 8770
8770, 8769
8770, 8737
8770, 8738
8770, 8739
8771, 8761
8771, 8772
8772, 8771
8772, 8740
8772, 8741
8772, 8742
8773, 8756
8773, 8743
8773, 8744
8773, 8745
8774, 8752
8775, 8753
8776, 8758
8777, 8762
8778, 8763
8729, 8763
8730, 8764
8731, 8764
8732, 8767
8733, 8767
8734, 8767
8735, 8768
8736, 8768
8737, 8770
8738, 8770
8739, 8770
8740, 8772
8741, 8772
8742, 8772
8743, 8773
8744, 8773
8745, 8773
8779, 8780
8779, 8784
8780, 8779
8780, 8781
8780, 8798
8781, 8780
8781, 8782
8782, 8781
8782, 8783
8782, 8785
8783, 8782
8783, 8784
8783, 8788
8784, 8779
8784, 8783
8784, 8797
8785, 8782
8785, 8786
8785, 8803
8786, 8785
8786, 8787
8786, 8804
8787, 8786
8787, 8788
8787, 8789
8788, 8783
8788, 8787
8788, 8805
8789, 8787
8789, 8790
8789, 8806
8789, 8807
8790, 8789
8790, 8791
8790, 8808
8791, 8790
8791, 8792
8791, 8796
8792, 8791
8792, 8793
8792, 8809
8793, 8792
8793, 8794
8793, 8810
8794, 8793
8794, 8795
8794, 8811
8795, 8794
8795, 8796
8795, 8799
8796, 8791
8796, 8795
8796, 8802
8797, 8784
8797, 8812
8797, 8813
8798, 8780
8798, 8814
8798, 8815
8799, 8795
8799, 8800
8799, 8816
8800, 8799
8800, 8801
8800, 8817
8801, 8800
8801, 8802
8801, 8818
8802, 8796
8802, 8801
8802, 8819
8803, 8785
8804, 8786
8805, 8788
8806, 8789
8807, 8789
8808, 8790
8809, 8792
8810, 8793
8811, 8794
8812, 8797
8813, 8797
8814, 8798
8815, 8798
8816, 8799
8817, 8800
8818, 8801
8819, 8802
8820, 8821
8820, 8825
8821, 8820
8821, 8822
8821, 8839
8822, 8821
8822, 8823
8823, 8822
8823, 8824
8823, 8826
8824, 8823
8824, 8825
8824, 8829
8825, 8820
8825, 8824
8825, 8838
8826, 8823
8826, 8827
8826, 8841
8827, 8826
8827, 8828
8827, 8842
8828, 8827
8828, 8829
8828, 8830
8829, 8824
8829, 8828
8829, 8843
8830, 8828
8830, 8831
8830, 8844
8830, 8845
8831, 8830
8831, 8832
8831, 8846
8832, 8831
8832, 8833
8832, 8837
8833, 8832
8833, 8834
8833, 8847
8834, 8833
8834, 8835
8834, 8848
8835, 8834
8835, 8836
8835, 8840
8836, 8835
8836, 8837
8836, 8849
8837, 8832
8837, 8836
8837, 8850
8838, 8825
8838, 8851
8838, 8852
8839, 8821
8839, 8853
8839, 8854
8840, 8835
8841, 8826
8842, 8827
8843, 8829
8844, 8830
8845, 8830
8846, 8831
8847, 8833
8848, 8834
8849, 8836
8850, 8837
8851, 8838
8852, 8838
8853, 8839
8854, 8839
8870, 8871
8870, 8875
8871, 8870
8871, 8872
8871, 8889
8872, 8871
8872, 8873
8873, 8872
8873, 8874
8873, 8876
8874, 8873
8874, 8875
8874, 8879
8875, 8870
8875, 8874
8875, 8888
8876, 8873
8876, 8877
8876, 8892
8877, 8876
8877, 8878
8877, 8855
8878, 8877
8878, 8879
8878, 8880
8879, 8874
8879, 8878
8879, 8856
8880, 8878
8880, 8881
8880, 8857
8880, 8858
8881, 8880
8881, 8882
8881, 8859
8882, 8881
8882, 8883
8882, 8887
8883, 8882
8883, 8884
8883, 8860
8884, 8883
8884, 8885
8884, 8861
8885, 8884
8885, 8886
8885, 8890
8886, 8885
8886, 8887
8886, 8862
8887, 8882
8887, 8886
8887, 8891
8888, 8875
8888, 8863
8888, 8864
8889, 8871
8889, 8865
8889, 8866
8890, 8885
8891, 8887
8891, 8867
8891, 8868
8891, 8869
8892, 8876
8855, 8877
8856, 8879
8857, 8880
8858, 8880
8859, 8881
8860, 8883
8861, 8884
8862, 8886
8863, 8888
8864, 8888
8865, 8889
8866, 8889
8867, 8891
8868, 8891
8869, 8891
8893, 8894
8893, 8898
8894, 8893
8894, 8895
8894, 8911
8895, 8894
8895, 8896
8896, 8895
8896, 8897
8896, 8899
8897, 8896
8897, 8898
8897, 8902
8898, 8893
8898, 8897
8898, 8910
8899, 8896
8899, 8900
8899, 8917
8900, 8899
8900, 8901
8900, 8918
8901, 8900
8901, 8902
8901, 8903
8902, 8897
8902, 8901
8902, 8919
8903, 8901
8903, 8914
8903, 8920
8904, 8905
8904, 8909
8904, 8914
8905, 8904
8905, 8906
8905, 8921
8906, 8905
8906, 8907
8906, 8912
8907, 8906
8907, 8908
8907, 8922
8908, 8907
8908, 8909
8908, 8915
8909, 8904
8909, 8908
8909, 8923
8910, 8898
8910, 8924
8910, 8925
8911, 8894
8911, 8926
8911, 8927
8912, 8906
8912, 8913
8913, 8912
8913, 8928
8913, 8929
8913, 8930
8914, 8903
8914, 8904
8914, 8931
8914, 8932
8915, 8908
8915, 8916
8916, 8915
8916, 8933
8916, 8934
8916, 8935
8917, 8899
8918, 8900
8919, 8902
8920, 8903
8921, 8905
8922, 8907
8923, 8909
8924, 8910
8925, 8910
8926, 8911
8927, 8911
8928, 8913
8929, 8913
8930, 8913
8931, 8914
8932, 8914
8933, 8916
8934, 8916
8935, 8916
8952, 8953
8952, 8957
8953, 8952
8953, 8954
8953, 8970
8954, 8953
8954, 8955
8955, 8954
8955, 8956
8955, 8958
8956, 8955
8956, 8957
8956, 8961
8957, 8952
8957, 8956
8957, 8969
8958, 8955
8958, 8959
8958, 8976
8959, 8958
8959, 8960
8959, 8977
8960, 8959
8960, 8961
8960, 8962
8961, 8956
8961, 8960
8961, 8978
8962, 8960
8962, 8971
8962, 8936
8963, 8964
8963, 8968
8963, 8971
8964, 8963
8964, 8965
8964, 8937
8965, 8964
8965, 8966
8965, 8938
8966, 8965
8966, 8967
8966, 8974
8967, 8966
8967, 8968
8967, 8939
8968, 8963
8968, 8967
8968, 8972
8969, 8957
8969, 8940
8969, 8941
8970, 8953
8970, 8942
8970, 8943
8971, 8962
8971, 8963
8971, 8944
8971, 8945
8972, 8968
8972, 8973
8973, 8972
8973, 8946
8973, 8947
8973, 8948
8974, 8966
8974, 8975
8975, 8974
8975, 8949
8975, 8950
8975, 8951
8976, 8958
8977, 8959
8978, 8961
8936, 8962
8937, 8964
8938, 8965
8939, 8967
8940, 8969
8941, 8969
8942, 8970
8943, 8970
8944, 8971
8945, 8971
8946, 8973
8947, 8973
8948, 8973
8949, 8975
8950, 8975
8951, 8975
8979, 8980
8979, 8984
8980, 8979
8980, 8981
8980, 8997
8981, 8980
8981, 8982
8982, 8981
8982, 8983
8982, 8985
8983, 8982
8983, 8984
8983, 8988
8984, 8979
8984, 8983
8984, 8996
8985, 8982
8985, 8986
8985, 8999
8986, 8985
8986, 8987
8986, 9000
8987, 8986
8987, 8988
8987, 8989
8988, 8983
8988, 8987
8988, 9001
8989, 8987
8989, 8998
8989, 9002
8990, 8991
8990, 8995
8990, 8998
8991, 8990
8991, 8992
8991, 9003
8992, 8991
8992, 8993
8992, 9004
8993, 8992
8993, 8994
8993, 9005
8994, 8993
8994, 8995
8994, 9006
8995, 8990
8995, 8994
8995, 9007
8996, 8984
8996, 9008
8996, 9009
8997, 8980
8997, 9010
8997, 9011
8998, 8989
8998, 8990
8998, 9012
8998, 9013
8999, 8985
9000, 8986
9001, 8988
9002, 8989
9003, 8991
9004, 8992
9005, 8993
9006, 8994
9007, 8995
9008, 8996
9009, 8996
9010, 8997
9011, 8997
9012, 8998
9013, 8998
9031, 9032
9031, 9036
9032, 9031
9032, 9033
9032, 9049
9033, 9032
9033, 9034
9034, 9033
9034, 9035
9034, 9037
9035, 9034
9035, 9036
9035, 9040
9036, 9031
9036, 9035
9036, 9048
9037, 9034
9037, 9038
9037, 9057
9038, 9037
9038, 9039
9038, 9058
9039, 9038
9039, 9040
9039, 9041
9040, 9035
9040, 9039
9040, 9059
9041, 9039
9041, 9050
9041, 9060
9042, 9043
9042, 9047
9042, 9050
9043, 9042
9043, 9044
9043, 9014
9044, 9043
9044, 9045
9044, 9015
9045, 9044
9045, 9046
9045, 9053
9046, 9045
9046, 9047
9046, 9051
9047, 9042
9047, 9046
9047, 9055
9048, 9036
9048, 9016
9048, 9017
9049, 9032
9049, 9018
9049, 9019
9050, 9041
9050, 9042
9050, 9020
9050, 9021
9051, 9046
9051, 9052
9052, 9051
9052, 9022
9052, 9023
9052, 9024
9053, 9045
9053, 9054
9054, 9053
9054, 9025
9054, 9026
9054, 9027
9055, 9047
9055, 9056
9056, 9055
9056, 9028
9056, 9029
9056, 9030
9057, 9037
9058, 9038
9059, 9040
9060, 9041
9014, 9043
9015, 9044
9016, 9048
9017, 9048
9018, 9049
9019, 9049
9020, 9050
9021, 9050
9022, 9052
9023, 9052
9024, 9052
9025, 9054
9026, 9054
9027, 9054
9028, 9056
9029, 9056
9030, 9056
9061, 9062
9061, 9066
9062, 9061
9062, 9063
9062, 9079
9063, 9062
9063, 9064
9064, 9063
9064, 9065
9064, 9067
9065, 9064
9065, 9066
9065, 9070
9066, 9061
9066, 9065
9066, 9078
9067, 9064
9067, 9068
9067, 9087
9068, 9067
9068, 9069
9068, 9088
9069, 9068
9069, 9070
9069, 9071
9070, 9065
9070, 9069
9070, 9089
9071, 9069
9071, 9080
9071, 9090
9072, 9073
9072, 9077
9072, 9080
9073, 9072
9073, 9074
9073, 9091
9074, 9073
9074, 9075
9074, 9085
9075, 9074
9075, 9076
9075, 9081
9076, 9075
9076, 9077
9076, 9092
9077, 9072
9077, 9076
9077, 9083
9078, 9066
9078, 9093
9078, 9094
9079, 9062
9079, 9095
9079, 9096
9080, 9071
9080, 9072
9080, 9097
9080, 9098
9081, 9075
9081, 9082
9082, 9081
9082, 9099
9082, 9100
9082, 9101
9083, 9077
9083, 9084
9084, 9083
9084, 9102
9084, 9103
9084, 9104
9085, 9074
9085, 9086
9086, 9085
9086, 9105
9086, 9106
9086, 9107
9087, 9067
9088, 9068
9089, 9070
9090, 9071
9091, 9073
9092, 9076
9093, 9078
9094, 9078
9095, 9079
9096, 9079
9097, 9080
9098, 9080
9099, 9082
9100, 9082
9101, 9082
9102, 9084
9103, 9084
9104, 9084
9105, 9086
9106, 9086
9107, 9086
9108, 9109
9108, 9113
9109, 9108
9109, 9110
9109, 9126
9110, 9109
9110, 9111
9111, 9110
9111, 9112
9111, 9114
9112, 9111
9112, 9113
9112, 9117
9113, 9108
9113, 9112
9113, 9125
9114, 9111
9114, 9115
9114, 9134
9115, 9114
9115, 9116
9115, 9135
9116, 9115
9116, 9117
9116, 9118
9117, 9112
9117, 9116
9117, 9136
9118, 9116
9118, 9127
9118, 9137
9119, 9120
9119, 9124
9119, 9127
9120, 9119
9120, 9121
9120, 9132
9121, 9120
9121, 9122
9121, 9138
9122, 9121
9122, 9123
9122, 9128
9123, 9122
9123, 9124
9123, 9139
9124, 9119
9124, 9123
9124, 9130
9125, 9113
9125, 9140
9125, 9141
9126, 9109
9126, 9142
9126, 9143
9127, 9118
9127, 9119
9127, 9144
9127, 9145
9128, 9122
9128, 9129
9129, 9128
9129, 9146
9129, 9147
9129, 9148
9130, 9124
9130, 9131
9131, 9130
9131, 9149
9131, 9150
9131, 9151
9132, 9120
9132, 9133
9133, 9132
9133, 9152
9133, 9153
9133, 9154
9134, 9114
9135, 9115
9136, 9117
9137, 9118
9138, 9121
9139, 9123
9140, 9125
9141, 9125
9142, 9126
9143, 9126
9144, 9127
9145, 9127
9146, 9129
9147, 9129
9148, 9129
9149, 9131
9150, 9131
9151, 9131
9152, 9133
9153, 9133
9154, 9133
9179, 9180
9179, 9184
9180, 9179
9180, 9181
9180, 9156
9181, 9180
9181, 9182
9182, 9181
9182, 9183
9182, 9185
9183, 9182
9183, 9184
9183, 9188
9184, 9179
9184, 9183
9184, 9155
9185, 9182
9185, 9186
9185, 9162
9186, 9185
9186, 9187
9186, 9163
9187, 9186
9187, 9188
9187, 9189
9188, 9183
9188, 9187
9188, 9164
9189, 9187
9189, 9157
9189, 9165
9190, 9191
9190, 9195
9190, 9157
9191, 9190
9191, 9192
9191, 9161
9192, 9191
9192, 9193
9192, 9158
9193, 9192
9193, 9194
9193, 9166
9194, 9193
9194, 9195
9194, 9167
9195, 9190
9195, 9194
9195, 9168
9155, 9184
9155, 9169
9155, 9170
9156, 9180
9156, 9171
9156, 9172
9157, 9189
9157, 9190
9157, 9173
9157, 9174
9158, 9192
9158, 9159
9158, 9175
9159, 9158
9159, 9160
9159, 9176
9160, 9159
9160, 9161
9160, 9177
9161, 9191
9161, 9160
9161, 9178
9162, 9185
9163, 9186
9164, 9188
9165, 9189
9166, 9193
9167, 9194
9168, 9195
9169, 9155
9170, 9155
9171, 9156
9172, 9156
9173, 9157
9174, 9157
9175, 9158
9176, 9159
9177, 9160
9178, 9161
9196, 9197
9196, 9201
9197, 9196
9197, 9198
9197, 9214
9198, 9197
9198, 9199
9199, 9198
9199, 9200
9199, 9202
9200, 9199
9200, 9201
9200, 9205
9201, 9196
9201, 9200
9201, 9213
9202, 9199
9202, 9203
9202, 9218
9203, 9202
9203, 9204
9203, 9219
9204, 9203
9204, 9205
9204, 9206
9205, 9200
9205, 9204
9205, 9220
9206, 9204
9206, 9215
9206, 9216
9207, 9208
9207, 9212
9207, 9217
9208, 9207
9208, 9209
9208, 9221
9209, 9208
9209, 9210
9209, 9222
9210, 9209
9210, 9211
9210, 9223
9211, 9210
9211, 9212
9211, 9224
9212, 9207
9212, 9211
9212, 9225
9213, 9201
9213, 9226
9213, 9227
9214, 9197
9214, 9228
9214, 9229
9215, 9206
9215, 9217
9216, 9206
9217, 9207
9217, 9215
9217, 9230
9217, 9231
9218, 9202
9219, 9203
9220, 9205
9221, 9208
9222, 9209
9223, 9210
9224, 9211
9225, 9212
9226, 9213
9227, 9213
9228, 9214
9229, 9214
9230, 9217
9231, 9217
9232, 9233
9232, 9237
9233, 9232
9233, 9234
9233, 9250
9234, 9233
9234, 9235
9235, 9234
9235, 9236
9235, 9238
9236, 9235
9236, 9237
9236, 9241
9237, 9232
9237, 9236
9237, 9249
9238, 9235
9238, 9239
9238, 9254
9239, 9238
9239, 9240
9239, 9255
9240, 9239
9240, 9241
9240, 9242
9241, 9236
9241, 9240
9241, 9256
9242, 9240
9242, 9251
9242, 9257
9242, 9258
9243, 9244
9243, 9248
9243, 9252
9244, 9243
9244, 9245
9244, 9259
9245, 9244
9245, 9246
9245, 9260
9246, 9245
9246, 9247
9246, 9261
9247, 9246
9247, 9248
9247, 9262
9248, 9243
9248, 9247
9248, 9263
9249, 9237
9249, 9264
9249, 9265
9250, 9233
9250, 9266
9250, 9267
9251, 9242
9251, 9252
9252, 9243
9252, 9251
9252, 9253
9253, 9252
9254, 9238
9255, 9239
9256, 9241
9257, 9242
9258, 9242
9259, 9244
9260, 9245
9261, 9246
9262, 9247
9263, 9248
9264, 9249
9265, 9249
9266, 9250
9267, 9250
9284, 9285
9284, 9289
9285, 9284
9285, 9286
9285, 9302
9286, 9285
9286, 9287
9287, 9286
9287, 9288
9287, 9290
9288, 9287
9288, 9289
9288, 9293
9289, 9284
9289, 9288
9289, 9301
9290, 9287
9290, 9291
9290, 9312
9291, 9290
9291, 9292
9291, 9313
9292, 9291
9292, 9293
9292, 9294
9293, 9288
9293, 9292
9293, 9314
9294, 9292
9294, 9303
9294, 9315
9294, 9268
9295, 9296
9295, 9300
9295, 9304
9296, 9295
9296, 9297
9296, 9269
9297, 9296
9297, 9298
9297, 9306
9298, 9297
9298, 9299
9298, 9308
9299, 9298
9299, 9300
9299, 9310
9300, 9295
9300, 9299
9300, 9270
9301, 9289
9301, 9271
9301, 9272
9302, 9285
9302, 9273
9302, 9274
9303, 9294
9303, 9304
9304, 9295
9304, 9303
9304, 9305
9305, 9304
9306, 9297
9306, 9307
9307, 9306
9307, 9275
9307, 9276
9307, 9277
9308, 9298
9308, 9309
9309, 9308
9309, 9278
9309, 9279
9309, 9280
9310, 9299
9310, 9311
9311, 9310
9311, 9281
9311, 9282
9311, 9283
9312, 9290
9313, 9291
9314, 9293
9315, 9294
9268, 9294
9269, 9296
9270, 9300
9271, 9301
9272, 9301
9273, 9302
9274, 9302
9275, 9307
9276, 9307
9277, 9307
9278, 9309
9279, 9309
9280, 9309
9281, 9311
9282, 9311
9283, 9311
9316, 9317
9316, 9321
9317, 9316
9317, 9318
9317, 9334
9318, 9317
9318, 9319
9319, 9318
9319, 9320
9319, 9322
9320, 9319
9320, 9321
9320, 9325
9321, 9316
9321, 9320
9321, 9333
9322, 9319
9322, 9323
9322, 9342
9323, 9322
9323, 9324
9323, 9343
9324, 9323
9324, 9325
9324, 9326
9325, 9320
9325, 9324
9325, 9344
9326, 9324
9326, 9335
9326, 9345
9326, 9346
9327, 9328
9327, 9332
9327, 9336
9328, 9327
9328, 9329
9328, 9340
9329, 9328
9329, 9330
9329, 9347
9330, 9329
9330, 9331
9330, 9348
9331, 9330
9331, 9332
9331, 9338
9332, 9327
9332, 9331
9332, 9349
9333, 9321
9333, 9350
9333, 9351
9334, 9317
9334, 9352
9334, 9353
9335, 9326
9335, 9336
9336, 9327
9336, 9335
9336, 9337
9337, 9336
9338, 9331
9338, 9339
9339, 9338
9339, 9354
9339, 9355
9339, 9356
9340, 9328
9340, 9341
9341, 9340
9341, 9357
9341, 9358
9341, 9359
9342, 9322
9343, 9323
9344, 9325
9345, 9326
9346, 9326
9347, 9329
9348, 9330
9349, 9332
9350, 9333
9351, 9333
9352, 9334
9353, 9334
9354, 9339
9355, 9339
9356, 9339
9357, 9341
9358, 9341
9359, 9341
9360, 9361
9360, 9365
9361, 9360
9361, 9362
9361, 9378
9362, 9361
9362, 9363
9363, 9362
9363, 9364
9363, 9366
9364, 9363
9364, 9365
9364, 9369
9365, 9360
9365, 9364
9365, 9377
9366, 9363
9366, 9367
9366, 9388
9367, 9366
9367, 9368
9367, 9389
9368, 9367
9368, 9369
9368, 9370
9369, 9364
9369, 9368
9369, 9390
9370, 9368
9370, 9379
9370, 9391
9370, 9392
9371, 9372
9371, 9376
9371, 9380
9372, 9371
9372, 9373
9372, 9382
9373, 9372
9373, 9374
9373, 9384
9374, 9373
9374, 9375
9374, 9386
9375, 9374
9375, 9376
9375, 9393
9376, 9371
9376, 9375
9376, 9394
9377, 9365
9377, 9395
9377, 9396
9378, 9361
9378, 9397
9378, 9398
9379, 9370
9379, 9380
9380, 9371
9380, 9379
9380, 9381
9381, 9380
9382, 9372
9382, 9383
9383, 9382
9383, 9399
9383, 9400
9383, 9401
9384, 9373
9384, 9385
9385, 9384
9385, 9402
9385, 9403
9385, 9404
9386, 9374
9386, 9387
9387, 9386
9387, 9405
9387, 9406
9387, 9407
9388, 9366
9389, 9367
9390, 9369
9391, 9370
9392, 9370
9393, 9375
9394, 9376
9395, 9377
9396, 9377
9397, 9378
9398, 9378
9399, 9383
9400, 9383
9401, 9383
9402, 9385
9403, 9385
9404, 9385
9405, 9387
9406, 9387
9407, 9387
9432, 9433
9432, 9437
9433, 9432
9433, 9434
9433, 9450
9434, 9433
9434, 9435
9435, 9434
9435, 9436
9435, 9438
9436, 9435
9436, 9437
9436, 9441
9437, 9432
9437, 9436
9437, 9449
9438, 9435
9438, 9439
9438, 9414
9439, 9438
9439, 9440
9439, 9415
9440, 9439
9440, 9441
9440, 9442
9441, 9436
9441, 9440
9441, 9416
9442, 9440
9442, 9451
9442, 9417
9442, 9418
9443, 9444
9443, 9448
9443, 9408
9444, 9443
9444, 9445
9444, 9419
9445, 9444
9445, 9446
9445, 9410
9446, 9445
9446, 9447
9446, 9420
9447, 9446
9447, 9448
9447, 9412
9448, 9443
9448, 9447
9448, 9421
9449, 9437
9449, 9422
9449, 9423
9450, 9433
9450, 9424
9450, 9425
9451, 9442
9451, 9408
9408, 9443
9408, 9451
9408, 9409
9409, 9408
9410, 9445
9410, 9411
9411, 9410
9411, 9426
9411, 9427
9411, 9428
9412, 9447
9412, 9413
9413, 9412
9413, 9429
9413, 9430
9413, 9431
9414, 9438
9415, 9439
9416, 9441
9417, 9442
9418, 9442
9419, 9444
9420, 9446
9421, 9448
9422, 9449
9423, 9449
9424, 9450
9425, 9450
9426, 9411
9427, 9411
9428, 9411
9429, 9413
9430, 9413
9431, 9413
9488, 9489
9488, 9493
9489, 9488
9489, 9490
9489, 9460
9490, 9489
9490, 9491
9491, 9490
9491, 9492
9491, 9494
9492, 9491
9492, 9493
9492, 9497
9493, 9488
9493, 9492
9493, 9459
9494, 9491
9494, 9495
9494, 9467
9495, 9494
9495, 9496
9495, 9468
9496, 9495
9496, 9497
9496, 9452
9497, 9492
9497, 9496
9497, 9469
9452, 9496
9452, 9463
9452, 9466
9453, 9454
9453, 9458
9453, 9463
9454, 9453
9454, 9455
9454, 9470
9455, 9454
9455, 9456
9455, 9461
9456, 9455
9456, 9457
9456, 9471
9457, 9456
9457, 9458
9457, 9472
9458, 9453
9458, 9457
9458, 9464
9459, 9493
9459, 9473
9459, 9474
9460, 9489
9460, 9475
9460, 9476
9461, 9455
9461, 9462
9462, 9461
9462, 9477
9462, 9478
9462, 9479
9463, 9452
9463, 9453
9463, 9480
9463, 9481
9464, 9458
9464, 9465
9465, 9464
9465, 9482
9465, 9483
9465, 9484
9466, 9452
9466, 9485
9466, 9486
9466, 9487
9467, 9494
9468, 9495
9469, 9497
9470, 9454
9471, 9456
9472, 9457
9473, 9459
9474, 9459
9475, 9460
9476, 9460
9477, 9462
9478, 9462
9479, 9462
9480, 9463
9481, 9463
9482, 9465
9483, 9465
9484, 9465
9485, 9466
9486, 9466
9487, 9466
9498, 9499
9498, 9503
9499, 9498
9499, 9500
9499, 9516
9500, 9499
9500, 9501
9501, 9500
9501, 9502
9501, 9504
9502, 9501
9502, 9503
9502, 9507
9503, 9498
9503, 9502
9503, 9515
9504, 9501
9504, 9505
9504, 9523
9505, 9504
9505, 9506
9505, 9524
9506, 9505
9506, 9507
9506, 9508
9507, 9502
9507, 9506
9507, 9525
9508, 9506
9508, 9519
9508, 9522
9509, 9510
9509, 9514
9509, 9519
9510, 9509
9510, 9511
9510, 9526
9511, 9510
9511, 9512
9511, 9517
9512, 9511
9512, 9513
9512, 9527
9513, 9512
9513, 9514
9513, 9520
9514, 9509
9514, 9513
9514, 9528
9515, 9503
9515, 9529
9515, 9530
9516, 9499
9516, 9531
9516, 9532
9517, 9511
9517, 9518
9518, 9517
9518, 9533
9518, 9534
9518, 9535
9519, 9508
9519, 9509
9519, 9536
9519, 9537
9520, 9513
9520, 9521
9521, 9520
9521, 9538
9521, 9539
9521, 9540
9522, 9508
9522, 9541
9522, 9542
9522, 9543
9523, 9504
9524, 9505
9525, 9507
9526, 9510
9527, 9512
9528, 9514
9529, 9515
9530, 9515
9531, 9516
9532, 9516
9533, 9518
9534, 9518
9535, 9518
9536, 9519
9537, 9519
9538, 9521
9539, 9521
9540, 9521
9541, 9522
9542, 9522
9543, 9522
9544, 9545
9544, 9549
9545, 9544
9545, 9546
9545, 9562
9546, 9545
9546, 9547
9547, 9546
9547, 9548
9547, 9550
9548, 9547
9548, 9549
9548, 9553
9549, 9544
9549, 9548
9549, 9561
9550, 9547
9550, 9551
9550, 9569
9551, 9550
9551, 9552
9551, 9570
9552, 9551
9552, 9553
9552, 9554
9553, 9548
9553, 9552
9553, 9571
9554, 9552
9554, 9563
9554, 9568
9555, 9556
9555, 9560
9555, 9563
9556, 9555
9556, 9557
9556, 9572
9557, 9556
9557, 9558
9557, 9573
9558, 9557
9558, 9559
9558, 9566
9559, 9558
9559, 9560
9559, 9574
9560, 9555
9560, 9559
9560, 9564
9561, 9549
9561, 9575
9561, 9576
9562, 9545
9562, 9577
9562, 9578
9563, 9554
9563, 9555
9563, 9579
9563, 9580
9564, 9560
9564, 9565
9565, 9564
9565, 9581
9565, 9582
9565, 9583
9566, 9558
9566, 9567
9567, 9566
9567, 9584
9567, 9585
9567, 9586
9568, 9554
9568, 9587
9568, 9588
9568, 9589
9569, 9550
9570, 9551
9571, 9553
9572, 9556
9573, 9557
9574, 9559
9575, 9561
9576, 9561
9577, 9562
9578, 9562
9579, 9563
9580, 9563
9581, 9565
9582, 9565
9583, 9565
9584, 9567
9585, 9567
9586, 9567
9587, 9568
9588, 9568
9589, 9568
9590, 9591
9590, 9595
9591, 9590
9591, 9592
9591, 9608
9592, 9591
9592, 9593
9593, 9592
9593, 9594
9593, 9596
9594, 9593
9594, 9595
9594, 9599
9595, 9590
9595, 9594
9595, 9607
9596, 9593
9596, 9597
9596, 9617
9597, 9596
9597, 9598
9597, 9618
9598, 9597
9598, 9599
9598, 9600
9599, 9594
9599, 9598
9599, 9619
9600, 9598
9600, 9609
9600, 9616
9601, 9602
9601, 9606
9601, 9609
9602, 9601
9602, 9603
9602, 9620
9603, 9602
9603, 9604
9603, 9621
9604, 9603
9604, 9605
9604, 9612
9605, 9604
9605, 9606
9605, 9610
9606, 9601
9606, 9605
9606, 9614
9607, 9595
9607, 9622
9607, 9623
9608, 9591
9608, 9624
9608, 9625
9609, 9600
9609, 9601
9609, 9626
9609, 9627
9610, 9605
9610, 9611
9611, 9610
9611, 9628
9611, 9629
9611, 9630
9612, 9604
9612, 9613
9613, 9612
9613, 9631
9613, 9632
9613, 9633
9614, 9606
9614, 9615
9615, 9614
9615, 9634
9615, 9635
9615, 9636
9616, 9600
9616, 9637
9616, 9638
9616, 9639
9617, 9596
9618, 9597
9619, 9599
9620, 9602
9621, 9603
9622, 9607
9623, 9607
9624, 9608
9625, 9608
9626, 9609
9627, 9609
9628, 9611
9629, 9611
9630, 9611
9631, 9613
9632, 9613
9633, 9613
9634, 9615
9635, 9615
9636, 9615
9637, 9616
9638, 9616
9639, 9616
9640, 9641
9640, 9645
9641, 9640
9641, 9642
9641, 9658
9642, 9641
9642, 9643
9643, 9642
9643, 9644
9643, 9646
9644, 9643
9644, 9645
9644, 9649
9645, 9640
9645, 9644
9645, 9657
9646, 9643
9646, 9647
9646, 9665
9647, 9646
9647, 9648
9647, 9666
9648, 9647
9648, 9649
9648, 9650
9649, 9644
9649, 9648
9649, 9667
9650, 9648
9650, 9659
9650, 9664
9651, 9652
9651, 9656
9651, 9659
9652, 9651
9652, 9653
9652, 9663
9653, 9652
9653, 9654
9653, 9660
9654, 9653
9654, 9655
9654, 9668
9655, 9654
9655, 9656
9655, 9669
9656, 9651
9656, 9655
9656, 9670
9657, 9645
9657, 9671
9657, 9672
9658, 9641
9658, 9673
9658, 9674
9659, 9650
9659, 9651
9659, 9675
9659, 9676
9660, 9653
9660, 9661
9660, 9677
9661, 9660
9661, 9662
9661, 9678
9662, 9661
9662, 9663
9662, 9679
9663, 9652
9663, 9662
9663, 9680
9664, 9650
9664, 9681
9664, 9682
9664, 9683
9665, 9646
9666, 9647
9667, 9649
9668, 9654
9669, 9655
9670, 9656
9671, 9657
9672, 9657
9673, 9658
9674, 9658
9675, 9659
9676, 9659
9677, 9660
9678, 9661
9679, 9662
9680, 9663
9681, 9664
9682, 9664
9683, 9664
9694, 9695
9694, 9699
9695, 9694
9695, 9696
9695, 9712
9696, 9695
9696, 9697
9697, 9696
9697, 9698
9697, 9700
9698, 9697
9698, 9699
9698, 9703
9699, 9694
9699, 9698
9699, 9711
9700, 9697
9700, 9701
9700, 9720
9701, 9700
9701, 9702
9701, 9721
9702, 9701
9702, 9703
9702, 9704
9703, 9698
9703, 9702
9703, 9722
9704, 9702
9704, 9713
9704, 9723
9704, 9724
9705, 9706
9705, 9710
9705, 9714
9706, 9705
9706, 9707
9706, 9725
9707, 9706
9707, 9708
9707, 9716
9708, 9707
9708, 9709
9708, 9718
9709, 9708
9709, 9710
9709, 9726
9710, 9705
9710, 9709
9710, 9727
9711, 9699
9711, 9684
9711, 9685
9712, 9695
9712, 9686
9712, 9687
9713, 9704
9713, 9714
9714, 9705
9714, 9713
9714, 9715
9715, 9714
9716, 9707
9716, 9717
9717, 9716
9717, 9688
9717, 9689
9717, 9690
9718, 9708
9718, 9719
9719, 9718
9719, 9691
9719, 9692
9719, 9693
9720, 9700
9721, 9701
9722, 9703
9723, 9704
9724, 9704
9725, 9706
9726, 9709
9727, 9710
9684, 9711
9685, 9711
9686, 9712
9687, 9712
9688, 9717
9689, 9717
9690, 9717
9691, 9719
9692, 9719
9693, 9719
9728, 9729
9728, 9733
9729, 9728
9729, 9730
9729, 9746
9730, 9729
9730, 9731
9731, 9730
9731, 9732
9731, 9734
9732, 9731
9732, 9733
9732, 9737
9733, 9728
9733, 9732
9733, 9745
9734, 9731
9734, 9735
9734, 9753
9735, 9734
9735, 9736
9735, 9754
9736, 9735
9736, 9737
9736, 9738
9737, 9732
9737, 9736
9737, 9755
9738, 9736
9738, 9747
9738, 9756
9738, 9757
9739, 9740
9739, 9744
9739, 9748
9740, 9739
9740, 9741
9740, 9758
9741, 9740
9741, 9742
9741, 9759
9742, 9741
9742, 9743
9742, 9750
9743, 9742
9743, 9744
9743, 9760
9744, 9739
9744, 9743
9744, 9761
9745, 9733
9745, 9762
9745, 9763
9746, 9729
9746, 9764
9746, 9765
9747, 9738
9747, 9748
9748, 9739
9748, 9747
9748, 9749
9749, 9748
9750, 9742
9750, 9751
9750, 9752
9751, 9750
9752, 9750
9752, 9766
9753, 9734
9754, 9735
9755, 9737
9756, 9738
9757, 9738
9758, 9740
9759, 9741
9760, 9743
9761, 9744
9762, 9745
9763, 9745
9764, 9746
9765, 9746
9766, 9752
9767, 9768
9767, 9772
9768, 9767
9768, 9769
9768, 9786
9769, 9768
9769, 9770
9770, 9769
9770, 9771
9770, 9773
9771, 9770
9771, 9772
9771, 9776
9772, 9767
9772, 9771
9772, 9785
9773, 9770
9773, 9774
9773, 9788
9774, 9773
9774, 9775
9774, 9789
9775, 9774
9775, 9776
9775, 9777
9776, 9771
9776, 9775
9776, 9790
9777, 9775
9777, 9778
9777, 9791
9777, 9792
9778, 9777
9778, 9779
9778, 9787
9779, 9778
9779, 9780
9779, 9784
9780, 9779
9780, 9781
9780, 9793
9781, 9780
9781, 9782
9781, 9794
9782, 9781
9782, 9783
9782, 9795
9783, 9782
9783, 9784
9783, 9796
9784, 9779
9784, 9783
9784, 9797
9785, 9772
9785, 9798
9785, 9799
9786, 9768
9786, 9800
9786, 9801
9787, 9778
9787, 9802
9787, 9803
9787, 9804
9788, 9773
9789, 9774
9790, 9776
9791, 9777
9792, 9777
9793, 9780
9794, 9781
9795, 9782
9796, 9783
9797, 9784
9798, 9785
9799, 9785
9800, 9786
9801, 9786
9802, 9787
9803, 9787
9804, 9787
9822, 9823
9822, 9827
9823, 9822
9823, 9824
9823, 9810
9824, 9823
9824, 9825
9825, 9824
9825, 9826
9825, 9805
9826, 9825
9826, 9827
9826, 9808
9827, 9822
9827, 9826
9827, 9809
9805, 9825
9805, 9806
9805, 9812
9806, 9805
9806, 9807
9806, 9813
9807, 9806
9807, 9808
9807, 9814
9808, 9826
9808, 9807
9808, 9811
9809, 9827
9809, 9815
9809, 9816
9810, 9823
9810, 9817
9810, 9818
9811, 9808
9811, 9819
9811, 9820
9811, 9821
9812, 9805
9813, 9806
9814, 9807
9815, 9809
9816, 9809
9817, 9810
9818, 9810
9819, 9811
9820, 9811
9821, 9811
9844, 9845
9844, 9849
9845, 9844
9845, 9846
9845, 9831
9846, 9845
9846, 9847
9847, 9846
9847, 9848
9847, 9850
9848, 9847
9848, 9849
9848, 9829
9849, 9844
9849, 9848
9849, 9830
9850, 9847
9850, 9851
9850, 9834
9851, 9850
9851, 9828
9851, 9835
9828, 9851
9828, 9829
9828, 9836
9829, 9848
9829, 9828
9829, 9832
9830, 9849
9830, 9837
9830, 9838
9831, 9845
9831, 9839
9831, 9840
9832, 9829
9832, 9833
9833, 9832
9833, 9841
9833, 9842
9833, 9843
9834, 9850
9835, 9851
9836, 9828
9837, 9830
9838, 9830
9839, 9831
9840, 9831
9841, 9833
9842, 9833
9843, 9833
9852, 9853
9852, 9857
9853, 9852
9853, 9854
9853, 9863
9854, 9853
9854, 9855
9855, 9854
9855, 9856
9855, 9858
9856, 9855
9856, 9857
9856, 9861
9857, 9852
9857, 9856
9857, 9862
9858, 9855
9858, 9859
9858, 9867
9859, 9858
9859, 9860
9859, 9868
9860, 9859
9860, 9861
9860, 9869
9861, 9856
9861, 9860
9861, 9864
9862, 9857
9862, 9870
9862, 9871
9863, 9853
9863, 9872
9863, 9873
9864, 9861
9864, 9865
9865, 9864
9865, 9866
9865, 9874
9865, 9875
9866, 9865
9866, 9876
9866, 9877
9866, 9878
9867, 9858
9868, 9859
9869, 9860
9870, 9862
9871, 9862
9872, 9863
9873, 9863
9874, 9865
9875, 9865
9876, 9866
9877, 9866
9878, 9866
9879, 9880
9879, 9884
9880, 9879
9880, 9881
9880, 9890
9881, 9880
9881, 9882
9882, 9881
9882, 9883
9882, 9885
9883, 9882
9883, 9884
9883, 9888
9884, 9879
9884, 9883
9884, 9889
9885, 9882
9885, 9886
9885, 9903
9886, 9885
9886, 9887
9886, 9904
9887, 9886
9887, 9888
9887, 9905
9888, 9883
9888, 9887
9888, 9891
9889, 9884
9889, 9906
9889, 9907
9890, 9880
9890, 9908
9890, 9909
9891, 9888
9891, 9892
9892, 9891
9892, 9893
9892, 9910
9892, 9911
9893, 9892
9893, 9894
9893, 9895
9893, 9896
9894, 9893
9894, 9897
9894, 9898
9894, 9899
9895, 9893
9896, 9893
9897, 9894
9898, 9894
9899, 9894
9899, 9900
9899, 9901
9899, 9902
9900, 9899
9901, 9899
9902, 9899
9903, 9885
9904, 9886
9905, 9887
9906, 9889
9907, 9889
9908, 9890
9909, 9890
9910, 9892
9911, 9892
9912, 9913
9912, 9917
9913, 9912
9913, 9914
9913, 9923
9914, 9913
9914, 9915
9915, 9914
9915, 9916
9915, 9918
9916, 9915
9916, 9917
9916, 9921
9917, 9912
9917, 9916
9917, 9922
9918, 9915
9918, 9919
9918, 9925
9919, 9918
9919, 9920
9919, 9926
9920, 9919
9920, 9921
9920, 9924
9921, 9916
9921, 9920
9921, 9927
9922, 9917
9922, 9928
9922, 9929
9923, 9913
9923, 9930
9923, 9931
9924, 9920
9924, 9932
9924, 9933
9924, 9934
9925, 9918
9926, 9919
9927, 9921
9928, 9922
9929, 9922
9930, 9923
9931, 9923
9932, 9924
9933, 9924
9934, 9924
9935, 9936
9935, 9940
9936, 9935
9936, 9937
9936, 9946
9937, 9936
9937, 9938
9938, 9937
9938, 9939
9938, 9941
9939, 9938
9939, 9940
9939, 9944
9940, 9935
9940, 9939
9940, 9945
9941, 9938
9941, 9942
9941, 9949
9942, 9941
9942, 9943
9942, 9950
9943, 9942
9943, 9944
9943, 9947
9944, 9939
9944, 9943
9944, 9951
9945, 9940
9945, 9952
9945, 9953
9946, 9936
9946, 9954
9946, 9955
9947, 9943
9947, 9948
9948, 9947
9948, 9956
9948, 9957
9948, 9958
9949, 9941
9950, 9942
9951, 9944
9952, 9945
9953, 9945
9954, 9946
9955, 9946
9956, 9948
9957, 9948
9958, 9948
9959, 9960
9959, 9964
9960, 9959
9960, 9961
9960, 9970
9961, 9960
9961, 9962
9962, 9961
9962, 9963
9962, 9965
9963, 9962
9963, 9964
9963, 9968
9964, 9959
9964, 9963
9964, 9969
9965, 9962
9965, 9966
9965, 9972
9966, 9965
9966, 9967
9966, 9971
9967, 9966
9967, 9968
9967, 9973
9968, 9963
9968, 9967
9968, 9974
9969, 9964
9969, 9975
9969, 9976
9970, 9960
9970, 9977
9970, 9978
9971, 9966
9971, 9979
9971, 9980
9971, 9981
9972, 9965
9973, 9967
9974, 9968
9975, 9969
9976, 9969
9977, 9970
9978, 9970
9979, 9971
9980, 9971
9981, 9971
9982, 9983
9982, 9987
9983, 9982
9983, 9984
9983, 9993
9984, 9983
9984, 9985
9985, 9984
9985, 9986
9985, 9988
9986, 9985
9986, 9987
9986, 9991
9987, 9982
9987, 9986
9987, 9992
9988, 9985
9988, 9989
9988, 9996
9989, 9988
9989, 9990
9989, 9995
9990, 9989
9990, 9991
9990, 9994
9991, 9986
9991, 9990
9991, 9997
9992, 9987
9992, 9998
9992, 9999
9993, 9983
9993, 10000
9993, 10001
9994, 9990
9994, 10002
9994, 10003
9994, 10004
9995, 9989
9995, 10005
9995, 10006
9995, 10007
9996, 9988
9997, 9991
9998, 9992
9999, 9992
10000, 9993
10001, 9993
10002, 9994
10003, 9994
10004, 9994
10005, 9995
10006, 9995
10007, 9995
10037, 10038
10037, 10010
10038, 10037
10038, 10039
10038, 10016
10039, 10038
10039, 10008
10008, 10039
10008, 10009
10008, 10011
10009, 10008
10009, 10010
10009, 10014
10010, 10037
10010, 10009
10010, 10015
10011, 10008
10011, 10012
10011, 10025
10012, 10011
10012, 10013
10012, 10026
10013, 10012
10013, 10014
10013, 10027
10014, 10009
10014, 10013
10014, 10017
10015, 10010
10015, 10028
10015, 10029
10016, 10038
10016, 10030
10016, 10031
10017, 10014
10017, 10018
10018, 10017
10018, 10019
10019, 10018
10019, 10020
10019, 10024
10020, 10019
10020, 10021
10020, 10032
10021, 10020
10021, 10022
10021, 10033
10022, 10021
10022, 10023
10022, 10034
10023, 10022
10023, 10024
10023, 10035
10024, 10019
10024, 10023
10024, 10036
10025, 10011
10026, 10012
10027, 10013
10028, 10015
10029, 10015
10030, 10016
10031, 10016
10032, 10020
10033, 10021
10034, 10022
10035, 10023
10036, 10024
10040, 10041
10040, 10045
10041, 10040
10041, 10042
10041, 10051
10042, 10041
10042, 10043
10043, 10042
10043, 10044
10043, 10046
10044, 10043
10044, 10045
10044, 10049
10045, 10040
10045, 10044
10045, 10050
10046, 10043
10046, 10047
10046, 10060
10047, 10046
10047, 10048
10047, 10061
10048, 10047
10048, 10049
10048, 10062
10049, 10044
10049, 10048
10049, 10052
10050, 10045
10050, 10063
10050, 10064
10051, 10041
10051, 10065
10051, 10066
10052, 10049
10052, 10053
10052, 10067
10053, 10052
10053, 10054
10053, 10068
10054, 10053
10054, 10055
10054, 10059
10055, 10054
10055, 10056
10055, 10069
10056, 10055
10056, 10057
10056, 10070
10057, 10056
10057, 10058
10057, 10071
10058, 10057
10058, 10059
10058, 10072
10059, 10054
10059, 10058
10059, 10073
10060, 10046
10061, 10047
10062, 10048
10063, 10050
10064, 10050
10065, 10051
10066, 10051
10067, 10052
10068, 10053
10069, 10055
10070, 10056
10071, 10057
10072, 10058
10073, 10059
10074, 10075
10074, 10079
10075, 10074
10075, 10076
10075, 10085
10076, 10075
10076, 10077
10077, 10076
10077, 10078
10077, 10080
10078, 10077
10078, 10079
10078, 10083
10079, 10074
10079, 10078
10079, 10084
10080, 10077
10080, 10081
10080, 10094
10081, 10080
10081, 10082
10081, 10095
10082, 10081
10082, 10083
10082, 10096
10083, 10078
10083, 10082
10083, 10086
10084, 10079
10084, 10097
10084, 10098
10085, 10075
10085, 10099
10085, 10100
10086, 10083
10086, 10087
10086, 10101
10086, 10102
10087, 10086
10087, 10088
10087, 10103
10087, 10104
10088, 10087
10088, 10089
10088, 10093
10089, 10088
10089, 10090
10089, 10105
10090, 10089
10090, 10091
10090, 10106
10091, 10090
10091, 10092
10091, 10107
10092, 10091
10092, 10093
10092, 10108
10093, 10088
10093, 10092
10093, 10109
10094, 10080
10095, 10081
10096, 10082
10097, 10084
10098, 10084
10099, 10085
10100, 10085
10101, 10086
10102, 10086
10103, 10087
10104, 10087
10105, 10089
10106, 10090
10107, 10091
10108, 10092
10109, 10093
10124, 10125
10124, 10129
10125, 10124
10125, 10126
10125, 10135
10126, 10125
10126, 10127
10127, 10126
10127, 10128
10127, 10130
10128, 10127
10128, 10129
10128, 10133
10129, 10124
10129, 10128
10129, 10134
10130, 10127
10130, 10131
10130, 10148
10131, 10130
10131, 10132
10131, 10149
10132, 10131
10132, 10133
10132, 10150
10133, 10128
10133, 10132
10133, 10136
10134, 10129
10134, 10151
10134, 10152
10135, 10125
10135, 10110
10135, 10111
10136, 10133
10136, 10137
10136, 10112
10136, 10113
10137, 10136
10137, 10138
10137, 10114
10138, 10137
10138, 10139
10138, 10143
10139, 10138
10139, 10140
10139, 10115
10140, 10139
10140, 10141
10140, 10146
10141, 10140
10141, 10142
10141, 10116
10142, 10141
10142, 10143
10142, 10117
10143, 10138
10143, 10142
10143, 10144
10144, 10143
10144, 10145
10145, 10144
10145, 10118
10145, 10119
10145, 10120
10146, 10140
10146, 10147
10147, 10146
10147, 10121
10147, 10122
10147, 10123
10148, 10130
10149, 10131
10150, 10132
10151, 10134
10152, 10134
10110, 10135
10111, 10135
10112, 10136
10113, 10136
10114, 10137
10115, 10139
10116, 10141
10117, 10142
10118, 10145
10119, 10145
10120, 10145
10121, 10147
10122, 10147
10123, 10147
10153, 10154
10153, 10158
10154, 10153
10154, 10155
10154, 10164
10155, 10154
10155, 10156
10156, 10155
10156, 10157
10156, 10159
10157, 10156
10157, 10158
10157, 10162
10158, 10153
10158, 10157
10158, 10163
10159, 10156
10159, 10160
10159, 10178
10160, 10159
10160, 10161
10160, 10179
10161, 10160
10161, 10162
10161, 10180
10162, 10157
10162, 10161
10162, 10165
10163, 10158
10163, 10181
10163, 10182
10164, 10154
10164, 10183
10164, 10184
10165, 10162
10165, 10166
10165, 10185
10165, 10186
10166, 10165
10166, 10167
10166, 10177
10167, 10166
10167, 10168
10167, 10172
10168, 10167
10168, 10169
10168, 10187
10169, 10168
10169, 10170
10169, 10175
10170, 10169
10170, 10171
10170, 10188
10171, 10170
10171, 10172
10171, 10189
10172, 10167
10172, 10171
10172, 10173
10173, 10172
10173, 10174
10174, 10173
10174, 10190
10174, 10191
10174, 10192
10175, 10169
10175, 10176
10176, 10175
10176, 10193
10176, 10194
10176, 10195
10177, 10166
10177, 10196
10177, 10197
10177, 10198
10178, 10159
10179, 10160
10180, 10161
10181, 10163
10182, 10163
10183, 10164
10184, 10164
10185, 10165
10186, 10165
10187, 10168
10188, 10170
10189, 10171
10190, 10174
10191, 10174
10192, 10174
10193, 10176
10194, 10176
10195, 10176
10196, 10177
10197, 10177
10198, 10177
10199, 10200
10199, 10204
10200, 10199
10200, 10201
10200, 10210
10201, 10200
10201, 10202
10202, 10201
10202, 10203
10202, 10205
10203, 10202
10203, 10204
10203, 10208
10204, 10199
10204, 10203
10204, 10209
10205, 10202
10205, 10206
10205, 10223
10206, 10205
10206, 10207
10206, 10224
10207, 10206
10207, 10208
10207, 10225
10208, 10203
10208, 10207
10208, 10211
10209, 10204
10209, 10226
10209, 10227
10210, 10200
10210, 10228
10210, 10229
10211, 10208
10211, 10212
10211, 10230
10211, 10231
10212, 10211
10212, 10213
10212, 10232
10212, 10233
10213, 10212
10213, 10214
10213, 10218
10214, 10213
10214, 10215
10214, 10234
10215, 10214
10215, 10216
10215, 10221
10216, 10215
10216, 10217
10216, 10235
10217, 10216
10217, 10218
10217, 10236
10218, 10213
10218, 10217
10218, 10219
10219, 10218
10219, 10220
10220, 10219
10220, 10237
10220, 10238
10220, 10239
10221, 10215
10221, 10222
10222, 10221
10222, 10240
10222, 10241
10222, 10242
10223, 10205
10224, 10206
10225, 10207
10226, 10209
10227, 10209
10228, 10210
10229, 10210
10230, 10211
10231, 10211
10232, 10212
10233, 10212
10234, 10214
10235, 10216
10236, 10217
10237, 10220
10238, 10220
10239, 10220
10240, 10222
10241, 10222
10242, 10222
10259, 10260
10259, 10264
10260, 10259
10260, 10261
10260, 10270
10261, 10260
10261, 10262
10262, 10261
10262, 10263
10262, 10265
10263, 10262
10263, 10264
10263, 10268
10264, 10259
10264, 10263
10264, 10269
10265, 10262
10265, 10266
10265, 10243
10266, 10265
10266, 10267
10266, 10244
10267, 10266
10267, 10268
10267, 10245
10268, 10263
10268, 10267
10268, 10271
10269, 10264
10269, 10246
10269, 10247
10270, 10260
10270, 10248
10270, 10249
10271, 10268
10271, 10272
10272, 10271
10272, 10273
10273, 10272
10273, 10274
10273, 10278
10274, 10273
10274, 10275
10274, 10250
10275, 10274
10275, 10276
10275, 10281
10276, 10275
10276, 10277
10276, 10251
10277, 10276
10277, 10278
10277, 10252
10278, 10273
10278, 10277
10278, 10279
10279, 10278
10279, 10280
10280, 10279
10280, 10253
10280, 10254
10280, 10255
10281, 10275
10281, 10282
10282, 10281
10282, 10256
10282, 10257
10282, 10258
10243, 10265
10244, 10266
10245, 10267
10246, 10269
10247, 10269
10248, 10270
10249, 10270
10250, 10274
10251, 10276
10252, 10277
10253, 10280
10254, 10280
10255, 10280
10256, 10282
10257, 10282
10258, 10282
10283, 10284
10283, 10288
10284, 10283
10284, 10285
10284, 10294
10285, 10284
10285, 10286
10286, 10285
10286, 10287
10286, 10289
10287, 10286
10287, 10288
10287, 10292
10288, 10283
10288, 10287
10288, 10293
10289, 10286
10289, 10290
10289, 10309
10290, 10289
10290, 10291
10290, 10310
10291, 10290
10291, 10292
10291, 10311
10292, 10287
10292, 10291
10292, 10295
10293, 10288
10293, 10312
10293, 10313
10294, 10284
10294, 10314
10294, 10315
10295, 10292
10295, 10296
10295, 10316
10295, 10317
10296, 10295
10296, 10297
10296, 10318
10297, 10296
10297, 10298
10297, 10302
10298, 10297
10298, 10299
10298, 10319
10299, 10298
10299, 10300
10299, 10303
10300, 10299
10300, 10301
10300, 10307
10301, 10300
10301, 10302
10301, 10305
10302, 10297
10302, 10301
10302, 10320
10303, 10299
10303, 10304
10304, 10303
10304, 10321
10304, 10322
10304, 10323
10305, 10301
10305, 10306
10306, 10305
10306, 10324
10306, 10325
10306, 10326
10307, 10300
10307, 10308
10308, 10307
10308, 10327
10308, 10328
10308, 10329
10309, 10289
10310, 10290
10311, 10291
10312, 10293
10313, 10293
10314, 10294
10315, 10294
10316, 10295
10317, 10295
10318, 10296
10319, 10298
10320, 10302
10321, 10304
10322, 10304
10323, 10304
10324, 10306
10325, 10306
10326, 10306
10327, 10308
10328, 10308
10329, 10308
10330, 10331
10330, 10335
10331, 10330
10331, 10332
10331, 10341
10332, 10331
10332, 10333
10333, 10332
10333, 10334
10333, 10336
10334, 10333
10334, 10335
10334, 10339
10335, 10330
10335, 10334
10335, 10340
10336, 10333
10336, 10337
10336, 10357
10337, 10336
10337, 10338
10337, 10358
10338, 10337
10338, 10339
10338, 10359
10339, 10334
10339, 10338
10339, 10342
10340, 10335
10340, 10360
10340, 10361
10341, 10331
10341, 10362
10341, 10363
10342, 10339
10342, 10343
10342, 10364
10342, 10365
10343, 10342
10343, 10344
10343, 10356
10344, 10343
10344, 10345
10344, 10349
10345, 10344
10345, 10346
10345, 10366
10346, 10345
10346, 10347
10346, 10350
10347, 10346
10347, 10348
10347, 10354
10348, 10347
10348, 10349
10348, 10352
10349, 10344
10349, 10348
10349, 10367
10350, 10346
10350, 10351
10351, 10350
10351, 10368
10351, 10369
10351, 10370
10352, 10348
10352, 10353
10353, 10352
10353, 10371
10353, 10372
10353, 10373
10354, 10347
10354, 10355
10355, 10354
10355, 10374
10355, 10375
10355, 10376
10356, 10343
10356, 10377
10356, 10378
10356, 10379
10357, 10336
10358, 10337
10359, 10338
10360, 10340
10361, 10340
10362, 10341
10363, 10341
10364, 10342
10365, 10342
10366, 10345
10367, 10349
10368, 10351
10369, 10351
10370, 10351
10371, 10353
10372, 10353
10373, 10353
10374, 10355
10375, 10355
10376, 10355
10377, 10356
10378, 10356
10379, 10356
10413, 10414
10413, 10418
10414, 10413
10414, 10415
10414, 10424
10415, 10414
10415, 10416
10416, 10415
10416, 10417
10416, 10419
10417, 10416
10417, 10418
10417, 10422
10418, 10413
10418, 10417
10418, 10423
10419, 10416
10419, 10420
10419, 10391
10420, 10419
10420, 10421
10420, 10392
10421, 10420
10421, 10422
10421, 10393
10422, 10417
10422, 10421
10422, 10425
10423, 10418
10423, 10394
10423, 10395
10424, 10414
10424, 10396
10424, 10397
10425, 10422
10425, 10426
10425, 10398
10425, 10399
10426, 10425
10426, 10427
10426, 10400
10426, 10401
10427, 10426
10427, 10380
10427, 10384
10380, 10427
10380, 10381
10380, 10402
10381, 10380
10381, 10382
10381, 10385
10382, 10381
10382, 10383
10382, 10389
10383, 10382
10383, 10384
10383, 10387
10384, 10427
10384, 10383
10384, 10403
10385, 10381
10385, 10386
10386, 10385
10386, 10404
10386, 10405
10386, 10406
10387, 10383
10387, 10388
10388, 10387
10388, 10407
10388, 10408
10388, 10409
10389, 10382
10389, 10390
10390, 10389
10390, 10410
10390, 10411
10390, 10412
10391, 10419
10392, 10420
10393, 10421
10394, 10423
10395, 10423
10396, 10424
10397, 10424
10398, 10425
10399, 10425
10400, 10426
10401, 10426
10402, 10380
10403, 10384
10404, 10386
10405, 10386
10406, 10386
10407, 10388
10408, 10388
10409, 10388
10410, 10390
10411, 10390
10412, 10390
10428, 10429
10428, 10433
10429, 10428
10429, 10430
10429, 10435
10430, 10429
10430, 10431
10431, 10430
10431, 10432
10431, 10436
10432, 10431
10432, 10433
10432, 10439
10433, 10428
10433, 10432
10433, 10434
10434, 10433
10434, 10456
10434, 10457
10435, 10429
10435, 10458
10435, 10459
10436, 10431
10436, 10437
10436, 10460
10437, 10436
10437, 10438
10437, 10461
10438, 10437
10438, 10439
10438, 10440
10439, 10432
10439, 10438
10439, 10462
10440, 10438
10440, 10441
10440, 10463
10441, 10440
10441, 10442
10441, 10447
10441, 10464
10442, 10441
10442, 10443
10442, 10448
10443, 10442
10443, 10444
10443, 10451
10444, 10443
10444, 10445
10444, 10465
10445, 10444
10445, 10446
10445, 10466
10446, 10445
10446, 10447
10446, 10452
10447, 10441
10447, 10446
10447, 10455
10448, 10442
10448, 10449
10448, 10467
10449, 10448
10449, 10450
10449, 10468
10450, 10449
10450, 10451
10450, 10469
10451, 10443
10451, 10450
10451, 10470
10452, 10446
10452, 10453
10452, 10471
10453, 10452
10453, 10454
10453, 10472
10454, 10453
10454, 10455
10454, 10473
10455, 10447
10455, 10454
10455, 10474
10456, 10434
10457, 10434
10458, 10435
10459, 10435
10460, 10436
10461, 10437
10462, 10439
10463, 10440
10464, 10441
10465, 10444
10466, 10445
10467, 10448
10468, 10449
10469, 10450
10470, 10451
10471, 10452
10472, 10453
10473, 10454
10474, 10455
10476, 10477
10476, 10481
10477, 10476
10477, 10478
10477, 10483
10478, 10477
10478, 10479
10479, 10478
10479, 10480
10479, 10484
10480, 10479
10480, 10481
10480, 10487
10481, 10476
10481, 10480
10481, 10482
10482, 10481
10482, 10504
10482, 10505
10483, 10477
10483, 10506
10483, 10507
10484, 10479
10484, 10485
10484, 10508
10485, 10484
10485, 10486
10485, 10509
10486, 10485
10486, 10487
10486, 10488
10487, 10480
10487, 10486
10487, 10510
10488, 10486
10488, 10489
10488, 10511
10489, 10488
10489, 10490
10489, 10495
10489, 10512
10490, 10489
10490, 10491
10490, 10496
10491, 10490
10491, 10492
10491, 10499
10492, 10491
10492, 10493
10492, 10513
10492, 10514
10493, 10492
10493, 10494
10493, 10515
10493, 10516
10494, 10493
10494, 10495
10494, 10500
10495, 10489
10495, 10494
10495, 10503
10496, 10490
10496, 10497
10496, 10517
10497, 10496
10497, 10498
10497, 10518
10498, 10497
10498, 10499
10498, 10519
10499, 10491
10499, 10498
10499, 10520
10500, 10494
10500, 10501
10500, 10521
10501, 10500
10501, 10502
10501, 10522
10502, 10501
10502, 10503
10502, 10523
10503, 10495
10503, 10502
10503, 10475
10504, 10482
10505, 10482
10506, 10483
10507, 10483
10508, 10484
10509, 10485
10510, 10487
10511, 10488
10512, 10489
10513, 10492
10514, 10492
10515, 10493
10516, 10493
10517, 10496
10518, 10497
10519, 10498
10520, 10499
10521, 10500
10522, 10501
10523, 10502
10475, 10503
10524, 10525
10524, 10529
10525, 10524
10525, 10526
10525, 10535
10526, 10525
10526, 10527
10527, 10526
10527, 10528
10527, 10530
10528, 10527
10528, 10529
10528, 10533
10529, 10524
10529, 10528
10529, 10534
10530, 10527
10530, 10531
10530, 10539
10531, 10530
10531, 10532
10531, 10540
10532, 10531
10532, 10533
10532, 10536
10533, 10528
10533, 10532
10533, 10541
10534, 10529
10534, 10542
10534, 10543
10535, 10525
10535, 10544
10535, 10545
10536, 10532
10536, 10537
10536, 10538
10537, 10536
10538, 10536
10538, 10546
10539, 10530
10540, 10531
10541, 10533
10542, 10534
10543, 10534
10544, 10535
10545, 10535
10546, 10538
10547, 10548
10547, 10552
10548, 10547
10548, 10549
10548, 10558
10549, 10548
10549, 10550
10550, 10549
10550, 10551
10550, 10553
10551, 10550
10551, 10552
10551, 10556
10552, 10547
10552, 10551
10552, 10557
10553, 10550
10553, 10554
10553, 10561
10554, 10553
10554, 10555
10554, 10562
10555, 10554
10555, 10556
10555, 10559
10556, 10551
10556, 10555
10556, 10563
10557, 10552
10557, 10564
10557, 10565
10558, 10548
10558, 10566
10558, 10567
10559, 10555
10559, 10560
10559, 10568
10559, 10569
10560, 10559
10560, 10570
10561, 10553
10562, 10554
10563, 10556
10564, 10557
10565, 10557
10566, 10558
10567, 10558
10568, 10559
10569, 10559
10570, 10560
10571, 10572
10571, 10576
10572, 10571
10572, 10573
10572, 10590
10573, 10572
10573, 10574
10574, 10573
10574, 10575
10574, 10577
10575, 10574
10575, 10576
10575, 10580
10576, 10571
10576, 10575
10576, 10589
10577, 10574
10577, 10578
10577, 10597
10577, 10598
10578, 10577
10578, 10579
10578, 10599
10578, 10600
10579, 10578
10579, 10580
10579, 10581
10579, 10601
10580, 10575
10580, 10579
10580, 10602
10580, 10603
10581, 10579
10581, 10582
10581, 10604
10581, 10605
10582, 10581
10582, 10583
10582, 10606
10583, 10582
10583, 10584
10583, 10588
10584, 10583
10584, 10585
10584, 10607
10585, 10584
10585, 10586
10585, 10591
10586, 10585
10586, 10587
10586, 10595
10587, 10586
10587, 10588
10587, 10593
10588, 10583
10588, 10587
10588, 10608
10589, 10576
10589, 10609
10589, 10610
10590, 10572
10590, 10611
10590, 10612
10591, 10585
10591, 10592
10592, 10591
10592, 10613
10592, 10614
10592, 10615
10593, 10587
10593, 10594
10594, 10593
10594, 10616
10594, 10617
10594, 10618
10595, 10586
10595, 10596
10596, 10595
10596, 10619
10596, 10620
10596, 10621
10597, 10577
10598, 10577
10599, 10578
10600, 10578
10601, 10579
10602, 10580
10603, 10580
10604, 10581
10605, 10581
10606, 10582
10607, 10584
10608, 10588
10609, 10589
10610, 10589
10611, 10590
10612, 10590
10613, 10592
10614, 10592
10615, 10592
10616, 10594
10617, 10594
10618, 10594
10619, 10596
10620, 10596
10621, 10596
10647, 10648
10647, 10652
10648, 10647
10648, 10649
10648, 10666
10649, 10648
10649, 10650
10650, 10649
10650, 10651
10650, 10653
10651, 10650
10651, 10652
10651, 10656
10652, 10647
10652, 10651
10652, 10665
10653, 10650
10653, 10654
10653, 10674
10653, 10675
10654, 10653
10654, 10655
10654, 10622
10654, 10623
10655, 10654
10655, 10656
10655, 10657
10655, 10624
10656, 10651
10656, 10655
10656, 10625
10656, 10626
10657, 10655
10657, 10658
10657, 10627
10657, 10628
10658, 10657
10658, 10659
10658, 10673
10659, 10658
10659, 10660
10659, 10664
10660, 10659
10660, 10661
10660, 10629
10661, 10660
10661, 10662
10661, 10667
10662, 10661
10662, 10663
10662, 10671
10663, 10662
10663, 10664
10663, 10669
10664, 10659
10664, 10663
10664, 10630
10665, 10652
10665, 10631
10665, 10632
10666, 10648
10666, 10633
10666, 10634
10667, 10661
10667, 10668
10668, 10667
10668, 10635
10668, 10636
10668, 10637
10669, 10663
10669, 10670
10670, 10669
10670, 10638
10670, 10639
10670, 10640
10671, 10662
10671, 10672
10672, 10671
10672, 10641
10672, 10642
10672, 10643
10673, 10658
10673, 10644
10673, 10645
10673, 10646
10674, 10653
10675, 10653
10622, 10654
10623, 10654
10624, 10655
10625, 10656
10626, 10656
10627, 10657
10628, 10657
10629, 10660
10630, 10664
10631, 10665
10632, 10665
10633, 10666
10634, 10666
10635, 10668
10636, 10668
10637, 10668
10638, 10670
10639, 10670
10640, 10670
10641, 10672
10642, 10672
10643, 10672
10644, 10673
10645, 10673
10646, 10673
10676, 10677
10676, 10681
10677, 10676
10677, 10678
10677, 10695
10678, 10677
10678, 10679
10679, 10678
10679, 10680
10679, 10682
10680, 10679
10680, 10681
10680, 10685
10681, 10676
10681, 10680
10681, 10694
10682, 10679
10682, 10683
10682, 10704
10682, 10705
10683, 10682
10683, 10684
10683, 10706
10683, 10707
10684, 10683
10684, 10685
10684, 10686
10684, 10708
10685, 10680
10685, 10684
10685, 10709
10685, 10710
10686, 10684
10686, 10687
10686, 10711
10686, 10712
10687, 10686
10687, 10688
10687, 10702
10688, 10687
10688, 10689
10688, 10693
10689, 10688
10689, 10690
10689, 10713
10690, 10689
10690, 10691
10690, 10696
10691, 10690
10691, 10692
10691, 10700
10692, 10691
10692, 10693
10692, 10698
10693, 10688
10693, 10692
10693, 10714
10694, 10681
10694, 10715
10694, 10716
10695, 10677
10695, 10717
10695, 10718
10696, 10690
10696, 10697
10697, 10696
10697, 10719
10697, 10720
10697, 10721
10698, 10692
10698, 10699
10699, 10698
10699, 10722
10699, 10723
10699, 10724
10700, 10691
10700, 10701
10701, 10700
10701, 10725
10701, 10726
10701, 10727
10702, 10687
10702, 10703
10703, 10702
10703, 10728
10704, 10682
10705, 10682
10706, 10683
10707, 10683
10708, 10684
10709, 10685
10710, 10685
10711, 10686
10712, 10686
10713, 10689
10714, 10693
10715, 10694
10716, 10694
10717, 10695
10718, 10695
10719, 10697
10720, 10697
10721, 10697
10722, 10699
10723, 10699
10724, 10699
10725, 10701
10726, 10701
10727, 10701
10728, 10703
10729, 10730
10729, 10734
10730, 10729
10730, 10731
10730, 10748
10731, 10730
10731, 10732
10732, 10731
10732, 10733
10732, 10735
10733, 10732
10733, 10734
10733, 10738
10734, 10729
10734, 10733
10734, 10747
10735, 10732
10735, 10736
10735, 10753
10735, 10754
10736, 10735
10736, 10737
10736, 10755
10736, 10756
10737, 10736
10737, 10738
10737, 10739
10737, 10757
10738, 10733
10738, 10737
10738, 10758
10738, 10759
10739, 10737
10739, 10740
10739, 10760
10739, 10761
10740, 10739
10740, 10741
10740, 10762
10741, 10740
10741, 10742
10741, 10746
10742, 10741
10742, 10743
10742, 10763
10743, 10742
10743, 10744
10743, 10749
10744, 10743
10744, 10745
10744, 10764
10745, 10744
10745, 10746
10745, 10765
10746, 10741
10746, 10745
10746, 10751
10747, 10734
10747, 10766
10747, 10767
10748, 10730
10748, 10768
10748, 10769
10749, 10743
10749, 10750
10750, 10749
10750, 10770
10750, 10771
10750, 10772
10751, 10746
10751, 10752
10752, 10751
10752, 10773
10752, 10774
10752, 10775
10753, 10735
10754, 10735
10755, 10736
10756, 10736
10757, 10737
10758, 10738
10759, 10738
10760, 10739
10761, 10739
10762, 10740
10763, 10742
10764, 10744
10765, 10745
10766, 10747
10767, 10747
10768, 10748
10769, 10748
10770, 10750
10771, 10750
10772, 10750
10773, 10752
10774, 10752
10775, 10752
10823, 10824
10823, 10778
10824, 10823
10824, 10825
10824, 10792
10825, 10824
10825, 10776
10776, 10825
10776, 10777
10776, 10779
10777, 10776
10777, 10778
10777, 10782
10778, 10823
10778, 10777
10778, 10791
10779, 10776
10779, 10780
10779, 10798
10779, 10799
10780, 10779
10780, 10781
10780, 10800
10780, 10801
10781, 10780
10781, 10782
10781, 10783
10781, 10802
10782, 10777
10782, 10781
10782, 10803
10782, 10804
10783, 10781
10783, 10784
10783, 10805
10783, 10806
10784, 10783
10784, 10785
10784, 10797
10785, 10784
10785, 10786
10785, 10790
10786, 10785
10786, 10787
10786, 10807
10787, 10786
10787, 10788
10787, 10793
10788, 10787
10788, 10789
10788, 10808
10789, 10788
10789, 10790
10789, 10809
10790, 10785
10790, 10789
10790, 10795
10791, 10778
10791, 10810
10791, 10811
10792, 10824
10792, 10812
10792, 10813
10793, 10787
10793, 10794
10794, 10793
10794, 10814
10794, 10815
10794, 10816
10795, 10790
10795, 10796
10796, 10795
10796, 10817
10796, 10818
10796, 10819
10797, 10784
10797, 10820
10797, 10821
10797, 10822
10798, 10779
10799, 10779
10800, 10780
10801, 10780
10802, 10781
10803, 10782
10804, 10782
10805, 10783
10806, 10783
10807, 10786
10808, 10788
10809, 10789
10810, 10791
10811, 10791
10812, 10792
10813, 10792
10814, 10794
10815, 10794
10816, 10794
10817, 10796
10818, 10796
10819, 10796
10820, 10797
10821, 10797
10822, 10797
10826, 10827
10826, 10831
10827, 10826
10827, 10828
10827, 10845
10828, 10827
10828, 10829
10829, 10828
10829, 10830
10829, 10832
10830, 10829
10830, 10831
10830, 10835
10831, 10826
10831, 10830
10831, 10844
10832, 10829
10832, 10833
10832, 10852
10832, 10853
10833, 10832
10833, 10834
10833, 10854
10833, 10855
10834, 10833
10834, 10835
10834, 10836
10834, 10856
10835, 10830
10835, 10834
10835, 10857
10835, 10858
10836, 10834
10836, 10837
10836, 10859
10836, 10860
10837, 10836
10837, 10838
10837, 10850
10838, 10837
10838, 10839
10838, 10843
10839, 10838
10839, 10840
10839, 10861
10840, 10839
10840, 10841
10840, 10846
10841, 10840
10841, 10842
10841, 10862
10842, 10841
10842, 10843
10842, 10863
10843, 10838
10843, 10842
10843, 10848
10844, 10831
10844, 10864
10844, 10865
10845, 10827
10845, 10866
10845, 10867
10846, 10840
10846, 10847
10847, 10846
10847, 10868
10847, 10869
10847, 10870
10848, 10843
10848, 10849
10849, 10848
10849, 10871
10849, 10872
10849, 10873
10850, 10837
10850, 10851
10850, 10874
10850, 10875
10851, 10850
10851, 10876
10851, 10877
10851, 10878
10852, 10832
10853, 10832
10854, 10833
10855, 10833
10856, 10834
10857, 10835
10858, 10835
10859, 10836
10860, 10836
10861, 10839
10862, 10841
10863, 10842
10864, 10844
10865, 10844
10866, 10845
10867, 10845
10868, 10847
10869, 10847
10870, 10847
10871, 10849
10872, 10849
10873, 10849
10874, 10850
10875, 10850
10876, 10851
10877, 10851
10878, 10851
10904, 10905
10904, 10909
10905, 10904
10905, 10906
10905, 10923
10906, 10905
10906, 10907
10907, 10906
10907, 10908
10907, 10910
10908, 10907
10908, 10909
10908, 10913
10909, 10904
10909, 10908
10909, 10922
10910, 10907
10910, 10911
10910, 10930
10910, 10931
10911, 10910
10911, 10912
10911, 10879
10911, 10880
10912, 10911
10912, 10913
10912, 10914
10912, 10881
10913, 10908
10913, 10912
10913, 10882
10913, 10883
10914, 10912
10914, 10915
10914, 10884
10914, 10885
10915, 10914
10915, 10916
10915, 10886
10916, 10915
10916, 10917
10916, 10921
10917, 10916
10917, 10918
10917, 10887
10918, 10917
10918, 10919
10918, 10924
10919, 10918
10919, 10920
10919, 10888
10920, 10919
10920, 10921
10920, 10889
10921, 10916
10921, 10920
10921, 10926
10922, 10909
10922, 10890
10922, 10891
10923, 10905
10923, 10892
10923, 10893
10924, 10918
10924, 10925
10925, 10924
10925, 10929
10925, 10894
10925, 10895
10926, 10921
10926, 10927
10927, 10926
10927, 10928
10927, 10896
10927, 10897
10928, 10927
10928, 10898
10928, 10899
10928, 10900
10929, 10925
10929, 10901
10929, 10902
10929, 10903
10930, 10910
10931, 10910
10879, 10911
10880, 10911
10881, 10912
10882, 10913
10883, 10913
10884, 10914
10885, 10914
10886, 10915
10887, 10917
10888, 10919
10889, 10920
10890, 10922
10891, 10922
10892, 10923
10893, 10923
10894, 10925
10895, 10925
10896, 10927
10897, 10927
10898, 10928
10899, 10928
10900, 10928
10901, 10929
10902, 10929
10903, 10929
10932, 10933
10932, 10937
10933, 10932
10933, 10934
10933, 10951
10934, 10933
10934, 10935
10935, 10934
10935, 10936
10935, 10938
10936, 10935
10936, 10937
10936, 10941
10937, 10932
10937, 10936
10937, 10950
10938, 10935
10938, 10939
10938, 10959
10938, 10960
10939, 10938
10939, 10940
10939, 10961
10939, 10962
10940, 10939
10940, 10941
10940, 10942
10940, 10963
10941, 10936
10941, 10940
10941, 10964
10941, 10965
10942, 10940
10942, 10943
10942, 10966
10942, 10967
10943, 10942
10943, 10944
10943, 10958
10944, 10943
10944, 10945
10944, 10949
10945, 10944
10945, 10946
10945, 10968
10946, 10945
10946, 10947
10946, 10952
10947, 10946
10947, 10948
10947, 10969
10948, 10947
10948, 10949
10948, 10970
10949, 10944
10949, 10948
10949, 10954
10950, 10937
10950, 10971
10950, 10972
10951, 10933
10951, 10973
10951, 10974
10952, 10946
10952, 10953
10953, 10952
10953, 10957
10953, 10975
10953, 10976
10954, 10949
10954, 10955
10955, 10954
10955, 10956
10955, 10977
10955, 10978
10956, 10955
10956, 10979
10956, 10980
10956, 10981
10957, 10953
10957, 10982
10957, 10983
10957, 10984
10958, 10943
10958, 10985
10958, 10986
10958, 10987
10959, 10938
10960, 10938
10961, 10939
10962, 10939
10963, 10940
10964, 10941
10965, 10941
10966, 10942
10967, 10942
10968, 10945
10969, 10947
10970, 10948
10971, 10950
10972, 10950
10973, 10951
10974, 10951
10975, 10953
10976, 10953
10977, 10955
10978, 10955
10979, 10956
10980, 10956
10981, 10956
10982, 10957
10983, 10957
10984, 10957
10985, 10958
10986, 10958
10987, 10958
11022, 11023
11022, 11027
11023, 11022
11023, 11024
11023, 10999
11024, 11023
11024, 11025
11025, 11024
11025, 11026
11025, 11028
11026, 11025
11026, 11027
11026, 10989
11027, 11022
11027, 11026
11027, 10998
11028, 11025
11028, 11029
11028, 11003
11028, 11004
11029, 11028
11029, 10988
11029, 11005
11029, 11006
10988, 11029
10988, 10989
10988, 10990
10988, 11007
10989, 11026
10989, 10988
10989, 11008
10989, 11009
10990, 10988
10990, 10991
10990, 11010
10990, 11011
10991, 10990
10991, 10992
10991, 11002
10992, 10991
10992, 10993
10992, 10997
10993, 10992
10993, 10994
10993, 11012
10994, 10993
10994, 10995
10994, 11013
10995, 10994
10995, 10996
10995, 11001
10996, 10995
10996, 10997
10996, 11000
10997, 10992
10997, 10996
10997, 11014
10998, 11027
10998, 11015
10998, 11016
10999, 11023
10999, 11017
10999, 11018
11000, 10996
11001, 10995
11002, 10991
11002, 11019
11002, 11020
11002, 11021
11003, 11028
11004, 11028
11005, 11029
11006, 11029
11007, 10988
11008, 10989
11009, 10989
11010, 10990
11011, 10990
11012, 10993
11013, 10994
11014, 10997
11015, 10998
11016, 10998
11017, 10999
11018, 10999
11019, 11002
11020, 11002
11021, 11002
11060, 11061
11060, 11065
11061, 11060
11061, 11062
11061, 11079
11062, 11061
11062, 11063
11063, 11062
11063, 11064
11063, 11066
11064, 11063
11064, 11065
11064, 11069
11065, 11060
11065, 11064
11065, 11078
11066, 11063
11066, 11067
11066, 11033
11066, 11034
11067, 11066
11067, 11068
11067, 11035
11067, 11036
11068, 11067
11068, 11069
11068, 11070
11068, 11037
11069, 11064
11069, 11068
11069, 11038
11069, 11039
11070, 11068
11070, 11071
11070, 11040
11070, 11041
11071, 11070
11071, 11080
11071, 11042
11072, 11073
11072, 11077
11072, 11080
11073, 11072
11073, 11074
11073, 11043
11074, 11073
11074, 11075
11074, 11031
11075, 11074
11075, 11076
11075, 11083
11076, 11075
11076, 11077
11076, 11081
11077, 11072
11077, 11076
11077, 11044
11078, 11065
11078, 11045
11078, 11046
11079, 11061
11079, 11047
11079, 11048
11080, 11071
11080, 11072
11080, 11049
11080, 11050
11081, 11076
11081, 11082
11082, 11081
11082, 11051
11082, 11052
11082, 11053
11083, 11075
11083, 11030
11030, 11083
11030, 11054
11030, 11055
11030, 11056
11031, 11074
11031, 11032
11032, 11031
11032, 11057
11032, 11058
11032, 11059
11033, 11066
11034, 11066
11035, 11067
11036, 11067
11037, 11068
11038, 11069
11039, 11069
11040, 11070
11041, 11070
11042, 11071
11043, 11073
11044, 11077
11045, 11078
11046, 11078
11047, 11079
11048, 11079
11049, 11080
11050, 11080
11051, 11082
11052, 11082
11053, 11082
11054, 11030
11055, 11030
11056, 11030
11057, 11032
11058, 11032
11059, 11032
11084, 11085
11084, 11089
11085, 11084
11085, 11086
11085, 11103
11086, 11085
11086, 11087
11087, 11086
11087, 11088
11087, 11090
11088, 11087
11088, 11089
11088, 11093
11089, 11084
11089, 11088
11089, 11102
11090, 11087
11090, 11091
11090, 11112
11090, 11113
11091, 11090
11091, 11092
11091, 11114
11091, 11115
11092, 11091
11092, 11093
11092, 11094
11092, 11116
11093, 11088
11093, 11092
11093, 11117
11093, 11118
11094, 11092
11094, 11095
11094, 11119
11094, 11120
11095, 11094
11095, 11104
11095, 11111
11096, 11097
11096, 11101
11096, 11104
11097, 11096
11097, 11098
11097, 11121
11098, 11097
11098, 11099
11098, 11109
11099, 11098
11099, 11100
11099, 11107
11100, 11099
11100, 11101
11100, 11105
11101, 11096
11101, 11100
11101, 11122
11102, 11089
11102, 11123
11102, 11124
11103, 11085
11103, 11125
11103, 11126
11104, 11095
11104, 11096
11104, 11127
11104, 11128
11105, 11100
11105, 11106
11106, 11105
11106, 11129
11106, 11130
11106, 11131
11107, 11099
11107, 11108
11108, 11107
11108, 11132
11108, 11133
11108, 11134
11109, 11098
11109, 11110
11110, 11109
11110, 11135
11110, 11136
11110, 11137
11111, 11095
11111, 11138
11111, 11139
11111, 11140
11112, 11090
11113, 11090
11114, 11091
11115, 11091
11116, 11092
11117, 11093
11118, 11093
11119, 11094
11120, 11094
11121, 11097
11122, 11101
11123, 11102
11124, 11102
11125, 11103
11126, 11103
11127, 11104
11128, 11104
11129, 11106
11130, 11106
11131, 11106
11132, 11108
11133, 11108
11134, 11108
11135, 11110
11136, 11110
11137, 11110
11138, 11111
11139, 11111
11140, 11111
11143, 11144
11143, 11148
11144, 11143
11144, 11145
11144, 11162
11145, 11144
11145, 11146
11146, 11145
11146, 11147
11146, 11149
11147, 11146
11147, 11148
11147, 11152
11148, 11143
11148, 11147
11148, 11161
11149, 11146
11149, 11150
11149, 11165
11149, 11166
11150, 11149
11150, 11151
11150, 11167
11150, 11168
11151, 11150
11151, 11152
11151, 11153
11151, 11169
11152, 11147
11152, 11151
11152, 11170
11152, 11171
11153, 11151
11153, 11154
11153, 11172
11153, 11173
11154, 11153
11154, 11155
11154, 11164
11155, 11154
11155, 11156
11155, 11160
11156, 11155
11156, 11157
11156, 11174
11157, 11156
11157, 11158
11157, 11175
11158, 11157
11158, 11159
11158, 11176
11159, 11158
11159, 11160
11159, 11177
11160, 11155
11160, 11159
11160, 11163
11161, 11148
11161, 11178
11161, 11179
11162, 11144
11162, 11180
11162, 11181
11163, 11160
11163, 11164
11163, 11182
11163, 11183
11164, 11154
11164, 11163
11164, 11141
11164, 11142
11165, 11149
11166, 11149
11167, 11150
11168, 11150
11169, 11151
11170, 11152
11171, 11152
11172, 11153
11173, 11153
11174, 11156
11175, 11157
11176, 11158
11177, 11159
11178, 11161
11179, 11161
11180, 11162
11181, 11162
11182, 11163
11183, 11163
11141, 11164
11142, 11164
11184, 11185
11184, 11189
11185, 11184
11185, 11186
11185, 11203
11186, 11185
11186, 11187
11187, 11186
11187, 11188
11187, 11190
11188, 11187
11188, 11189
11188, 11193
11189, 11184
11189, 11188
11189, 11202
11190, 11187
11190, 11191
11190, 11208
11190, 11209
11191, 11190
11191, 11192
11191, 11210
11191, 11211
11192, 11191
11192, 11193
11192, 11194
11192, 11212
11193, 11188
11193, 11192
11193, 11213
11193, 11214
11194, 11192
11194, 11195
11194, 11215
11194, 11216
11195, 11194
11195, 11196
11195, 11217
11196, 11195
11196, 11197
11196, 11201
11197, 11196
11197, 11198
11197, 11218
11198, 11197
11198, 11199
11198, 11219
11199, 11198
11199, 11200
11199, 11220
11200, 11199
11200, 11201
11200, 11204
11201, 11196
11201, 11200
11201, 11207
11202, 11189
11202, 11221
11202, 11222
11203, 11185
11203, 11223
11203, 11224
11204, 11200
11204, 11205
11204, 11225
11205, 11204
11205, 11206
11205, 11226
11206, 11205
11206, 11207
11206, 11227
11207, 11201
11207, 11206
11207, 11228
11208, 11190
11209, 11190
11210, 11191
11211, 11191
11212, 11192
11213, 11193
11214, 11193
11215, 11194
11216, 11194
11217, 11195
11218, 11197
11219, 11198
11220, 11199
11221, 11202
11222, 11202
11223, 11203
11224, 11203
11225, 11204
11226, 11205
11227, 11206
11228, 11207
11229, 11230
11229, 11234
11230, 11229
11230, 11231
11230, 11248
11231, 11230
11231, 11232
11232, 11231
11232, 11233
11232, 11235
11233, 11232
11233, 11234
11233, 11238
11234, 11229
11234, 11233
11234, 11247
11235, 11232
11235, 11236
11235, 11254
11235, 11255
11236, 11235
11236, 11237
11236, 11256
11236, 11257
11237, 11236
11237, 11238
11237, 11239
11237, 11258
11238, 11233
11238, 11237
11238, 11259
11238, 11260
11239, 11237
11239, 11240
11239, 11261
11239, 11262
11240, 11239
11240, 11241
11240, 11253
11241, 11240
11241, 11242
11241, 11246
11242, 11241
11242, 11243
11242, 11263
11243, 11242
11243, 11244
11243, 11264
11244, 11243
11244, 11245
11244, 11265
11245, 11244
11245, 11246
11245, 11249
11246, 11241
11246, 11245
11246, 11252
11247, 11234
11247, 11266
11247, 11267
11248, 11230
11248, 11268
11248, 11269
11249, 11245
11249, 11250
11249, 11270
11250, 11249
11250, 11251
11250, 11271
11251, 11250
11251, 11252
11251, 11272
11252, 11246
11252, 11251
11252, 11273
11253, 11240
11253, 11274
11253, 11275
11253, 11276
11254, 11235
11255, 11235
11256, 11236
11257, 11236
11258, 11237
11259, 11238
11260, 11238
11261, 11239
11262, 11239
11263, 11242
11264, 11243
11265, 11244
11266, 11247
11267, 11247
11268, 11248
11269, 11248
11270, 11249
11271, 11250
11272, 11251
11273, 11252
11274, 11253
11275, 11253
11276, 11253
11277, 11278
11277, 11282
11278, 11277
11278, 11279
11278, 11295
11279, 11278
11279, 11280
11280, 11279
11280, 11281
11280, 11283
11281, 11280
11281, 11282
11281, 11286
11282, 11277
11282, 11281
11282, 11294
11283, 11280
11283, 11284
11283, 11297
11283, 11298
11284, 11283
11284, 11285
11284, 11299
11284, 11300
11285, 11284
11285, 11286
11285, 11287
11285, 11301
11286, 11281
11286, 11285
11286, 11302
11286, 11303
11287, 11285
11287, 11288
11287, 11304
11287, 11305
11288, 11287
11288, 11289
11288, 11293
11289, 11288
11289, 11290
11289, 11306
11290, 11289
11290, 11291
11290, 11307
11291, 11290
11291, 11292
11291, 11308
11292, 11291
11292, 11293
11292, 11309
11293, 11288
11293, 11292
11293, 11296
11294, 11282
11294, 11310
11294, 11311
11295, 11278
11295, 11312
11295, 11313
11296, 11293
11296, 11314
11296, 11315
11296, 11316
11297, 11283
11298, 11283
11299, 11284
11300, 11284
11301, 11285
11302, 11286
11303, 11286
11304, 11287
11305, 11287
11306, 11289
11307, 11290
11308, 11291
11309, 11292
11310, 11294
11311, 11294
11312, 11295
11313, 11295
11314, 11296
11315, 11296
11316, 11296
11317, 11318
11317, 11322
11318, 11317
11318, 11319
11318, 11335
11319, 11318
11319, 11320
11320, 11319
11320, 11321
11320, 11323
11321, 11320
11321, 11322
11321, 11326
11322, 11317
11322, 11321
11322, 11334
11323, 11320
11323, 11324
11323, 11337
11323, 11338
11324, 11323
11324, 11325
11324, 11339
11324, 11340
11325, 11324
11325, 11326
11325, 11327
11325, 11341
11326, 11321
11326, 11325
11326, 11342
11326, 11343
11327, 11325
11327, 11328
11327, 11344
11327, 11345
11328, 11327
11328, 11329
11328, 11333
11329, 11328
11329, 11330
11329, 11346
11330, 11329
11330, 11331
11330, 11347
11331, 11330
11331, 11332
11331, 11348
11332, 11331
11332, 11333
11332, 11336
11333, 11328
11333, 11332
11333, 11349
11334, 11322
11334, 11350
11334, 11351
11335, 11318
11335, 11352
11335, 11353
11336, 11332
11336, 11354
11336, 11355
11336, 11356
11337, 11323
11338, 11323
11339, 11324
11340, 11324
11341, 11325
11342, 11326
11343, 11326
11344, 11327
11345, 11327
11346, 11329
11347, 11330
11348, 11331
11349, 11333
11350, 11334
11351, 11334
11352, 11335
11353, 11335
11354, 11336
11355, 11336
11356, 11336
11357, 11358
11357, 11362
11358, 11357
11358, 11359
11358, 11375
11359, 11358
11359, 11360
11360, 11359
11360, 11361
11360, 11363
11361, 11360
11361, 11362
11361, 11366
11362, 11357
11362, 11361
11362, 11374
11363, 11360
11363, 11364
11363, 11378
11363, 11379
11364, 11363
11364, 11365
11364, 11380
11364, 11381
11365, 11364
11365, 11366
11365, 11367
11365, 11382
11366, 11361
11366, 11365
11366, 11383
11366, 11384
11367, 11365
11367, 11368
11367, 11385
11367, 11386
11368, 11367
11368, 11369
11368, 11373
11369, 11368
11369, 11370
11369, 11387
11370, 11369
11370, 11371
11370, 11388
11371, 11370
11371, 11372
11371, 11389
11372, 11371
11372, 11373
11372, 11390
11373, 11368
11373, 11372
11373, 11376
11374, 11362
11374, 11391
11374, 11392
11375, 11358
11375, 11393
11375, 11394
11376, 11373
11376, 11377
11377, 11376
11377, 11395
11377, 11396
11377, 11397
11378, 11363
11379, 11363
11380, 11364
11381, 11364
11382, 11365
11383, 11366
11384, 11366
11385, 11367
11386, 11367
11387, 11369
11388, 11370
11389, 11371
11390, 11372
11391, 11374
11392, 11374
11393, 11375
11394, 11375
11395, 11377
11396, 11377
11397, 11377
11436, 11437
11436, 11400
11437, 11436
11437, 11438
11437, 11413
11438, 11437
11438, 11398
11398, 11438
11398, 11399
11398, 11401
11399, 11398
11399, 11400
11399, 11404
11400, 11436
11400, 11399
11400, 11412
11401, 11398
11401, 11402
11401, 11416
11401, 11417
11402, 11401
11402, 11403
11402, 11418
11402, 11419
11403, 11402
11403, 11404
11403, 11405
11403, 11420
11404, 11399
11404, 11403
11404, 11421
11404, 11422
11405, 11403
11405, 11406
11405, 11423
11405, 11424
11406, 11405
11406, 11407
11406, 11411
11407, 11406
11407, 11408
11407, 11425
11408, 11407
11408, 11409
11408, 11426
11409, 11408
11409, 11410
11409, 11427
11410, 11409
11410, 11411
11410, 11414
11411, 11406
11411, 11410
11411, 11428
11412, 11400
11412, 11429
11412, 11430
11413, 11437
11413, 11431
11413, 11432
11414, 11410
11414, 11415
11415, 11414
11415, 11433
11415, 11434
11415, 11435
11416, 11401
11417, 11401
11418, 11402
11419, 11402
11420, 11403
11421, 11404
11422, 11404
11423, 11405
11424, 11405
11425, 11407
11426, 11408
11427, 11409
11428, 11411
11429, 11412
11430, 11412
11431, 11413
11432, 11413
11433, 11415
11434, 11415
11435, 11415
11439, 11440
11439, 11444
11440, 11439
11440, 11441
11440, 11457
11441, 11440
11441, 11442
11442, 11441
11442, 11443
11442, 11445
11443, 11442
11443, 11444
11443, 11448
11444, 11439
11444, 11443
11444, 11456
11445, 11442
11445, 11446
11445, 11460
11445, 11461
11446, 11445
11446, 11447
11446, 11462
11446, 11463
11447, 11446
11447, 11448
11447, 11449
11447, 11464
11448, 11443
11448, 11447
11448, 11465
11448, 11466
11449, 11447
11449, 11450
11449, 11467
11449, 11468
11450, 11449
11450, 11451
11450, 11455
11451, 11450
11451, 11452
11451, 11469
11452, 11451
11452, 11453
11452, 11470
11453, 11452
11453, 11454
11453, 11458
11454, 11453
11454, 11455
11454, 11471
11455, 11450
11455, 11454
11455, 11472
11456, 11444
11456, 11473
11456, 11474
11457, 11440
11457, 11475
11457, 11476
11458, 11453
11458, 11459
11459, 11458
11459, 11477
11459, 11478
11459, 11479
11460, 11445
11461, 11445
11462, 11446
11463, 11446
11464, 11447
11465, 11448
11466, 11448
11467, 11449
11468, 11449
11469, 11451
11470, 11452
11471, 11454
11472, 11455
11473, 11456
11474, 11456
11475, 11457
11476, 11457
11477, 11459
11478, 11459
11479, 11459
11480, 11481
11480, 11485
11481, 11480
11481, 11482
11481, 11498
11482, 11481
11482, 11483
11483, 11482
11483, 11484
11483, 11486
11484, 11483
11484, 11485
11484, 11489
11485, 11480
11485, 11484
11485, 11497
11486, 11483
11486, 11487
11486, 11503
11486, 11504
11487, 11486
11487, 11488
11487, 11505
11487, 11506
11488, 11487
11488, 11489
11488, 11490
11488, 11507
11489, 11484
11489, 11488
11489, 11508
11489, 11509
11490, 11488
11490, 11491
11490, 11510
11490, 11511
11491, 11490
11491, 11492
11491, 11496
11492, 11491
11492, 11493
11492, 11512
11493, 11492
11493, 11494
11493, 11501
11494, 11493
11494, 11495
11494, 11513
11495, 11494
11495, 11496
11495, 11514
11496, 11491
11496, 11495
11496, 11499
11497, 11485
11497, 11515
11497, 11516
11498, 11481
11498, 11517
11498, 11518
11499, 11496
11499, 11500
11500, 11499
11500, 11519
11500, 11520
11500, 11521
11501, 11493
11501, 11502
11502, 11501
11502, 11522
11502, 11523
11502, 11524
11503, 11486
11504, 11486
11505, 11487
11506, 11487
11507, 11488
11508, 11489
11509, 11489
11510, 11490
11511, 11490
11512, 11492
11513, 11494
11514, 11495
11515, 11497
11516, 11497
11517, 11498
11518, 11498
11519, 11500
11520, 11500
11521, 11500
11522, 11502
11523, 11502
11524, 11502
11560, 11561
11560, 11565
11561, 11560
11561, 11562
11561, 11533
11562, 11561
11562, 11563
11563, 11562
11563, 11564
11563, 11566
11564, 11563
11564, 11565
11564, 11569
11565, 11560
11565, 11564
11565, 11532
11566, 11563
11566, 11567
11566, 11538
11566, 11539
11567, 11566
11567, 11568
11567, 11540
11567, 11541
11568, 11567
11568, 11569
11568, 11525
11568, 11542
11569, 11564
11569, 11568
11569, 11543
11569, 11544
11525, 11568
11525, 11526
11525, 11545
11525, 11546
11526, 11525
11526, 11527
11526, 11531
11527, 11526
11527, 11528
11527, 11547
11528, 11527
11528, 11529
11528, 11548
11529, 11528
11529, 11530
11529, 11536
11530, 11529
11530, 11531
11530, 11534
11531, 11526
11531, 11530
11531, 11549
11532, 11565
11532, 11550
11532, 11551
11533, 11561
11533, 11552
11533, 11553
11534, 11530
11534, 11535
11535, 11534
11535, 11554
11535, 11555
11535, 11556
11536, 11529
11536, 11537
11537, 11536
11537, 11557
11537, 11558
11537, 11559
11538, 11566
11539, 11566
11540, 11567
11541, 11567
11542, 11568
11543, 11569
11544, 11569
11545, 11525
11546, 11525
11547, 11527
11548, 11528
11549, 11531
11550, 11532
11551, 11532
11552, 11533
11553, 11533
11554, 11535
11555, 11535
11556, 11535
11557, 11537
11558, 11537
11559, 11537
11570, 11571
11570, 11575
11571, 11570
11571, 11572
11571, 11588
11572, 11571
11572, 11573
11573, 11572
11573, 11574
11573, 11576
11574, 11573
11574, 11575
11574, 11579
11575, 11570
11575, 11574
11575, 11587
11576, 11573
11576, 11577
11576, 11595
11576, 11596
11577, 11576
11577, 11578
11577, 11597
11577, 11598
11578, 11577
11578, 11579
11578, 11580
11578, 11599
11579, 11574
11579, 11578
11579, 11600
11579, 11601
11580, 11578
11580, 11581
11580, 11602
11580, 11603
11581, 11580
11581, 11582
11581, 11586
11582, 11581
11582, 11583
11582, 11604
11583, 11582
11583, 11584
11583, 11593
11584, 11583
11584, 11585
11584, 11591
11585, 11584
11585, 11586
11585, 11589
11586, 11581
11586, 11585
11586, 11605
11587, 11575
11587, 11606
11587, 11607
11588, 11571
11588, 11608
11588, 11609
11589, 11585
11589, 11590
11590, 11589
11590, 11610
11590, 11611
11590, 11612
11591, 11584
11591, 11592
11592, 11591
11592, 11613
11592, 11614
11592, 11615
11593, 11583
11593, 11594
11594, 11593
11594, 11616
11594, 11617
11594, 11618
11595, 11576
11596, 11576
11597, 11577
11598, 11577
11599, 11578
11600, 11579
11601, 11579
11602, 11580
11603, 11580
11604, 11582
11605, 11586
11606, 11587
11607, 11587
11608, 11588
11609, 11588
11610, 11590
11611, 11590
11612, 11590
11613, 11592
11614, 11592
11615, 11592
11616, 11594
11617, 11594
11618, 11594
11642, 11643
11642, 11647
11643, 11642
11643, 11644
11643, 11625
11644, 11643
11644, 11645
11645, 11644
11645, 11646
11645, 11648
11646, 11645
11646, 11647
11646, 11621
11647, 11642
11647, 11646
11647, 11624
11648, 11645
11648, 11619
11648, 11626
11648, 11627
11619, 11648
11619, 11620
11619, 11628
11619, 11629
11620, 11619
11620, 11621
11620, 11622
11620, 11630
11621, 11646
11621, 11620
11621, 11631
11621, 11632
11622, 11620
11622, 11623
11622, 11633
11622, 11634
11623, 11622
11623, 11635
11623, 11636
11623, 11637
11624, 11647
11624, 11638
11624, 11639
11625, 11643
11625, 11640
11625, 11641
11626, 11648
11627, 11648
11628, 11619
11629, 11619
11630, 11620
11631, 11621
11632, 11621
11633, 11622
11634, 11622
11635, 11623
11636, 11623
11637, 11623
11638, 11624
11639, 11624
11640, 11625
11641, 11625
11649, 11650
11649, 11654
11650, 11649
11650, 11651
11650, 11661
11651, 11650
11651, 11652
11652, 11651
11652, 11653
11652, 11655
11653, 11652
11653, 11654
11653, 11658
11654, 11649
11654, 11653
11654, 11660
11655, 11652
11655, 11656
11655, 11665
11655, 11666
11656, 11655
11656, 11657
11656, 11667
11656, 11668
11657, 11656
11657, 11658
11657, 11659
11657, 11669
11658, 11653
11658, 11657
11658, 11670
11658, 11671
11659, 11657
11659, 11662
11659, 11663
11659, 11664
11660, 11654
11660, 11672
11660, 11673
11661, 11650
11661, 11674
11661, 11675
11662, 11659
11662, 11676
11662, 11677
11662, 11678
11663, 11659
11663, 11679
11663, 11680
11663, 11681
11664, 11659
11664, 11682
11664, 11683
11664, 11684
11665, 11655
11666, 11655
11667, 11656
11668, 11656
11669, 11657
11670, 11658
11671, 11658
11672, 11660
11673, 11660
11674, 11661
11675, 11661
11676, 11662
11677, 11662
11678, 11662
11679, 11663
11680, 11663
11681, 11663
11682, 11664
11683, 11664
11684, 11664
11685, 11686
11685, 11690
11686, 11685
11686, 11687
11686, 11697
11687, 11686
11687, 11688
11688, 11687
11688, 11689
11688, 11691
11689, 11688
11689, 11690
11689, 11694
11690, 11685
11690, 11689
11690, 11696
11691, 11688
11691, 11692
11691, 11703
11691, 11704
11692, 11691
11692, 11693
11692, 11705
11692, 11706
11693, 11692
11693, 11694
11693, 11695
11693, 11707
11694, 11689
11694, 11693
11694, 11708
11694, 11709
11695, 11693
11695, 11698
11695, 11702
11696, 11690
11696, 11710
11696, 11711
11697, 11686
11697, 11712
11697, 11713
11698, 11695
11698, 11699
11698, 11714
11699, 11698
11699, 11700
11699, 11715
11700, 11699
11700, 11701
11700, 11716
11701, 11700
11701, 11702
11701, 11717
11702, 11695
11702, 11701
11702, 11718
11703, 11691
11704, 11691
11705, 11692
11706, 11692
11707, 11693
11708, 11694
11709, 11694
11710, 11696
11711, 11696
11712, 11697
11713, 11697
11714, 11698
11715, 11699
11716, 11700
11717, 11701
11718, 11702
11719, 11720
11719, 11724
11720, 11719
11720, 11721
11720, 11731
11721, 11720
11721, 11722
11722, 11721
11722, 11723
11722, 11725
11723, 11722
11723, 11724
11723, 11728
11724, 11719
11724, 11723
11724, 11730
11725, 11722
11725, 11726
11725, 11737
11725, 11738
11726, 11725
11726, 11727
11726, 11739
11726, 11740
11727, 11726
11727, 11728
11727, 11729
11727, 11741
11728, 11723
11728, 11727
11728, 11742
11728, 11743
11729, 11727
11729, 11732
11729, 11744
11729, 11745
11730, 11724
11730, 11746
11730, 11747
11731, 11720
11731, 11748
11731, 11749
11732, 11729
11732, 11733
11732, 11736
11733, 11732
11733, 11734
11733, 11750
11734, 11733
11734, 11735
11734, 11751
11735, 11734
11735, 11736
11735, 11752
11736, 11732
11736, 11735
11737, 11725
11738, 11725
11739, 11726
11740, 11726
11741, 11727
11742, 11728
11743, 11728
11744, 11729
11745, 11729
11746, 11730
11747, 11730
11748, 11731
11749, 11731
11750, 11733
11751, 11734
11752, 11735
11786, 11753
11786, 11757
11753, 11786
11753, 11754
11753, 11764
11754, 11753
11754, 11755
11755, 11754
11755, 11756
11755, 11758
11756, 11755
11756, 11757
11756, 11761
11757, 11786
11757, 11756
11757, 11763
11758, 11755
11758, 11759
11758, 11770
11758, 11771
11759, 11758
11759, 11760
11759, 11772
11759, 11773
11760, 11759
11760, 11761
11760, 11762
11760, 11774
11761, 11756
11761, 11760
11761, 11775
11761, 11776
11762, 11760
11762, 11765
11762, 11777
11762, 11778
11763, 11757
11763, 11779
11763, 11780
11764, 11753
11764, 11781
11764, 11782
11765, 11762
11765, 11766
11765, 11769
11766, 11765
11766, 11767
11766, 11783
11767, 11766
11767, 11768
11767, 11784
11768, 11767
11768, 11769
11769, 11765
11769, 11768
11769, 11785
11770, 11758
11771, 11758
11772, 11759
11773, 11759
11774, 11760
11775, 11761
11776, 11761
11777, 11762
11778, 11762
11779, 11763
11780, 11763
11781, 11764
11782, 11764
11783, 11766
11784, 11767
11785, 11769
11787, 11788
11787, 11792
11788, 11787
11788, 11789
11788, 11799
11789, 11788
11789, 11790
11790, 11789
11790, 11791
11790, 11793
11791, 11790
11791, 11792
11791, 11796
11792, 11787
11792, 11791
11792, 11798
11793, 11790
11793, 11794
11793, 11805
11793, 11806
11794, 11793
11794, 11795
11794, 11807
11794, 11808
11795, 11794
11795, 11796
11795, 11797
11795, 11809
11796, 11791
11796, 11795
11796, 11810
11796, 11811
11797, 11795
11797, 11800
11797, 11812
11797, 11813
11798, 11792
11798, 11814
11798, 11815
11799, 11788
11799, 11816
11799, 11817
11800, 11797
11800, 11801
11800, 11804
11800, 11818
11801, 11800
11801, 11802
11802, 11801
11802, 11803
11802, 11819
11802, 11820
11803, 11802
11803, 11804
11803, 11821
11803, 11822
11804, 11800
11804, 11803
11804, 11823
11804, 11824
11805, 11793
11806, 11793
11807, 11794
11808, 11794
11809, 11795
11810, 11796
11811, 11796
11812, 11797
11813, 11797
11814, 11798
11815, 11798
11816, 11799
11817, 11799
11818, 11800
11819, 11802
11820, 11802
11821, 11803
11822, 11803
11823, 11804
11824, 11804
11825, 11826
11825, 11830
11826, 11825
11826, 11827
11826, 11844
11827, 11826
11827, 11828
11828, 11827
11828, 11829
11828, 11831
11829, 11828
11829, 11830
11829, 11834
11830, 11825
11830, 11829
11830, 11843
11831, 11828
11831, 11832
11831, 11845
11832, 11831
11832, 11833
11832, 11846
11833, 11832
11833, 11834
11833, 11835
11834, 11829
11834, 11833
11835, 11833
11835, 11836
11835, 11847
11835, 11848
11836, 11835
11836, 11837
11837, 11836
11837, 11838
11837, 11842
11838, 11837
11838, 11839
11838, 11849
11839, 11838
11839, 11840
11839, 11850
11840, 11839
11840, 11841
11840, 11851
11841, 11840
11841, 11842
11841, 11852
11842, 11837
11842, 11841
11842, 11853
11843, 11830
11843, 11854
11843, 11855
11844, 11826
11844, 11856
11844, 11857
11845, 11831
11846, 11832
11847, 11835
11848, 11835
11849, 11838
11850, 11839
11851, 11840
11852, 11841
11853, 11842
11854, 11843
11855, 11843
11856, 11844
11857, 11844
11873, 11874
11873, 11878
11874, 11873
11874, 11875
11874, 11892
11875, 11874
11875, 11876
11876, 11875
11876, 11877
11876, 11879
11877, 11876
11877, 11878
11877, 11882
11878, 11873
11878, 11877
11878, 11891
11879, 11876
11879, 11880
11879, 11858
11880, 11879
11880, 11881
11880, 11859
11881, 11880
11881, 11882
11881, 11883
11882, 11877
11882, 11881
11883, 11881
11883, 11884
11883, 11860
11883, 11861
11884, 11883
11884, 11885
11885, 11884
11885, 11886
11885, 11890
11886, 11885
11886, 11887
11886, 11862
11887, 11886
11887, 11888
11887, 11863
11888, 11887
11888, 11889
11888, 11864
11889, 11888
11889, 11890
11889, 11893
11890, 11885
11890, 11889
11890, 11896
11891, 11878
11891, 11865
11891, 11866
11892, 11874
11892, 11867
11892, 11868
11893, 11889
11893, 11894
11893, 11869
11894, 11893
11894, 11895
11894, 11870
11895, 11894
11895, 11896
11895, 11871
11896, 11890
11896, 11895
11896, 11872
11858, 11879
11859, 11880
11860, 11883
11861, 11883
11862, 11886
11863, 11887
11864, 11888
11865, 11891
11866, 11891
11867, 11892
11868, 11892
11869, 11893
11870, 11894
11871, 11895
11872, 11896
11897, 11898
11897, 11902
11898, 11897
11898, 11899
11898, 11916
11899, 11898
11899, 11900
11900, 11899
11900, 11901
11900, 11903
11901, 11900
11901, 11902
11901, 11906
11902, 11897
11902, 11901
11902, 11915
11903, 11900
11903, 11904
11903, 11921
11904, 11903
11904, 11905
11904, 11922
11905, 11904
11905, 11906
11905, 11907
11906, 11901
11906, 11905
11907, 11905
11907, 11908
11907, 11923
11907, 11924
11908, 11907
11908, 11909
11909, 11908
11909, 11910
11909, 11914
11910, 11909
11910, 11911
11910, 11925
11911, 11910
11911, 11912
11911, 11926
11912, 11911
11912, 11913
11912, 11917
11913, 11912
11913, 11914
11913, 11920
11914, 11909
11914, 11913
11914, 11927
11915, 11902
11915, 11928
11915, 11929
11916, 11898
11916, 11930
11916, 11931
11917, 11912
11917, 11918
11917, 11932
11918, 11917
11918, 11919
11918, 11933
11919, 11918
11919, 11920
11919, 11934
11920, 11913
11920, 11919
11920, 11935
11921, 11903
11922, 11904
11923, 11907
11924, 11907
11925, 11910
11926, 11911
11927, 11914
11928, 11915
11929, 11915
11930, 11916
11931, 11916
11932, 11917
11933, 11918
11934, 11919
11935, 11920
11936, 11937
11936, 11941
11937, 11936
11937, 11938
11937, 11955
11938, 11937
11938, 11939
11939, 11938
11939, 11940
11939, 11942
11940, 11939
11940, 11941
11940, 11945
11941, 11936
11941, 11940
11941, 11954
11942, 11939
11942, 11943
11942, 11960
11943, 11942
11943, 11944
11943, 11961
11944, 11943
11944, 11945
11944, 11946
11945, 11940
11945, 11944
11946, 11944
11946, 11947
11946, 11962
11946, 11963
11947, 11946
11947, 11948
11947, 11964
11948, 11947
11948, 11949
11948, 11953
11949, 11948
11949, 11950
11949, 11965
11950, 11949
11950, 11951
11950, 11958
11951, 11950
11951, 11952
11951, 11966
11952, 11951
11952, 11953
11952, 11967
11953, 11948
11953, 11952
11953, 11956
11954, 11941
11954, 11968
11954, 11969
11955, 11937
11955, 11970
11955, 11971
11956, 11953
11956, 11957
11957, 11956
11957, 11972
11957, 11973
11957, 11974
11958, 11950
11958, 11959
11959, 11958
11959, 11975
11959, 11976
11959, 11977
11960, 11942
11961, 11943
11962, 11946
11963, 11946
11964, 11947
11965, 11949
11966, 11951
11967, 11952
11968, 11954
11969, 11954
11970, 11955
11971, 11955
11972, 11957
11973, 11957
11974, 11957
11975, 11959
11976, 11959
11977, 11959
11992, 11993
11992, 11997
11993, 11992
11993, 11994
11993, 12011
11994, 11993
11994, 11995
11995, 11994
11995, 11996
11995, 11998
11996, 11995
11996, 11997
11996, 12001
11997, 11992
11997, 11996
11997, 12010
11998, 11995
11998, 11999
11998, 12018
11999, 11998
11999, 12000
11999, 12019
12000, 11999
12000, 12001
12000, 12002
12001, 11996
12001, 12000
12002, 12000
12002, 12003
12002, 12020
12002, 12021
12003, 12002
12003, 12004
12003, 12022
12004, 12003
12004, 12005
12004, 12009
12005, 12004
12005, 12006
12005, 12023
12006, 12005
12006, 12007
12006, 12012
12007, 12006
12007, 12008
12007, 12016
12008, 12007
12008, 12009
12008, 12014
12009, 12004
12009, 12008
12009, 11978
12010, 11997
12010, 11979
12010, 11980
12011, 11993
12011, 11981
12011, 11982
12012, 12006
12012, 12013
12013, 12012
12013, 11983
12013, 11984
12013, 11985
12014, 12008
12014, 12015
12015, 12014
12015, 11986
12015, 11987
12015, 11988
12016, 12007
12016, 12017
12017, 12016
12017, 11989
12017, 11990
12017, 11991
12018, 11998
12019, 11999
12020, 12002
12021, 12002
12022, 12003
12023, 12005
11978, 12009
11979, 12010
11980, 12010
11981, 12011
11982, 12011
11983, 12013
11984, 12013
11985, 12013
11986, 12015
11987, 12015
11988, 12015
11989, 12017
11990, 12017
11991, 12017
12024, 12025
12024, 12029
12025, 12024
12025, 12026
12025, 12043
12026, 12025
12026, 12027
12027, 12026
12027, 12028
12027, 12030
12028, 12027
12028, 12029
12028, 12033
12029, 12024
12029, 12028
12029, 12042
12030, 12027
12030, 12031
12030, 12051
12031, 12030
12031, 12032
12031, 12052
12032, 12031
12032, 12033
12032, 12034
12033, 12028
12033, 12032
12034, 12032
12034, 12035
12034, 12053
12034, 12054
12035, 12034
12035, 12036
12035, 12050
12036, 12035
12036, 12037
12036, 12041
12037, 12036
12037, 12038
12037, 12055
12038, 12037
12038, 12039
12038, 12044
12039, 12038
12039, 12040
12039, 12048
12040, 12039
12040, 12041
12040, 12046
12041, 12036
12041, 12040
12041, 12056
12042, 12029
12042, 12057
12042, 12058
12043, 12025
12043, 12059
12043, 12060
12044, 12038
12044, 12045
12045, 12044
12045, 12061
12045, 12062
12045, 12063
12046, 12040
12046, 12047
12047, 12046
12047, 12064
12047, 12065
12047, 12066
12048, 12039
12048, 12049
12049, 12048
12049, 12067
12049, 12068
12049, 12069
12050, 12035
12050, 12070
12050, 12071
12050, 12072
12051, 12030
12052, 12031
12053, 12034
12054, 12034
12055, 12037
12056, 12041
12057, 12042
12058, 12042
12059, 12043
12060, 12043
12061, 12045
12062, 12045
12063, 12045
12064, 12047
12065, 12047
12066, 12047
12067, 12049
12068, 12049
12069, 12049
12070, 12050
12071, 12050
12072, 12050
12073, 12074
12073, 12078
12074, 12073
12074, 12075
12074, 12092
12075, 12074
12075, 12076
12076, 12075
12076, 12077
12076, 12079
12077, 12076
12077, 12078
12077, 12082
12078, 12073
12078, 12077
12078, 12091
12079, 12076
12079, 12080
12079, 12095
12080, 12079
12080, 12081
12080, 12096
12081, 12080
12081, 12082
12081, 12083
12082, 12077
12082, 12081
12083, 12081
12083, 12084
12083, 12097
12083, 12098
12084, 12083
12084, 12085
12084, 12099
12085, 12084
12085, 12086
12085, 12090
12086, 12085
12086, 12087
12086, 12100
12087, 12086
12087, 12088
12087, 12101
12088, 12087
12088, 12089
12088, 12102
12089, 12088
12089, 12090
12089, 12103
12090, 12085
12090, 12089
12090, 12093
12091, 12078
12091, 12104
12091, 12105
12092, 12074
12092, 12106
12092, 12107
12093, 12090
12093, 12094
12094, 12093
12094, 12108
12094, 12109
12094, 12110
12095, 12079
12096, 12080
12097, 12083
12098, 12083
12099, 12084
12100, 12086
12101, 12087
12102, 12088
12103, 12089
12104, 12091
12105, 12091
12106, 12092
12107, 12092
12108, 12094
12109, 12094
12110, 12094
12111, 12112
12111, 12116
12112, 12111
12112, 12113
12112, 12130
12113, 12112
12113, 12114
12114, 12113
12114, 12115
12114, 12117
12115, 12114
12115, 12116
12115, 12120
12116, 12111
12116, 12115
12116, 12129
12117, 12114
12117, 12118
12117, 12134
12118, 12117
12118, 12119
12118, 12135
12119, 12118
12119, 12120
12119, 12121
12120, 12115
12120, 12119
12121, 12119
12121, 12122
12121, 12136
12121, 12137
12122, 12121
12122, 12123
12122, 12133
12123, 12122
12123, 12124
12123, 12128
12124, 12123
12124, 12125
12124, 12138
12125, 12124
12125, 12126
12125, 12139
12126, 12125
12126, 12127
12126, 12140
12127, 12126
12127, 12128
12127, 12141
12128, 12123
12128, 12127
12128, 12131
12129, 12116
12129, 12142
12129, 12143
12130, 12112
12130, 12144
12130, 12145
12131, 12128
12131, 12132
12132, 12131
12132, 12146
12132, 12147
12132, 12148
12133, 12122
12133, 12149
12133, 12150
12133, 12151
12134, 12117
12135, 12118
12136, 12121
12137, 12121
12138, 12124
12139, 12125
12140, 12126
12141, 12127
12142, 12129
12143, 12129
12144, 12130
12145, 12130
12146, 12132
12147, 12132
12148, 12132
12149, 12133
12150, 12133
12151, 12133
12163, 12164
12163, 12168
12164, 12163
12164, 12165
12164, 12182
12165, 12164
12165, 12166
12166, 12165
12166, 12167
12166, 12169
12167, 12166
12167, 12168
12167, 12172
12168, 12163
12168, 12167
12168, 12181
12169, 12166
12169, 12170
12169, 12185
12170, 12169
12170, 12171
12170, 12186
12171, 12170
12171, 12172
12171, 12173
12172, 12167
12172, 12171
12173, 12171
12173, 12174
12173, 12187
12173, 12188
12174, 12173
12174, 12175
12174, 12189
12175, 12174
12175, 12176
12175, 12180
12176, 12175
12176, 12177
12176, 12152
12177, 12176
12177, 12178
12177, 12153
12178, 12177
12178, 12179
12178, 12154
12179, 12178
12179, 12180
12179, 12183
12180, 12175
12180, 12179
12180, 12155
12181, 12168
12181, 12156
12181, 12157
12182, 12164
12182, 12158
12182, 12159
12183, 12179
12183, 12184
12184, 12183
12184, 12160
12184, 12161
12184, 12162
12185, 12169
12186, 12170
12187, 12173
12188, 12173
12189, 12174
12152, 12176
12153, 12177
12154, 12178
12155, 12180
12156, 12181
12157, 12181
12158, 12182
12159, 12182
12160, 12184
12161, 12184
12162, 12184
12190, 12191
12190, 12195
12191, 12190
12191, 12192
12191, 12209
12192, 12191
12192, 12193
12193, 12192
12193, 12194
12193, 12196
12194, 12193
12194, 12195
12194, 12199
12195, 12190
12195, 12194
12195, 12208
12196, 12193
12196, 12197
12196, 12213
12197, 12196
12197, 12198
12197, 12214
12198, 12197
12198, 12199
12198, 12200
12199, 12194
12199, 12198
12200, 12198
12200, 12201
12200, 12215
12200, 12216
12201, 12200
12201, 12202
12201, 12212
12202, 12201
12202, 12203
12202, 12207
12203, 12202
12203, 12204
12203, 12217
12204, 12203
12204, 12205
12204, 12218
12205, 12204
12205, 12206
12205, 12219
12206, 12205
12206, 12207
12206, 12210
12207, 12202
12207, 12206
12207, 12220
12208, 12195
12208, 12221
12208, 12222
12209, 12191
12209, 12223
12209, 12224
12210, 12206
12210, 12211
12211, 12210
12211, 12225
12211, 12226
12211, 12227
12212, 12201
12212, 12228
12212, 12229
12212, 12230
12213, 12196
12214, 12197
12215, 12200
12216, 12200
12217, 12203
12218, 12204
12219, 12205
12220, 12207
12221, 12208
12222, 12208
12223, 12209
12224, 12209
12225, 12211
12226, 12211
12227, 12211
12228, 12212
12229, 12212
12230, 12212
12231, 12232
12231, 12236
12232, 12231
12232, 12233
12232, 12250
12233, 12232
12233, 12234
12234, 12233
12234, 12235
12234, 12237
12235, 12234
12235, 12236
12235, 12240
12236, 12231
12236, 12235
12236, 12249
12237, 12234
12237, 12238
12237, 12253
12238, 12237
12238, 12239
12238, 12254
12239, 12238
12239, 12240
12239, 12241
12240, 12235
12240, 12239
12241, 12239
12241, 12242
12241, 12255
12241, 12256
12242, 12241
12242, 12243
12242, 12257
12243, 12242
12243, 12244
12243, 12248
12244, 12243
12244, 12245
12244, 12258
12245, 12244
12245, 12246
12245, 12259
12246, 12245
12246, 12247
12246, 12251
12247, 12246
12247, 12248
12247, 12260
12248, 12243
12248, 12247
12248, 12261
12249, 12236
12249, 12262
12249, 12263
12250, 12232
12250, 12264
12250, 12265
12251, 12246
12251, 12252
12252, 12251
12252, 12266
12252, 12267
12252, 12268
12253, 12237
12254, 12238
12255, 12241
12256, 12241
12257, 12242
12258, 12244
12259, 12245
12260, 12247
12261, 12248
12262, 12249
12263, 12249
12264, 12250
12265, 12250
12266, 12252
12267, 12252
12268, 12252
12272, 12273
12272, 12277
12273, 12272
12273, 12274
12273, 12291
12274, 12273
12274, 12275
12275, 12274
12275, 12276
12275, 12278
12276, 12275
12276, 12277
12276, 12281
12277, 12272
12277, 12276
12277, 12290
12278, 12275
12278, 12279
12278, 12295
12279, 12278
12279, 12280
12279, 12296
12280, 12279
12280, 12281
12280, 12282
12281, 12276
12281, 12280
12282, 12280
12282, 12283
12282, 12297
12282, 12298
12283, 12282
12283, 12284
12283, 12294
12284, 12283
12284, 12285
12284, 12289
12285, 12284
12285, 12286
12285, 12299
12286, 12285
12286, 12287
12286, 12300
12287, 12286
12287, 12288
12287, 12292
12288, 12287
12288, 12289
12288, 12301
12289, 12284
12289, 12288
12289, 12302
12290, 12277
12290, 12303
12290, 12304
12291, 12273
12291, 12305
12291, 12306
12292, 12287
12292, 12293
12293, 12292
12293, 12307
12293, 12308
12293, 12309
12294, 12283
12294, 12269
12294, 12270
12294, 12271
12295, 12278
12296, 12279
12297, 12282
12298, 12282
12299, 12285
12300, 12286
12301, 12288
12302, 12289
12303, 12290
12304, 12290
12305, 12291
12306, 12291
12307, 12293
12308, 12293
12309, 12293
12269, 12294
12270, 12294
12271, 12294
12332, 12333
12332, 12337
12333, 12332
12333, 12334
12333, 12351
12334, 12333
12334, 12335
12335, 12334
12335, 12336
12335, 12338
12336, 12335
12336, 12337
12336, 12341
12337, 12332
12337, 12336
12337, 12350
12338, 12335
12338, 12339
12338, 12314
12339, 12338
12339, 12340
12339, 12315
12340, 12339
12340, 12341
12340, 12342
12341, 12336
12341, 12340
12342, 12340
12342, 12343
12342, 12316
12342, 12317
12343, 12342
12343, 12344
12343, 12318
12344, 12343
12344, 12345
12344, 12349
12345, 12344
12345, 12346
12345, 12319
12346, 12345
12346, 12347
12346, 12320
12347, 12346
12347, 12348
12347, 12312
12348, 12347
12348, 12349
12348, 12321
12349, 12344
12349, 12348
12349, 12310
12350, 12337
12350, 12322
12350, 12323
12351, 12333
12351, 12324
12351, 12325
12310, 12349
12310, 12311
12311, 12310
12311, 12326
12311, 12327
12311, 12328
12312, 12347
12312, 12313
12313, 12312
12313, 12329
12313, 12330
12313, 12331
12314, 12338
12315, 12339
12316, 12342
12317, 12342
12318, 12343
12319, 12345
12320, 12346
12321, 12348
12322, 12350
12323, 12350
12324, 12351
12325, 12351
12326, 12311
12327, 12311
12328, 12311
12329, 12313
12330, 12313
12331, 12313
12352, 12353
12352, 12357
12353, 12352
12353, 12354
12353, 12371
12354, 12353
12354, 12355
12355, 12354
12355, 12356
12355, 12358
12356, 12355
12356, 12357
12356, 12361
12357, 12352
12357, 12356
12357, 12370
12358, 12355
12358, 12359
12358, 12377
12359, 12358
12359, 12360
12359, 12378
12360, 12359
12360, 12361
12360, 12362
12361, 12356
12361, 12360
12362, 12360
12362, 12363
12362, 12379
12362, 12380
12363, 12362
12363, 12364
12363, 12376
12364, 12363
12364, 12365
12364, 12369
12365, 12364
12365, 12366
12365, 12381
12366, 12365
12366, 12367
12366, 12382
12367, 12366
12367, 12368
12367, 12374
12368, 12367
12368, 12369
12368, 12383
12369, 12364
12369, 12368
12369, 12372
12370, 12357
12370, 12384
12370, 12385
12371, 12353
12371, 12386
12371, 12387
12372, 12369
12372, 12373
12373, 12372
12373, 12388
12373, 12389
12373, 12390
12374, 12367
12374, 12375
12375, 12374
12375, 12391
12375, 12392
12375, 12393
12376, 12363
12376, 12394
12376, 12395
12376, 12396
12377, 12358
12378, 12359
12379, 12362
12380, 12362
12381, 12365
12382, 12366
12383, 12368
12384, 12370
12385, 12370
12386, 12371
12387, 12371
12388, 12373
12389, 12373
12390, 12373
12391, 12375
12392, 12375
12393, 12375
12394, 12376
12395, 12376
12396, 12376
12423, 12424
12423, 12428
12424, 12423
12424, 12425
12424, 12397
12425, 12424
12425, 12426
12426, 12425
12426, 12427
12426, 12429
12427, 12426
12427, 12428
12427, 12432
12428, 12423
12428, 12427
12428, 12441
12429, 12426
12429, 12430
12429, 12403
12430, 12429
12430, 12431
12430, 12404
12431, 12430
12431, 12432
12431, 12433
12432, 12427
12432, 12431
12433, 12431
12433, 12434
12433, 12405
12433, 12406
12434, 12433
12434, 12435
12434, 12402
12435, 12434
12435, 12436
12435, 12440
12436, 12435
12436, 12437
12436, 12407
12437, 12436
12437, 12438
12437, 12400
12438, 12437
12438, 12439
12438, 12408
12439, 12438
12439, 12440
12439, 12409
12440, 12435
12440, 12439
12440, 12398
12441, 12428
12441, 12410
12441, 12411
12397, 12424
12397, 12412
12397, 12413
12398, 12440
12398, 12399
12399, 12398
12399, 12414
12399, 12415
12399, 12416
12400, 12437
12400, 12401
12401, 12400
12401, 12417
12401, 12418
12401, 12419
12402, 12434
12402, 12420
12402, 12421
12402, 12422
12403, 12429
12404, 12430
12405, 12433
12406, 12433
12407, 12436
12408, 12438
12409, 12439
12410, 12441
12411, 12441
12412, 12397
12413, 12397
12414, 12399
12415, 12399
12416, 12399
12417, 12401
12418, 12401
12419, 12401
12420, 12402
12421, 12402
12422, 12402
12442, 12443
12442, 12447
12443, 12442
12443, 12444
12443, 12461
12444, 12443
12444, 12445
12445, 12444
12445, 12446
12445, 12448
12446, 12445
12446, 12447
12446, 12451
12447, 12442
12447, 12446
12447, 12460
12448, 12445
12448, 12449
12448, 12466
12449, 12448
12449, 12450
12449, 12467
12450, 12449
12450, 12451
12450, 12452
12451, 12446
12451, 12450
12452, 12450
12452, 12453
12452, 12468
12452, 12469
12453, 12452
12453, 12454
12453, 12470
12454, 12453
12454, 12455
12454, 12459
12455, 12454
12455, 12456
12455, 12471
12456, 12455
12456, 12457
12456, 12472
12457, 12456
12457, 12458
12457, 12464
12458, 12457
12458, 12459
12458, 12462
12459, 12454
12459, 12458
12459, 12473
12460, 12447
12460, 12474
12460, 12475
12461, 12443
12461, 12476
12461, 12477
12462, 12458
12462, 12463
12463, 12462
12463, 12478
12463, 12479
12463, 12480
12464, 12457
12464, 12465
12465, 12464
12465, 12481
12465, 12482
12465, 12483
12466, 12448
12467, 12449
12468, 12452
12469, 12452
12470, 12453
12471, 12455
12472, 12456
12473, 12459
12474, 12460
12475, 12460
12476, 12461
12477, 12461
12478, 12463
12479, 12463
12480, 12463
12481, 12465
12482, 12465
12483, 12465
12484, 12485
12484, 12489
12485, 12484
12485, 12486
12485, 12503
12486, 12485
12486, 12487
12487, 12486
12487, 12488
12487, 12490
12488, 12487
12488, 12489
12488, 12493
12489, 12484
12489, 12488
12489, 12502
12490, 12487
12490, 12491
12490, 12509
12491, 12490
12491, 12492
12491, 12510
12492, 12491
12492, 12493
12492, 12494
12493, 12488
12493, 12492
12494, 12492
12494, 12495
12494, 12511
12494, 12512
12495, 12494
12495, 12496
12495, 12508
12496, 12495
12496, 12497
12496, 12501
12497, 12496
12497, 12498
12497, 12513
12498, 12497
12498, 12499
12498, 12514
12499, 12498
12499, 12500
12499, 12506
12500, 12499
12500, 12501
12500, 12504
12501, 12496
12501, 12500
12501, 12515
12502, 12489
12502, 12516
12502, 12517
12503, 12485
12503, 12518
12503, 12519
12504, 12500
12504, 12505
12505, 12504
12505, 12520
12505, 12521
12505, 12522
12506, 12499
12506, 12507
12507, 12506
12507, 12523
12507, 12524
12507, 12525
12508, 12495
12508, 12526
12508, 12527
12508, 12528
12509, 12490
12510, 12491
12511, 12494
12512, 12494
12513, 12497
12514, 12498
12515, 12501
12516, 12502
12517, 12502
12518, 12503
12519, 12503
12520, 12505
12521, 12505
12522, 12505
12523, 12507
12524, 12507
12525, 12507
12526, 12508
12527, 12508
12528, 12508
12529, 12530
12529, 12534
12530, 12529
12530, 12531
12530, 12548
12531, 12530
12531, 12532
12532, 12531
12532, 12533
12532, 12535
12533, 12532
12533, 12534
12533, 12538
12534, 12529
12534, 12533
12534, 12547
12535, 12532
12535, 12536
12535, 12553
12536, 12535
12536, 12537
12536, 12554
12537, 12536
12537, 12538
12537, 12539
12538, 12533
12538, 12537
12539, 12537
12539, 12540
12539, 12555
12539, 12556
12540, 12539
12540, 12541
12540, 12557
12541, 12540
12541, 12542
12541, 12546
12542, 12541
12542, 12543
12542, 12558
12543, 12542
12543, 12544
12543, 12559
12544, 12543
12544, 12545
12544, 12560
12545, 12544
12545, 12546
12545, 12549
12546, 12541
12546, 12545
12546, 12552
12547, 12534
12547, 12561
12547, 12562
12548, 12530
12548, 12563
12548, 12564
12549, 12545
12549, 12550
12549, 12565
12550, 12549
12550, 12551
12550, 12566
12551, 12550
12551, 12552
12551, 12567
12552, 12546
12552, 12551
12552, 12568
12553, 12535
12554, 12536
12555, 12539
12556, 12539
12557, 12540
12558, 12542
12559, 12543
12560, 12544
12561, 12547
12562, 12547
12563, 12548
12564, 12548
12565, 12549
12566, 12550
12567, 12551
12568, 12552
12569, 12570
12569, 12574
12570, 12569
12570, 12571
12570, 12588
12571, 12570
12571, 12572
12572, 12571
12572, 12573
12572, 12575
12573, 12572
12573, 12574
12573, 12578
12574, 12569
12574, 12573
12574, 12587
12575, 12572
12575, 12576
12575, 12593
12576, 12575
12576, 12577
12576, 12594
12577, 12576
12577, 12578
12577, 12579
12578, 12573
12578, 12577
12579, 12577
12579, 12580
12579, 12595
12579, 12596
12580, 12579
12580, 12581
12580, 12597
12581, 12580
12581, 12582
12581, 12586
12582, 12581
12582, 12583
12582, 12598
12583, 12582
12583, 12584
12583, 12599
12584, 12583
12584, 12585
12584, 12589
12585, 12584
12585, 12586
12585, 12592
12586, 12581
12586, 12585
12586, 12600
12587, 12574
12587, 12601
12587, 12602
12588, 12570
12588, 12603
12588, 12604
12589, 12584
12589, 12590
12589, 12605
12590, 12589
12590, 12591
12590, 12606
12591, 12590
12591, 12592
12591, 12607
12592, 12585
12592, 12591
12592, 12608
12593, 12575
12594, 12576
12595, 12579
12596, 12579
12597, 12580
12598, 12582
12599, 12583
12600, 12586
12601, 12587
12602, 12587
12603, 12588
12604, 12588
12605, 12589
12606, 12590
12607, 12591
12608, 12592
12627, 12628
12627, 12632
12628, 12627
12628, 12629
12628, 12646
12629, 12628
12629, 12630
12630, 12629
12630, 12631
12630, 12633
12631, 12630
12631, 12632
12631, 12636
12632, 12627
12632, 12631
12632, 12645
12633, 12630
12633, 12634
12633, 12609
12634, 12633
12634, 12635
12634, 12610
12635, 12634
12635, 12636
12635, 12637
12636, 12631
12636, 12635
12637, 12635
12637, 12638
12637, 12611
12637, 12612
12638, 12637
12638, 12639
12638, 12651
12639, 12638
12639, 12640
12639, 12644
12640, 12639
12640, 12641
12640, 12613
12641, 12640
12641, 12642
12641, 12614
12642, 12641
12642, 12643
12642, 12615
12643, 12642
12643, 12644
12643, 12647
12644, 12639
12644, 12643
12644, 12650
12645, 12632
12645, 12616
12645, 12617
12646, 12628
12646, 12618
12646, 12619
12647, 12643
12647, 12648
12647, 12620
12648, 12647
12648, 12649
12648, 12621
12649, 12648
12649, 12650
12649, 12622
12650, 12644
12650, 12649
12650, 12623
12651, 12638
12651, 12624
12651, 12625
12651, 12626
12609, 12633
12610, 12634
12611, 12637
12612, 12637
12613, 12640
12614, 12641
12615, 12642
12616, 12645
12617, 12645
12618, 12646
12619, 12646
12620, 12647
12621, 12648
12622, 12649
12623, 12650
12624, 12651
12625, 12651
12626, 12651
12652, 12653
12652, 12657
12653, 12652
12653, 12654
12653, 12671
12654, 12653
12654, 12655
12655, 12654
12655, 12656
12655, 12658
12656, 12655
12656, 12657
12656, 12661
12657, 12652
12657, 12656
12657, 12670
12658, 12655
12658, 12659
12658, 12677
12659, 12658
12659, 12660
12659, 12678
12660, 12659
12660, 12661
12660, 12662
12661, 12656
12661, 12660
12662, 12660
12662, 12663
12662, 12679
12662, 12680
12663, 12662
12663, 12664
12663, 12676
12664, 12663
12664, 12665
12664, 12669
12665, 12664
12665, 12666
12665, 12681
12666, 12665
12666, 12667
12666, 12682
12667, 12666
12667, 12668
12667, 12672
12668, 12667
12668, 12669
12668, 12675
12669, 12664
12669, 12668
12669, 12683
12670, 12657
12670, 12684
12670, 12685
12671, 12653
12671, 12686
12671, 12687
12672, 12667
12672, 12673
12672, 12688
12673, 12672
12673, 12674
12673, 12689
12674, 12673
12674, 12675
12674, 12690
12675, 12668
12675, 12674
12675, 12691
12676, 12663
12676, 12692
12676, 12693
12676, 12694
12677, 12658
12678, 12659
12679, 12662
12680, 12662
12681, 12665
12682, 12666
12683, 12669
12684, 12670
12685, 12670
12686, 12671
12687, 12671
12688, 12672
12689, 12673
12690, 12674
12691, 12675
12692, 12676
12693, 12676
12694, 12676
12695, 12696
12695, 12700
12696, 12695
12696, 12697
12696, 12714
12697, 12696
12697, 12698
12698, 12697
12698, 12699
12698, 12701
12699, 12698
12699, 12700
12699, 12704
12700, 12695
12700, 12699
12700, 12713
12701, 12698
12701, 12702
12701, 12718
12702, 12701
12702, 12703
12702, 12719
12703, 12702
12703, 12704
12703, 12705
12704, 12699
12704, 12703
12705, 12703
12705, 12706
12705, 12720
12705, 12721
12706, 12705
12706, 12707
12706, 12722
12707, 12706
12707, 12708
12707, 12712
12708, 12707
12708, 12709
12708, 12723
12709, 12708
12709, 12710
12709, 12724
12710, 12709
12710, 12711
12710, 12715
12711, 12710
12711, 12712
12711, 12725
12712, 12707
12712, 12711
12712, 12726
12713, 12700
12713, 12727
12713, 12728
12714, 12696
12714, 12729
12714, 12730
12715, 12710
12715, 12716
12715, 12717
12716, 12715
12717, 12715
12717, 12731
12717, 12732
12717, 12733
12718, 12701
12719, 12702
12720, 12705
12721, 12705
12722, 12706
12723, 12708
12724, 12709
12725, 12711
12726, 12712
12727, 12713
12728, 12713
12729, 12714
12730, 12714
12731, 12717
12732, 12717
12733, 12717
12748, 12749
12748, 12753
12749, 12748
12749, 12750
12749, 12767
12750, 12749
12750, 12751
12751, 12750
12751, 12752
12751, 12754
12752, 12751
12752, 12753
12752, 12757
12753, 12748
12753, 12752
12753, 12766
12754, 12751
12754, 12755
12754, 12772
12755, 12754
12755, 12756
12755, 12773
12756, 12755
12756, 12757
12756, 12758
12757, 12752
12757, 12756
12758, 12756
12758, 12759
12758, 12774
12758, 12775
12759, 12758
12759, 12760
12759, 12771
12760, 12759
12760, 12761
12760, 12765
12761, 12760
12761, 12762
12761, 12734
12762, 12761
12762, 12763
12762, 12735
12763, 12762
12763, 12764
12763, 12768
12764, 12763
12764, 12765
12764, 12736
12765, 12760
12765, 12764
12765, 12737
12766, 12753
12766, 12738
12766, 12739
12767, 12749
12767, 12740
12767, 12741
12768, 12763
12768, 12769
12768, 12770
12769, 12768
12770, 12768
12770, 12742
12770, 12743
12770, 12744
12771, 12759
12771, 12745
12771, 12746
12771, 12747
12772, 12754
12773, 12755
12774, 12758
12775, 12758
12734, 12761
12735, 12762
12736, 12764
12737, 12765
12738, 12766
12739, 12766
12740, 12767
12741, 12767
12742, 12770
12743, 12770
12744, 12770
12745, 12771
12746, 12771
12747, 12771
12776, 12777
12776, 12781
12777, 12776
12777, 12778
12777, 12795
12778, 12777
12778, 12779
12779, 12778
12779, 12780
12779, 12782
12780, 12779
12780, 12781
12780, 12785
12781, 12776
12781, 12780
12781, 12794
12782, 12779
12782, 12783
12782, 12801
12783, 12782
12783, 12784
12783, 12802
12784, 12783
12784, 12785
12784, 12786
12785, 12780
12785, 12784
12786, 12784
12786, 12787
12786, 12803
12786, 12804
12787, 12786
12787, 12788
12787, 12799
12788, 12787
12788, 12789
12788, 12793
12789, 12788
12789, 12790
12789, 12805
12790, 12789
12790, 12791
12790, 12806
12791, 12790
12791, 12792
12791, 12796
12792, 12791
12792, 12793
12792, 12807
12793, 12788
12793, 12792
12793, 12808
12794, 12781
12794, 12809
12794, 12810
12795, 12777
12795, 12811
12795, 12812
12796, 12791
12796, 12797
12796, 12798
12797, 12796
12798, 12796
12798, 12813
12798, 12814
12798, 12815
12799, 12787
12799, 12800
12800, 12799
12800, 12816
12801, 12782
12802, 12783
12803, 12786
12804, 12786
12805, 12789
12806, 12790
12807, 12792
12808, 12793
12809, 12794
12810, 12794
12811, 12795
12812, 12795
12813, 12798
12814, 12798
12815, 12798
12816, 12800
12817, 12818
12817, 12822
12818, 12817
12818, 12819
12818, 12828
12819, 12818
12819, 12820
12820, 12819
12820, 12821
12820, 12823
12821, 12820
12821, 12822
12821, 12826
12822, 12817
12822, 12821
12822, 12827
12823, 12820
12823, 12824
12823, 12838
12824, 12823
12824, 12825
12824, 12839
12825, 12824
12825, 12826
12825, 12829
12826, 12821
12826, 12825
12827, 12822
12827, 12840
12827, 12841
12828, 12818
12828, 12842
12828, 12843
12829, 12825
12829, 12830
12830, 12829
12830, 12831
12830, 12835
12831, 12830
12831, 12832
12831, 12844
12832, 12831
12832, 12833
12832, 12845
12833, 12832
12833, 12834
12833, 12846
12834, 12833
12834, 12835
12834, 12847
12835, 12830
12835, 12834
12835, 12836
12836, 12835
12836, 12837
12837, 12836
12837, 12848
12837, 12849
12837, 12850
12838, 12823
12839, 12824
12840, 12827
12841, 12827
12842, 12828
12843, 12828
12844, 12831
12845, 12832
12846, 12833
12847, 12834
12848, 12837
12849, 12837
12850, 12837
12851, 12852
12851, 12856
12852, 12851
12852, 12853
12852, 12862
12853, 12852
12853, 12854
12854, 12853
12854, 12855
12854, 12857
12855, 12854
12855, 12856
12855, 12860
12856, 12851
12856, 12855
12856, 12861
12857, 12854
12857, 12858
12857, 12872
12858, 12857
12858, 12859
12858, 12873
12859, 12858
12859, 12860
12859, 12863
12860, 12855
12860, 12859
12861, 12856
12861, 12874
12861, 12875
12862, 12852
12862, 12876
12862, 12877
12863, 12859
12863, 12864
12864, 12863
12864, 12865
12864, 12869
12865, 12864
12865, 12866
12865, 12878
12866, 12865
12866, 12867
12866, 12879
12867, 12866
12867, 12868
12867, 12870
12868, 12867
12868, 12869
12868, 12880
12869, 12864
12869, 12868
12869, 12881
12870, 12867
12870, 12871
12871, 12870
12871, 12882
12871, 12883
12871, 12884
12872, 12857
12873, 12858
12874, 12861
12875, 12861
12876, 12862
12877, 12862
12878, 12865
12879, 12866
12880, 12868
12881, 12869
12882, 12871
12883, 12871
12884, 12871
12885, 12886
12885, 12890
12886, 12885
12886, 12887
12886, 12896
12887, 12886
12887, 12888
12888, 12887
12888, 12889
12888, 12891
12889, 12888
12889, 12890
12889, 12894
12890, 12885
12890, 12889
12890, 12895
12891, 12888
12891, 12892
12891, 12908
12892, 12891
12892, 12893
12892, 12909
12893, 12892
12893, 12894
12893, 12897
12894, 12889
12894, 12893
12895, 12890
12895, 12910
12895, 12911
12896, 12886
12896, 12912
12896, 12913
12897, 12893
12897, 12898
12898, 12897
12898, 12899
12898, 12903
12899, 12898
12899, 12900
12899, 12914
12900, 12899
12900, 12901
12900, 12915
12901, 12900
12901, 12902
12901, 12904
12902, 12901
12902, 12903
12902, 12906
12903, 12898
12903, 12902
12903, 12916
12904, 12901
12904, 12905
12905, 12904
12905, 12917
12905, 12918
12905, 12919
12906, 12902
12906, 12907
12907, 12906
12907, 12920
12907, 12921
12907, 12922
12908, 12891
12909, 12892
12910, 12895
12911, 12895
12912, 12896
12913, 12896
12914, 12899
12915, 12900
12916, 12903
12917, 12905
12918, 12905
12919, 12905
12920, 12907
12921, 12907
12922, 12907
12947, 12948
12947, 12952
12948, 12947
12948, 12949
12948, 12958
12949, 12948
12949, 12950
12950, 12949
12950, 12951
12950, 12953
12951, 12950
12951, 12952
12951, 12956
12952, 12947
12952, 12951
12952, 12957
12953, 12950
12953, 12954
12953, 12934
12954, 12953
12954, 12955
12954, 12935
12955, 12954
12955, 12956
12955, 12931
12956, 12951
12956, 12955
12957, 12952
12957, 12936
12957, 12937
12958, 12948
12958, 12938
12958, 12939
12923, 12924
12923, 12928
12923, 12931
12924, 12923
12924, 12925
12924, 12940
12925, 12924
12925, 12926
12925, 12941
12926, 12925
12926, 12927
12926, 12942
12927, 12926
12927, 12928
12927, 12943
12928, 12923
12928, 12927
12928, 12929
12929, 12928
12929, 12930
12930, 12929
12930, 12944
12930, 12945
12930, 12946
12931, 12955
12931, 12923
12931, 12932
12931, 12933
12932, 12931
12933, 12931
12934, 12953
12935, 12954
12936, 12957
12937, 12957
12938, 12958
12939, 12958
12940, 12924
12941, 12925
12942, 12926
12943, 12927
12944, 12930
12945, 12930
12946, 12930
12959, 12960
12959, 12964
12960, 12959
12960, 12961
12960, 12970
12961, 12960
12961, 12962
12962, 12961
12962, 12963
12962, 12965
12963, 12962
12963, 12964
12963, 12968
12964, 12959
12964, 12963
12964, 12969
12965, 12962
12965, 12966
12965, 12982
12966, 12965
12966, 12967
12966, 12983
12967, 12966
12967, 12968
12967, 12979
12968, 12963
12968, 12967
12969, 12964
12969, 12984
12969, 12985
12970, 12960
12970, 12986
12970, 12987
12971, 12972
12971, 12976
12971, 12979
12972, 12971
12972, 12973
12972, 12988
12973, 12972
12973, 12974
12973, 12989
12974, 12973
12974, 12975
12974, 12977
12975, 12974
12975, 12976
12975, 12990
12976, 12971
12976, 12975
12976, 12991
12977, 12974
12977, 12978
12978, 12977
12978, 12992
12978, 12993
12978, 12994
12979, 12967
12979, 12971
12979, 12980
12979, 12981
12980, 12979
12981, 12979
12982, 12965
12983, 12966
12984, 12969
12985, 12969
12986, 12970
12987, 12970
12988, 12972
12989, 12973
12990, 12975
12991, 12976
12992, 12978
12993, 12978
12994, 12978
12995, 12996
12995, 13000
12996, 12995
12996, 12997
12996, 13006
12997, 12996
12997, 12998
12998, 12997
12998, 12999
12998, 13001
12999, 12998
12999, 13000
12999, 13004
13000, 12995
13000, 12999
13000, 13005
13001, 12998
13001, 13002
13001, 13020
13002, 13001
13002, 13003
13002, 13021
13003, 13002
13003, 13004
13003, 13017
13004, 12999
13004, 13003
13005, 13000
13005, 13022
13005, 13023
13006, 12996
13006, 13024
13006, 13025
13007, 13008
13007, 13012
13007, 13017
13008, 13007
13008, 13009
13008, 13026
13009, 13008
13009, 13010
13009, 13027
13010, 13009
13010, 13011
13010, 13013
13011, 13010
13011, 13012
13011, 13015
13012, 13007
13012, 13011
13012, 13028
13013, 13010
13013, 13014
13014, 13013
13014, 13029
13014, 13030
13014, 13031
13015, 13011
13015, 13016
13016, 13015
13016, 13032
13016, 13033
13016, 13034
13017, 13003
13017, 13007
13017, 13018
13017, 13019
13018, 13017
13019, 13017
13020, 13001
13021, 13002
13022, 13005
13023, 13005
13024, 13006
13025, 13006
13026, 13008
13027, 13009
13028, 13012
13029, 13014
13030, 13014
13031, 13014
13032, 13016
13033, 13016
13034, 13016
13042, 13043
13042, 13047
13043, 13042
13043, 13044
13043, 13053
13044, 13043
13044, 13045
13045, 13044
13045, 13046
13045, 13048
13046, 13045
13046, 13047
13046, 13051
13047, 13042
13047, 13046
13047, 13052
13048, 13045
13048, 13049
13048, 13063
13049, 13048
13049, 13050
13049, 13064
13050, 13049
13050, 13051
13050, 13054
13051, 13046
13051, 13050
13052, 13047
13052, 13065
13052, 13066
13053, 13043
13053, 13067
13053, 13068
13054, 13050
13054, 13055
13054, 13069
13055, 13054
13055, 13056
13055, 13060
13056, 13055
13056, 13057
13056, 13035
13057, 13056
13057, 13058
13057, 13036
13058, 13057
13058, 13059
13058, 13037
13059, 13058
13059, 13060
13059, 13038
13060, 13055
13060, 13059
13060, 13061
13061, 13060
13061, 13062
13062, 13061
13062, 13039
13062, 13040
13062, 13041
13063, 13048
13064, 13049
13065, 13052
13066, 13052
13067, 13053
13068, 13053
13069, 13054
13035, 13056
13036, 13057
13037, 13058
13038, 13059
13039, 13062
13040, 13062
13041, 13062
13070, 13071
13070, 13075
13071, 13070
13071, 13072
13071, 13081
13072, 13071
13072, 13073
13073, 13072
13073, 13074
13073, 13076
13074, 13073
13074, 13075
13074, 13079
13075, 13070
13075, 13074
13075, 13080
13076, 13073
13076, 13077
13076, 13091
13077, 13076
13077, 13078
13077, 13092
13078, 13077
13078, 13079
13078, 13082
13079, 13074
13079, 13078
13080, 13075
13080, 13093
13080, 13094
13081, 13071
13081, 13095
13081, 13096
13082, 13078
13082, 13083
13082, 13097
13083, 13082
13083, 13084
13083, 13088
13084, 13083
13084, 13085
13084, 13098
13085, 13084
13085, 13086
13085, 13099
13086, 13085
13086, 13087
13086, 13089
13087, 13086
13087, 13088
13087, 13100
13088, 13083
13088, 13087
13088, 13101
13089, 13086
13089, 13090
13090, 13089
13090, 13102
13090, 13103
13090, 13104
13091, 13076
13092, 13077
13093, 13080
13094, 13080
13095, 13081
13096, 13081
13097, 13082
13098, 13084
13099, 13085
13100, 13087
13101, 13088
13102, 13090
13103, 13090
13104, 13090
13105, 13106
13105, 13110
13106, 13105
13106, 13107
13106, 13116
13107, 13106
13107, 13108
13108, 13107
13108, 13109
13108, 13111
13109, 13108
13109, 13110
13109, 13114
13110, 13105
13110, 13109
13110, 13115
13111, 13108
13111, 13112
13111, 13128
13112, 13111
13112, 13113
13112, 13129
13113, 13112
13113, 13114
13113, 13117
13114, 13109
13114, 13113
13115, 13110
13115, 13130
13115, 13131
13116, 13106
13116, 13132
13116, 13133
13117, 13113
13117, 13118
13117, 13134
13118, 13117
13118, 13119
13118, 13123
13119, 13118
13119, 13120
13119, 13135
13120, 13119
13120, 13121
13120, 13136
13121, 13120
13121, 13122
13121, 13124
13122, 13121
13122, 13123
13122, 13126
13123, 13118
13123, 13122
13123, 13137
13124, 13121
13124, 13125
13125, 13124
13125, 13138
13125, 13139
13125, 13140
13126, 13122
13126, 13127
13127, 13126
13127, 13141
13127, 13142
13127, 13143
13128, 13111
13129, 13112
13130, 13115
13131, 13115
13132, 13116
13133, 13116
13134, 13117
13135, 13119
13136, 13120
13137, 13123
13138, 13125
13139, 13125
13140, 13125
13141, 13127
13142, 13127
13143, 13127
13144, 13145
13144, 13149
13145, 13144
13145, 13146
13145, 13155
13146, 13145
13146, 13147
13147, 13146
13147, 13148
13147, 13150
13148, 13147
13148, 13149
13148, 13153
13149, 13144
13149, 13148
13149, 13154
13150, 13147
13150, 13151
13150, 13166
13151, 13150
13151, 13152
13151, 13167
13152, 13151
13152, 13153
13152, 13156
13153, 13148
13153, 13152
13154, 13149
13154, 13168
13154, 13169
13155, 13145
13155, 13170
13155, 13171
13156, 13152
13156, 13157
13156, 13165
13157, 13156
13157, 13158
13157, 13162
13158, 13157
13158, 13159
13158, 13172
13159, 13158
13159, 13160
13159, 13173
13160, 13159
13160, 13161
13160, 13163
13161, 13160
13161, 13162
13161, 13174
13162, 13157
13162, 13161
13162, 13175
13163, 13160
13163, 13164
13164, 13163
13164, 13176
13164, 13177
13164, 13178
13165, 13156
13165, 13179
13165, 13180
13165, 13181
13166, 13150
13167, 13151
13168, 13154
13169, 13154
13170, 13155
13171, 13155
13172, 13158
13173, 13159
13174, 13161
13175, 13162
13176, 13164
13177, 13164
13178, 13164
13179, 13165
13180, 13165
13181, 13165
13215, 13216
13215, 13220
13216, 13215
13216, 13217
13216, 13184
13217, 13216
13217, 13218
13218, 13217
13218, 13219
13218, 13221
13219, 13218
13219, 13220
13219, 13182
13220, 13215
13220, 13219
13220, 13183
13221, 13218
13221, 13222
13221, 13197
13222, 13221
13222, 13223
13222, 13198
13223, 13222
13223, 13182
13223, 13185
13182, 13219
13182, 13223
13183, 13220
13183, 13199
13183, 13200
13184, 13216
13184, 13201
13184, 13202
13185, 13223
13185, 13186
13185, 13196
13186, 13185
13186, 13187
13186, 13191
13187, 13186
13187, 13188
13187, 13203
13188, 13187
13188, 13189
13188, 13204
13189, 13188
13189, 13190
13189, 13192
13190, 13189
13190, 13191
13190, 13194
13191, 13186
13191, 13190
13191, 13205
13192, 13189
13192, 13193
13193, 13192
13193, 13206
13193, 13207
13193, 13208
13194, 13190
13194, 13195
13195, 13194
13195, 13209
13195, 13210
13195, 13211
13196, 13185
13196, 13212
13196, 13213
13196, 13214
13197, 13221
13198, 13222
13199, 13183
13200, 13183
13201, 13184
13202, 13184
13203, 13187
13204, 13188
13205, 13191
13206, 13193
13207, 13193
13208, 13193
13209, 13195
13210, 13195
13211, 13195
13212, 13196
13213, 13196
13214, 13196
13224, 13225
13224, 13229
13225, 13224
13225, 13226
13225, 13235
13226, 13225
13226, 13227
13227, 13226
13227, 13228
13227, 13230
13228, 13227
13228, 13229
13228, 13233
13229, 13224
13229, 13228
13229, 13234
13230, 13227
13230, 13231
13230, 13247
13231, 13230
13231, 13232
13231, 13248
13232, 13231
13232, 13233
13232, 13236
13233, 13228
13233, 13232
13234, 13229
13234, 13249
13234, 13250
13235, 13225
13235, 13251
13235, 13252
13236, 13232
13236, 13237
13236, 13253
13237, 13236
13237, 13238
13237, 13242
13238, 13237
13238, 13239
13238, 13254
13239, 13238
13239, 13240
13239, 13245
13240, 13239
13240, 13241
13240, 13255
13241, 13240
13241, 13242
13241, 13256
13242, 13237
13242, 13241
13242, 13243
13243, 13242
13243, 13244
13244, 13243
13244, 13257
13244, 13258
13244, 13259
13245, 13239
13245, 13246
13246, 13245
13246, 13260
13246, 13261
13246, 13262
13247, 13230
13248, 13231
13249, 13234
13250, 13234
13251, 13235
13252, 13235
13253, 13236
13254, 13238
13255, 13240
13256, 13241
13257, 13244
13258, 13244
13259, 13244
13260, 13246
13261, 13246
13262, 13246
13263, 13264
13263, 13268
13264, 13263
13264, 13265
13264, 13274
13265, 13264
13265, 13266
13266, 13265
13266, 13267
13266, 13269
13267, 13266
13267, 13268
13267, 13272
13268, 13263
13268, 13267
13268, 13273
13269, 13266
13269, 13270
13269, 13287
13270, 13269
13270, 13271
13270, 13288
13271, 13270
13271, 13272
13271, 13275
13272, 13267
13272, 13271
13273, 13268
13273, 13289
13273, 13290
13274, 13264
13274, 13291
13274, 13292
13275, 13271
13275, 13276
13275, 13286
13276, 13275
13276, 13277
13276, 13281
13277, 13276
13277, 13278
13277, 13293
13278, 13277
13278, 13279
13278, 13284
13279, 13278
13279, 13280
13279, 13294
13280, 13279
13280, 13281
13280, 13295
13281, 13276
13281, 13280
13281, 13282
13282, 13281
13282, 13283
13283, 13282
13283, 13296
13283, 13297
13283, 13298
13284, 13278
13284, 13285
13285, 13284
13285, 13299
13285, 13300
13285, 13301
13286, 13275
13286, 13302
13286, 13303
13286, 13304
13287, 13269
13288, 13270
13289, 13273
13290, 13273
13291, 13274
13292, 13274
13293, 13277
13294, 13279
13295, 13280
13296, 13283
13297, 13283
13298, 13283
13299, 13285
13300, 13285
13301, 13285
13302, 13286
13303, 13286
13304, 13286
13334, 13335
13334, 13339
13335, 13334
13335, 13336
13335, 13345
13336, 13335
13336, 13337
13337, 13336
13337, 13338
13337, 13340
13338, 13337
13338, 13339
13338, 13343
13339, 13334
13339, 13338
13339, 13344
13340, 13337
13340, 13341
13340, 13316
13341, 13340
13341, 13342
13341, 13317
13342, 13341
13342, 13343
13342, 13346
13343, 13338
13343, 13342
13344, 13339
13344, 13318
13344, 13319
13345, 13335
13345, 13320
13345, 13321
13346, 13342
13346, 13347
13346, 13322
13347, 13346
13347, 13305
13347, 13309
13305, 13347
13305, 13306
13305, 13323
13306, 13305
13306, 13307
13306, 13310
13307, 13306
13307, 13308
13307, 13314
13308, 13307
13308, 13309
13308, 13312
13309, 13347
13309, 13308
13309, 13324
13310, 13306
13310, 13311
13311, 13310
13311, 13325
13311, 13326
13311, 13327
13312, 13308
13312, 13313
13313, 13312
13313, 13328
13313, 13329
13313, 13330
13314, 13307
13314, 13315
13315, 13314
13315, 13331
13315, 13332
13315, 13333
13316, 13340
13317, 13341
13318, 13344
13319, 13344
13320, 13345
13321, 13345
13322, 13346
13323, 13305
13324, 13309
13325, 13311
13326, 13311
13327, 13311
13328, 13313
13329, 13313
13330, 13313
13331, 13315
13332, 13315
13333, 13315
13348, 13349
13348, 13353
13349, 13348
13349, 13350
13349, 13359
13350, 13349
13350, 13351
13351, 13350
13351, 13352
13351, 13354
13352, 13351
13352, 13353
13352, 13357
13353, 13348
13353, 13352
13353, 13358
13354, 13351
13354, 13355
13354, 13374
13355, 13354
13355, 13356
13355, 13375
13356, 13355
13356, 13357
13356, 13360
13357, 13352
13357, 13356
13358, 13353
13358, 13376
13358, 13377
13359, 13349
13359, 13378
13359, 13379
13360, 13356
13360, 13361
13360, 13373
13361, 13360
13361, 13362
13361, 13366
13362, 13361
13362, 13363
13362, 13380
13363, 13362
13363, 13364
13363, 13367
13364, 13363
13364, 13365
13364, 13371
13365, 13364
13365, 13366
13365, 13369
13366, 13361
13366, 13365
13366, 13381
13367, 13363
13367, 13368
13368, 13367
13368, 13382
13368, 13383
13368, 13384
13369, 13365
13369, 13370
13370, 13369
13370, 13385
13370, 13386
13370, 13387
13371, 13364
13371, 13372
13372, 13371
13372, 13388
13372, 13389
13372, 13390
13373, 13360
13373, 13391
13373, 13392
13373, 13393
13374, 13354
13375, 13355
13376, 13358
13377, 13358
13378, 13359
13379, 13359
13380, 13362
13381, 13366
13382, 13368
13383, 13368
13384, 13368
13385, 13370
13386, 13370
13387, 13370
13388, 13372
13389, 13372
13390, 13372
13391, 13373
13392, 13373
13393, 13373
13394, 13395
13394, 13399
13395, 13394
13395, 13396
13395, 13405
13396, 13395
13396, 13397
13397, 13396
13397, 13398
13397, 13400
13398, 13397
13398, 13399
13398, 13403
13399, 13394
13399, 13398
13399, 13404
13400, 13397
13400, 13401
13400, 13418
13401, 13400
13401, 13402
13401, 13419
13402, 13401
13402, 13403
13402, 13406
13403, 13398
13403, 13402
13404, 13399
13404, 13420
13404, 13421
13405, 13395
13405, 13422
13405, 13423
13406, 13402
13406, 13407
13406, 13417
13407, 13406
13407, 13408
13407, 13412
13408, 13407
13408, 13409
13408, 13424
13409, 13408
13409, 13410
13409, 13425
13410, 13409
13410, 13411
13410, 13426
13411, 13410
13411, 13412
13411, 13413
13412, 13407
13412, 13411
13412, 13416
13413, 13411
13413, 13414
13413, 13427
13414, 13413
13414, 13415
13414, 13428
13415, 13414
13415, 13416
13415, 13429
13416, 13412
13416, 13415
13416, 13430
13417, 13406
13417, 13431
13417, 13432
13417, 13433
13418, 13400
13419, 13401
13420, 13404
13421, 13404
13422, 13405
13423, 13405
13424, 13408
13425, 13409
13426, 13410
13427, 13413
13428, 13414
13429, 13415
13430, 13416
13431, 13417
13432, 13417
13433, 13417
13458, 13459
13458, 13463
13459, 13458
13459, 13460
13459, 13469
13460, 13459
13460, 13461
13461, 13460
13461, 13462
13461, 13464
13462, 13461
13462, 13463
13462, 13467
13463, 13458
13463, 13462
13463, 13468
13464, 13461
13464, 13465
13464, 13444
13465, 13464
13465, 13466
13465, 13445
13466, 13465
13466, 13467
13466, 13470
13467, 13462
13467, 13466
13468, 13463
13468, 13446
13468, 13447
13469, 13459
13469, 13448
13469, 13449
13470, 13466
13470, 13434
13470, 13450
13434, 13470
13434, 13435
13434, 13439
13435, 13434
13435, 13436
13435, 13451
13436, 13435
13436, 13437
13436, 13452
13437, 13436
13437, 13438
13437, 13440
13438, 13437
13438, 13439
13438, 13443
13439, 13434
13439, 13438
13439, 13453
13440, 13437
13440, 13441
13440, 13454
13441, 13440
13441, 13442
13441, 13455
13442, 13441
13442, 13443
13442, 13456
13443, 13438
13443, 13442
13443, 13457
13444, 13464
13445, 13465
13446, 13468
13447, 13468
13448, 13469
13449, 13469
13450, 13470
13451, 13435
13452, 13436
13453, 13439
13454, 13440
13455, 13441
13456, 13442
13457, 13443
13471, 13472
13471, 13476
13472, 13471
13472, 13473
13472, 13482
13473, 13472
13473, 13474
13474, 13473
13474, 13475
13474, 13477
13475, 13474
13475, 13476
13475, 13480
13476, 13471
13476, 13475
13476, 13481
13477, 13474
13477, 13478
13477, 13495
13478, 13477
13478, 13479
13478, 13496
13479, 13478
13479, 13480
13479, 13483
13480, 13475
13480, 13479
13481, 13476
13481, 13497
13481, 13498
13482, 13472
13482, 13499
13482, 13500
13483, 13479
13483, 13484
13483, 13494
13484, 13483
13484, 13485
13484, 13489
13485, 13484
13485, 13486
13485, 13501
13486, 13485
13486, 13487
13486, 13502
13487, 13486
13487, 13488
13487, 13490
13488, 13487
13488, 13489
13488, 13493
13489, 13484
13489, 13488
13489, 13503
13490, 13487
13490, 13491
13490, 13504
13491, 13490
13491, 13492
13491, 13505
13492, 13491
13492, 13493
13492, 13506
13493, 13488
13493, 13492
13493, 13507
13494, 13483
13494, 13508
13494, 13509
13494, 13510
13495, 13477
13496, 13478
13497, 13481
13498, 13481
13499, 13482
13500, 13482
13501, 13485
13502, 13486
13503, 13489
13504, 13490
13505, 13491
13506, 13492
13507, 13493
13508, 13494
13509, 13494
13510, 13494
13511, 13512
13511, 13516
13512, 13511
13512, 13513
13512, 13522
13513, 13512
13513, 13514
13514, 13513
13514, 13515
13514, 13517
13515, 13514
13515, 13516
13515, 13520
13516, 13511
13516, 13515
13516, 13521
13517, 13514
13517, 13518
13517, 13530
13518, 13517
13518, 13519
13518, 13531
13519, 13518
13519, 13520
13519, 13523
13520, 13515
13520, 13519
13521, 13516
13521, 13532
13521, 13533
13522, 13512
13522, 13534
13522, 13535
13523, 13519
13523, 13524
13523, 13536
13524, 13523
13524, 13525
13524, 13529
13525, 13524
13525, 13526
13525, 13537
13526, 13525
13526, 13527
13526, 13538
13527, 13526
13527, 13528
13527, 13539
13528, 13527
13528, 13529
13528, 13540
13529, 13524
13529, 13528
13529, 13541
13530, 13517
13531, 13518
13532, 13521
13533, 13521
13534, 13522
13535, 13522
13536, 13523
13537, 13525
13538, 13526
13539, 13527
13540, 13528
13541, 13529
13543, 13544
13543, 13548
13544, 13543
13544, 13545
13544, 13554
13545, 13544
13545, 13546
13546, 13545
13546, 13547
13546, 13549
13547, 13546
13547, 13548
13547, 13552
13548, 13543
13548, 13547
13548, 13553
13549, 13546
13549, 13550
13549, 13563
13550, 13549
13550, 13551
13550, 13564
13551, 13550
13551, 13552
13551, 13555
13552, 13547
13552, 13551
13553, 13548
13553, 13565
13553, 13566
13554, 13544
13554, 13567
13554, 13568
13555, 13551
13555, 13556
13555, 13562
13556, 13555
13556, 13557
13556, 13561
13557, 13556
13557, 13558
13557, 13569
13558, 13557
13558, 13559
13558, 13570
13559, 13558
13559, 13560
13559, 13571
13560, 13559
13560, 13561
13560, 13572
13561, 13556
13561, 13560
13561, 13573
13562, 13555
13562, 13574
13562, 13575
13562, 13542
13563, 13549
13564, 13550
13565, 13553
13566, 13553
13567, 13554
13568, 13554
13569, 13557
13570, 13558
13571, 13559
13572, 13560
13573, 13561
13574, 13562
13575, 13562
13542, 13562
13576, 13577
13576, 13581
13577, 13576
13577, 13578
13577, 13587
13578, 13577
13578, 13579
13579, 13578
13579, 13580
13579, 13582
13580, 13579
13580, 13581
13580, 13585
13581, 13576
13581, 13580
13581, 13586
13582, 13579
13582, 13583
13582, 13602
13583, 13582
13583, 13584
13583, 13603
13584, 13583
13584, 13585
13584, 13588
13585, 13580
13585, 13584
13586, 13581
13586, 13604
13586, 13605
13587, 13577
13587, 13606
13587, 13607
13588, 13584
13588, 13601
13588, 13608
13589, 13590
13589, 13594
13589, 13601
13590, 13589
13590, 13591
13590, 13609
13591, 13590
13591, 13592
13591, 13595
13592, 13591
13592, 13593
13592, 13599
13593, 13592
13593, 13594
13593, 13597
13594, 13589
13594, 13593
13594, 13610
13595, 13591
13595, 13596
13596, 13595
13596, 13611
13596, 13612
13596, 13613
13597, 13593
13597, 13598
13598, 13597
13598, 13614
13598, 13615
13598, 13616
13599, 13592
13599, 13600
13600, 13599
13600, 13617
13600, 13618
13600, 13619
13601, 13588
13601, 13589
13601, 13620
13601, 13621
13602, 13582
13603, 13583
13604, 13586
13605, 13586
13606, 13587
13607, 13587
13608, 13588
13609, 13590
13610, 13594
13611, 13596
13612, 13596
13613, 13596
13614, 13598
13615, 13598
13616, 13598
13617, 13600
13618, 13600
13619, 13600
13620, 13601
13621, 13601
13622, 13623
13622, 13627
13623, 13622
13623, 13624
13623, 13629
13624, 13623
13624, 13625
13625, 13624
13625, 13626
13625, 13630
13626, 13625
13626, 13627
13626, 13633
13627, 13622
13627, 13626
13627, 13628
13628, 13627
13628, 13650
13628, 13651
13629, 13623
13629, 13652
13629, 13653
13630, 13625
13630, 13631
13630, 13654
13631, 13630
13631, 13632
13631, 13655
13632, 13631
13632, 13633
13632, 13634
13633, 13626
13633, 13632
13634, 13632
13634, 13635
13634, 13656
13634, 13657
13635, 13634
13635, 13636
13635, 13641
13636, 13635
13636, 13637
13636, 13642
13637, 13636
13637, 13638
13637, 13645
13638, 13637
13638, 13639
13638, 13658
13639, 13638
13639, 13640
13639, 13659
13640, 13639
13640, 13641
13640, 13646
13641, 13635
13641, 13640
13641, 13649
13642, 13636
13642, 13643
13642, 13660
13643, 13642
13643, 13644
13643, 13661
13644, 13643
13644, 13645
13644, 13662
13645, 13637
13645, 13644
13645, 13663
13646, 13640
13646, 13647
13646, 13664
13647, 13646
13647, 13648
13647, 13665
13648, 13647
13648, 13649
13648, 13666
13649, 13641
13649, 13648
13649, 13667
13650, 13628
13651, 13628
13652, 13629
13653, 13629
13654, 13630
13655, 13631
13656, 13634
13657, 13634
13658, 13638
13659, 13639
13660, 13642
13661, 13643
13662, 13644
13663, 13645
13664, 13646
13665, 13647
13666, 13648
13667, 13649
13697, 13698
13697, 13669
13698, 13697
13698, 13699
13698, 13683
13699, 13698
13699, 13700
13700, 13699
13700, 13668
13700, 13670
13668, 13700
13668, 13669
13668, 13673
13669, 13697
13669, 13668
13669, 13682
13670, 13700
13670, 13671
13671, 13670
13671, 13672
13671, 13684
13672, 13671
13672, 13673
13672, 13674
13673, 13668
13673, 13672
13673, 13685
13674, 13672
13674, 13675
13674, 13686
13674, 13687
13675, 13674
13675, 13676
13676, 13675
13676, 13677
13676, 13681
13677, 13676
13677, 13678
13677, 13688
13678, 13677
13678, 13679
13678, 13689
13679, 13678
13679, 13680
13679, 13690
13680, 13679
13680, 13681
13680, 13691
13681, 13676
13681, 13680
13681, 13692
13682, 13669
13682, 13693
13682, 13694
13683, 13698
13683, 13695
13683, 13696
13684, 13671
13685, 13673
13686, 13674
13687, 13674
13688, 13677
13689, 13678
13690, 13679
13691, 13680
13692, 13681
13693, 13682
13694, 13682
13695, 13683
13696, 13683
13701, 13702
13701, 13706
13702, 13701
13702, 13703
13702, 13720
13703, 13702
13703, 13704
13704, 13703
13704, 13705
13704, 13707
13705, 13704
13705, 13706
13705, 13710
13706, 13701
13706, 13705
13706, 13719
13707, 13704
13707, 13708
13708, 13707
13708, 13709
13708, 13725
13709, 13708
13709, 13710
13709, 13711
13710, 13705
13710, 13709
13710, 13726
13711, 13709
13711, 13712
13711, 13727
13711, 13728
13712, 13711
13712, 13713
13713, 13712
13713, 13714
13713, 13718
13714, 13713
13714, 13715
13714, 13729
13715, 13714
13715, 13716
13715, 13730
13716, 13715
13716, 13717
13716, 13731
13717, 13716
13717, 13718
13717, 13721
13718, 13713
13718, 13717
13718, 13724
13719, 13706
13719, 13732
13719, 13733
13720, 13702
13720, 13734
13720, 13735
13721, 13717
13721, 13722
13721, 13736
13722, 13721
13722, 13723
13722, 13737
13723, 13722
13723, 13724
13723, 13738
13724, 13718
13724, 13723
13724, 13739
13725, 13708
13726, 13710
13727, 13711
13728, 13711
13729, 13714
13730, 13715
13731, 13716
13732, 13719
13733, 13719
13734, 13720
13735, 13720
13736, 13721
13737, 13722
13738, 13723
13739, 13724
13740, 13741
13740, 13745
13741, 13740
13741, 13742
13741, 13759
13742, 13741
13742, 13743
13743, 13742
13743, 13744
13743, 13746
13744, 13743
13744, 13745
13744, 13749
13745, 13740
13745, 13744
13745, 13758
13746, 13743
13746, 13747
13747, 13746
13747, 13748
13747, 13764
13748, 13747
13748, 13749
13748, 13750
13749, 13744
13749, 13748
13749, 13765
13750, 13748
13750, 13751
13750, 13766
13750, 13767
13751, 13750
13751, 13752
13752, 13751
13752, 13753
13752, 13757
13753, 13752
13753, 13754
13753, 13768
13754, 13753
13754, 13755
13754, 13769
13755, 13754
13755, 13756
13755, 13760
13756, 13755
13756, 13757
13756, 13763
13757, 13752
13757, 13756
13757, 13770
13758, 13745
13758, 13771
13758, 13772
13759, 13741
13759, 13773
13759, 13774
13760, 13755
13760, 13761
13760, 13775
13761, 13760
13761, 13762
13761, 13776
13762, 13761
13762, 13763
13762, 13777
13763, 13756
13763, 13762
13763, 13778
13764, 13747
13765, 13749
13766, 13750
13767, 13750
13768, 13753
13769, 13754
13770, 13757
13771, 13758
13772, 13758
13773, 13759
13774, 13759
13775, 13760
13776, 13761
13777, 13762
13778, 13763
13779, 13780
13779, 13784
13780, 13779
13780, 13781
13780, 13798
13781, 13780
13781, 13782
13782, 13781
13782, 13783
13782, 13785
13783, 13782
13783, 13784
13783, 13788
13784, 13779
13784, 13783
13784, 13797
13785, 13782
13785, 13786
13786, 13785
13786, 13787
13786, 13803
13787, 13786
13787, 13788
13787, 13789
13788, 13783
13788, 13787
13788, 13804
13789, 13787
13789, 13790
13789, 13805
13789, 13806
13790, 13789
13790, 13791
13791, 13790
13791, 13792
13791, 13796
13792, 13791
13792, 13793
13792, 13807
13793, 13792
13793, 13794
13793, 13808
13794, 13793
13794, 13795
13794, 13801
13795, 13794
13795, 13796
13795, 13799
13796, 13791
13796, 13795
13796, 13809
13797, 13784
13797, 13810
13797, 13811
13798, 13780
13798, 13812
13798, 13813
13799, 13795
13799, 13800
13800, 13799
13800, 13814
13800, 13815
13800, 13816
13801, 13794
13801, 13802
13802, 13801
13802, 13817
13802, 13818
13802, 13819
13803, 13786
13804, 13788
13805, 13789
13806, 13789
13807, 13792
13808, 13793
13809, 13796
13810, 13797
13811, 13797
13812, 13798
13813, 13798
13814, 13800
13815, 13800
13816, 13800
13817, 13802
13818, 13802
13819, 13802
13827, 13828
13827, 13832
13828, 13827
13828, 13829
13828, 13846
13829, 13828
13829, 13830
13830, 13829
13830, 13831
13830, 13833
13831, 13830
13831, 13832
13831, 13836
13832, 13827
13832, 13831
13832, 13845
13833, 13830
13833, 13834
13834, 13833
13834, 13835
13834, 13854
13835, 13834
13835, 13836
13835, 13837
13836, 13831
13836, 13835
13836, 13851
13837, 13835
13837, 13838
13837, 13855
13837, 13856
13838, 13837
13838, 13839
13838, 13857
13839, 13838
13839, 13840
13839, 13844
13840, 13839
13840, 13841
13840, 13858
13841, 13840
13841, 13842
13841, 13852
13842, 13841
13842, 13843
13842, 13849
13843, 13842
13843, 13844
13843, 13847
13844, 13839
13844, 13843
13844, 13859
13845, 13832
13845, 13860
13845, 13861
13846, 13828
13846, 13862
13846, 13863
13847, 13843
13847, 13848
13848, 13847
13848, 13864
13848, 13865
13848, 13866
13849, 13842
13849, 13850
13850, 13849
13850, 13867
13850, 13868
13850, 13820
13851, 13836
13851, 13821
13851, 13822
13851, 13823
13852, 13841
13852, 13853
13853, 13852
13853, 13824
13853, 13825
13853, 13826
13854, 13834
13855, 13837
13856, 13837
13857, 13838
13858, 13840
13859, 13844
13860, 13845
13861, 13845
13862, 13846
13863, 13846
13864, 13848
13865, 13848
13866, 13848
13867, 13850
13868, 13850
13820, 13850
13821, 13851
13822, 13851
13823, 13851
13824, 13853
13825, 13853
13826, 13853
13869, 13870
13869, 13874
13870, 13869
13870, 13871
13870, 13888
13871, 13870
13871, 13872
13872, 13871
13872, 13873
13872, 13875
13873, 13872
13873, 13874
13873, 13878
13874, 13869
13874, 13873
13874, 13887
13875, 13872
13875, 13876
13876, 13875
13876, 13877
13876, 13897
13877, 13876
13877, 13878
13877, 13879
13878, 13873
13878, 13877
13878, 13893
13879, 13877
13879, 13880
13879, 13898
13879, 13899
13880, 13879
13880, 13881
13880, 13896
13881, 13880
13881, 13882
13881, 13886
13882, 13881
13882, 13883
13882, 13900
13883, 13882
13883, 13884
13883, 13894
13884, 13883
13884, 13885
13884, 13891
13885, 13884
13885, 13886
13885, 13889
13886, 13881
13886, 13885
13886, 13901
13887, 13874
13887, 13902
13887, 13903
13888, 13870
13888, 13904
13888, 13905
13889, 13885
13889, 13890
13890, 13889
13890, 13906
13890, 13907
13890, 13908
13891, 13884
13891, 13892
13892, 13891
13892, 13909
13892, 13910
13892, 13911
13893, 13878
13893, 13912
13893, 13913
13893, 13914
13894, 13883
13894, 13895
13895, 13894
13895, 13915
13895, 13916
13895, 13917
13896, 13880
13896, 13918
13896, 13919
13896, 13920
13897, 13876
13898, 13879
13899, 13879
13900, 13882
13901, 13886
13902, 13887
13903, 13887
13904, 13888
13905, 13888
13906, 13890
13907, 13890
13908, 13890
13909, 13892
13910, 13892
13911, 13892
13912, 13893
13913, 13893
13914, 13893
13915, 13895
13916, 13895
13917, 13895
13918, 13896
13919, 13896
13920, 13896
13921, 13922
13921, 13926
13922, 13921
13922, 13923
13922, 13940
13923, 13922
13923, 13924
13924, 13923
13924, 13925
13924, 13927
13925, 13924
13925, 13926
13925, 13930
13926, 13921
13926, 13925
13926, 13939
13927, 13924
13927, 13928
13928, 13927
13928, 13929
13928, 13950
13929, 13928
13929, 13930
13929, 13931
13930, 13925
13930, 13929
13930, 13945
13931, 13929
13931, 13932
13931, 13951
13931, 13952
13932, 13931
13932, 13933
13932, 13948
13933, 13932
13933, 13934
13933, 13938
13934, 13933
13934, 13935
13934, 13953
13935, 13934
13935, 13936
13935, 13946
13936, 13935
13936, 13937
13936, 13943
13937, 13936
13937, 13938
13937, 13941
13938, 13933
13938, 13937
13938, 13954
13939, 13926
13939, 13955
13939, 13956
13940, 13922
13940, 13957
13940, 13958
13941, 13937
13941, 13942
13942, 13941
13942, 13959
13942, 13960
13942, 13961
13943, 13936
13943, 13944
13944, 13943
13944, 13962
13944, 13963
13944, 13964
13945, 13930
13945, 13965
13945, 13966
13945, 13967
13946, 13935
13946, 13947
13947, 13946
13947, 13968
13947, 13969
13947, 13970
13948, 13932
13948, 13949
13948, 13971
13949, 13948
13950, 13928
13951, 13931
13952, 13931
13953, 13934
13954, 13938
13955, 13939
13956, 13939
13957, 13940
13958, 13940
13959, 13942
13960, 13942
13961, 13942
13962, 13944
13963, 13944
13964, 13944
13965, 13945
13966, 13945
13967, 13945
13968, 13947
13969, 13947
13970, 13947
13971, 13948
13991, 13992
13991, 13996
13992, 13991
13992, 13993
13992, 13973
13993, 13992
13993, 13994
13994, 13993
13994, 13995
13994, 13997
13995, 13994
13995, 13996
13995, 14000
13996, 13991
13996, 13995
13996, 13972
13997, 13994
13997, 13998
13998, 13997
13998, 13999
13998, 13977
13999, 13998
13999, 14000
13999, 14001
14000, 13995
14000, 13999
14000, 13976
14001, 13999
14001, 14002
14001, 13978
14001, 13979
14002, 14001
14002, 14003
14002, 13980
14003, 14002
14003, 14004
14003, 14008
14004, 14003
14004, 14005
14004, 13981
14005, 14004
14005, 14006
14005, 13982
14006, 14005
14006, 14007
14006, 13975
14007, 14006
14007, 14008
14007, 13974
14008, 14003
14008, 14007
14008, 13983
13972, 13996
13972, 13984
13972, 13985
13973, 13992
13973, 13986
13973, 13987
13974, 14007
13975, 14006
13976, 14000
13976, 13988
13976, 13989
13976, 13990
13977, 13998
13978, 14001
13979, 14001
13980, 14002
13981, 14004
13982, 14005
13983, 14008
13984, 13972
13985, 13972
13986, 13973
13987, 13973
13988, 13976
13989, 13976
13990, 13976
14009, 14010
14009, 14014
14010, 14009
14010, 14011
14010, 14028
14011, 14010
14011, 14012
14012, 14011
14012, 14013
14012, 14015
14013, 14012
14013, 14014
14013, 14018
14014, 14009
14014, 14013
14014, 14027
14015, 14012
14015, 14016
14016, 14015
14016, 14017
14016, 14033
14017, 14016
14017, 14018
14017, 14019
14018, 14013
14018, 14017
14018, 14031
14019, 14017
14019, 14020
14019, 14034
14019, 14035
14020, 14019
14020, 14021
14020, 14032
14021, 14020
14021, 14022
14021, 14026
14022, 14021
14022, 14023
14022, 14036
14023, 14022
14023, 14024
14023, 14037
14024, 14023
14024, 14025
14024, 14030
14025, 14024
14025, 14026
14025, 14029
14026, 14021
14026, 14025
14026, 14038
14027, 14014
14027, 14039
14027, 14040
14028, 14010
14028, 14041
14028, 14042
14029, 14025
14030, 14024
14031, 14018
14031, 14043
14031, 14044
14031, 14045
14032, 14020
14032, 14046
14032, 14047
14032, 14048
14033, 14016
14034, 14019
14035, 14019
14036, 14022
14037, 14023
14038, 14026
14039, 14027
14040, 14027
14041, 14028
14042, 14028
14043, 14031
14044, 14031
14045, 14031
14046, 14032
14047, 14032
14048, 14032
14049, 14050
14049, 14054
14050, 14049
14050, 14051
14050, 14068
14051, 14050
14051, 14052
14052, 14051
14052, 14053
14052, 14055
14053, 14052
14053, 14054
14053, 14058
14054, 14049
14054, 14053
14054, 14067
14055, 14052
14055, 14056
14056, 14055
14056, 14057
14056, 14074
14057, 14056
14057, 14058
14057, 14059
14058, 14053
14058, 14057
14058, 14071
14059, 14057
14059, 14060
14059, 14075
14059, 14076
14060, 14059
14060, 14061
14060, 14072
14061, 14060
14061, 14062
14061, 14066
14062, 14061
14062, 14063
14062, 14077
14063, 14062
14063, 14064
14063, 14078
14064, 14063
14064, 14065
14064, 14070
14065, 14064
14065, 14066
14065, 14069
14066, 14061
14066, 14065
14066, 14079
14067, 14054
14067, 14080
14067, 14081
14068, 14050
14068, 14082
14068, 14083
14069, 14065
14070, 14064
14071, 14058
14071, 14084
14071, 14085
14071, 14086
14072, 14060
14072, 14073
14072, 14087
14073, 14072
14074, 14056
14075, 14059
14076, 14059
14077, 14062
14078, 14063
14079, 14066
14080, 14067
14081, 14067
14082, 14068
14083, 14068
14084, 14071
14085, 14071
14086, 14071
14087, 14072
14091, 14092
14091, 14096
14092, 14091
14092, 14093
14092, 14110
14093, 14092
14093, 14094
14094, 14093
14094, 14095
14094, 14097
14095, 14094
14095, 14096
14095, 14100
14096, 14091
14096, 14095
14096, 14109
14097, 14094
14097, 14098
14098, 14097
14098, 14099
14098, 14116
14099, 14098
14099, 14100
14099, 14101
14100, 14095
14100, 14099
14100, 14111
14101, 14099
14101, 14102
14101, 14117
14101, 14118
14102, 14101
14102, 14103
14102, 14119
14103, 14102
14103, 14104
14103, 14108
14104, 14103
14104, 14105
14104, 14120
14105, 14104
14105, 14106
14105, 14112
14106, 14105
14106, 14107
14106, 14121
14107, 14106
14107, 14108
14107, 14122
14108, 14103
14108, 14107
14108, 14114
14109, 14096
14109, 14123
14109, 14124
14110, 14092
14110, 14125
14110, 14126
14111, 14100
14111, 14127
14111, 14128
14111, 14129
14112, 14105
14112, 14113
14113, 14112
14113, 14130
14113, 14131
14113, 14132
14114, 14108
14114, 14115
14115, 14114
14115, 14088
14115, 14089
14115, 14090
14116, 14098
14117, 14101
14118, 14101
14119, 14102
14120, 14104
14121, 14106
14122, 14107
14123, 14109
14124, 14109
14125, 14110
14126, 14110
14127, 14111
14128, 14111
14129, 14111
14130, 14113
14131, 14113
14132, 14113
14088, 14115
14089, 14115
14090, 14115
14133, 14134
14133, 14138
14134, 14133
14134, 14135
14134, 14152
14135, 14134
14135, 14136
14136, 14135
14136, 14137
14136, 14139
14137, 14136
14137, 14138
14137, 14142
14138, 14133
14138, 14137
14138, 14151
14139, 14136
14139, 14140
14140, 14139
14140, 14141
14140, 14158
14141, 14140
14141, 14142
14141, 14143
14142, 14137
14142, 14141
14142, 14153
14143, 14141
14143, 14144
14143, 14159
14143, 14160
14144, 14143
14144, 14145
14144, 14161
14145, 14144
14145, 14146
14145, 14150
14146, 14145
14146, 14147
14146, 14162
14147, 14146
14147, 14148
14147, 14154
14148, 14147
14148, 14149
14148, 14163
14149, 14148
14149, 14150
14149, 14156
14150, 14145
14150, 14149
14150, 14164
14151, 14138
14151, 14165
14151, 14166
14152, 14134
14152, 14167
14152, 14168
14153, 14142
14153, 14169
14153, 14170
14153, 14171
14154, 14147
14154, 14155
14155, 14154
14155, 14172
14155, 14173
14155, 14174
14156, 14149
14156, 14157
14157, 14156
14157, 14175
14157, 14176
14157, 14177
14158, 14140
14159, 14143
14160, 14143
14161, 14144
14162, 14146
14163, 14148
14164, 14150
14165, 14151
14166, 14151
14167, 14152
14168, 14152
14169, 14153
14170, 14153
14171, 14153
14172, 14155
14173, 14155
14174, 14155
14175, 14157
14176, 14157
14177, 14157
14178, 14179
14178, 14183
14179, 14178
14179, 14180
14179, 14197
14180, 14179
14180, 14181
14181, 14180
14181, 14182
14181, 14184
14182, 14181
14182, 14183
14182, 14187
14183, 14178
14183, 14182
14183, 14196
14184, 14181
14184, 14185
14185, 14184
14185, 14186
14185, 14203
14186, 14185
14186, 14187
14186, 14188
14187, 14182
14187, 14186
14187, 14198
14188, 14186
14188, 14189
14188, 14204
14188, 14205
14189, 14188
14189, 14190
14189, 14206
14190, 14189
14190, 14191
14190, 14195
14191, 14190
14191, 14192
14191, 14207
14192, 14191
14192, 14193
14192, 14208
14193, 14192
14193, 14194
14193, 14201
14194, 14193
14194, 14195
14194, 14209
14195, 14190
14195, 14194
14195, 14199
14196, 14183
14196, 14210
14196, 14211
14197, 14179
14197, 14212
14197, 14213
14198, 14187
14198, 14214
14198, 14215
14198, 14216
14199, 14195
14199, 14200
14200, 14199
14200, 14217
14200, 14218
14200, 14219
14201, 14193
14201, 14202
14202, 14201
14202, 14220
14202, 14221
14202, 14222
14203, 14185
14204, 14188
14205, 14188
14206, 14189
14207, 14191
14208, 14192
14209, 14194
14210, 14196
14211, 14196
14212, 14197
14213, 14197
14214, 14198
14215, 14198
14216, 14198
14217, 14200
14218, 14200
14219, 14200
14220, 14202
14221, 14202
14222, 14202
14233, 14234
14233, 14238
14234, 14233
14234, 14235
14234, 14252
14235, 14234
14235, 14236
14236, 14235
14236, 14237
14236, 14239
14237, 14236
14237, 14238
14237, 14242
14238, 14233
14238, 14237
14238, 14251
14239, 14236
14239, 14240
14240, 14239
14240, 14241
14240, 14258
14241, 14240
14241, 14242
14241, 14243
14242, 14237
14242, 14241
14242, 14253
14243, 14241
14243, 14244
14243, 14259
14243, 14260
14244, 14243
14244, 14245
14244, 14261
14245, 14244
14245, 14246
14245, 14250
14246, 14245
14246, 14247
14246, 14262
14247, 14246
14247, 14248
14247, 14263
14248, 14247
14248, 14249
14248, 14254
14249, 14248
14249, 14250
14249, 14256
14250, 14245
14250, 14249
14250, 14264
14251, 14238
14251, 14265
14251, 14266
14252, 14234
14252, 14267
14252, 14223
14253, 14242
14253, 14224
14253, 14225
14253, 14226
14254, 14248
14254, 14255
14255, 14254
14255, 14227
14255, 14228
14255, 14229
14256, 14249
14256, 14257
14257, 14256
14257, 14230
14257, 14231
14257, 14232
14258, 14240
14259, 14243
14260, 14243
14261, 14244
14262, 14246
14263, 14247
14264, 14250
14265, 14251
14266, 14251
14267, 14252
14223, 14252
14224, 14253
14225, 14253
14226, 14253
14227, 14255
14228, 14255
14229, 14255
14230, 14257
14231, 14257
14232, 14257
14268, 14269
14268, 14273
14269, 14268
14269, 14270
14269, 14287
14270, 14269
14270, 14271
14271, 14270
14271, 14272
14271, 14274
14272, 14271
14272, 14273
14272, 14277
14273, 14268
14273, 14272
14273, 14286
14274, 14271
14274, 14275
14275, 14274
14275, 14276
14275, 14295
14276, 14275
14276, 14277
14276, 14278
14277, 14272
14277, 14276
14277, 14288
14278, 14276
14278, 14279
14278, 14296
14278, 14297
14279, 14278
14279, 14280
14279, 14298
14280, 14279
14280, 14281
14280, 14285
14281, 14280
14281, 14282
14281, 14299
14282, 14281
14282, 14283
14282, 14289
14283, 14282
14283, 14284
14283, 14300
14284, 14283
14284, 14285
14284, 14301
14285, 14280
14285, 14284
14285, 14291
14286, 14273
14286, 14302
14286, 14303
14287, 14269
14287, 14304
14287, 14305
14288, 14277
14288, 14306
14288, 14307
14288, 14308
14289, 14282
14289, 14290
14290, 14289
14290, 14294
14290, 14309
14290, 14310
14291, 14285
14291, 14292
14292, 14291
14292, 14293
14292, 14311
14292, 14312
14293, 14292
14293, 14313
14293, 14314
14293, 14315
14294, 14290
14294, 14316
14294, 14317
14294, 14318
14295, 14275
14296, 14278
14297, 14278
14298, 14279
14299, 14281
14300, 14283
14301, 14284
14302, 14286
14303, 14286
14304, 14287
14305, 14287
14306, 14288
14307, 14288
14308, 14288
14309, 14290
14310, 14290
14311, 14292
14312, 14292
14313, 14293
14314, 14293
14315, 14293
14316, 14294
14317, 14294
14318, 14294
14319, 14320
14319, 14324
14320, 14319
14320, 14321
14320, 14338
14321, 14320
14321, 14322
14322, 14321
14322, 14323
14322, 14325
14323, 14322
14323, 14324
14323, 14328
14324, 14319
14324, 14323
14324, 14337
14325, 14322
14325, 14326
14326, 14325
14326, 14327
14326, 14345
14327, 14326
14327, 14328
14327, 14329
14328, 14323
14328, 14327
14328, 14339
14329, 14327
14329, 14330
14329, 14346
14329, 14347
14330, 14329
14330, 14331
14330, 14344
14331, 14330
14331, 14332
14331, 14336
14332, 14331
14332, 14333
14332, 14348
14333, 14332
14333, 14334
14333, 14340
14334, 14333
14334, 14335
14334, 14349
14335, 14334
14335, 14336
14335, 14350
14336, 14331
14336, 14335
14336, 14342
14337, 14324
14337, 14351
14337, 14352
14338, 14320
14338, 14353
14338, 14354
14339, 14328
14339, 14355
14339, 14356
14339, 14357
14340, 14333
14340, 14341
14341, 14340
14341, 14358
14341, 14359
14341, 14360
14342, 14336
14342, 14343
14343, 14342
14343, 14361
14343, 14362
14343, 14363
14344, 14330
14344, 14364
14344, 14365
14344, 14366
14345, 14326
14346, 14329
14347, 14329
14348, 14332
14349, 14334
14350, 14335
14351, 14337
14352, 14337
14353, 14338
14354, 14338
14355, 14339
14356, 14339
14357, 14339
14358, 14341
14359, 14341
14360, 14341
14361, 14343
14362, 14343
14363, 14343
14364, 14344
14365, 14344
14366, 14344
14396, 14397
14396, 14401
14397, 14396
14397, 14398
14397, 14367
14398, 14397
14398, 14399
14399, 14398
14399, 14400
14399, 14402
14400, 14399
14400, 14401
14400, 14405
14401, 14396
14401, 14400
14401, 14414
14402, 14399
14402, 14403
14403, 14402
14403, 14404
14403, 14374
14404, 14403
14404, 14405
14404, 14406
14405, 14400
14405, 14404
14405, 14368
14406, 14404
14406, 14407
14406, 14375
14406, 14376
14407, 14406
14407, 14408
14407, 14373
14408, 14407
14408, 14409
14408, 14413
14409, 14408
14409, 14410
14409, 14377
14410, 14409
14410, 14411
14410, 14369
14411, 14410
14411, 14412
14411, 14378
14412, 14411
14412, 14413
14412, 14371
14413, 14408
14413, 14412
14413, 14379
14414, 14401
14414, 14380
14414, 14381
14367, 14397
14367, 14382
14367, 14383
14368, 14405
14368, 14384
14368, 14385
14368, 14386
14369, 14410
14369, 14370
14370, 14369
14370, 14387
14370, 14388
14370, 14389
14371, 14412
14371, 14372
14372, 14371
14372, 14390
14372, 14391
14372, 14392
14373, 14407
14373, 14393
14373, 14394
14373, 14395
14374, 14403
14375, 14406
14376, 14406
14377, 14409
14378, 14411
14379, 14413
14380, 14414
14381, 14414
14382, 14367
14383, 14367
14384, 14368
14385, 14368
14386, 14368
14387, 14370
14388, 14370
14389, 14370
14390, 14372
14391, 14372
14392, 14372
14393, 14373
14394, 14373
14395, 14373
14415, 14416
14415, 14420
14416, 14415
14416, 14417
14416, 14434
14417, 14416
14417, 14418
14418, 14417
14418, 14419
14418, 14421
14419, 14418
14419, 14420
14419, 14424
14420, 14415
14420, 14419
14420, 14433
14421, 14418
14421, 14422
14422, 14421
14422, 14423
14422, 14441
14423, 14422
14423, 14424
14423, 14425
14424, 14419
14424, 14423
14424, 14435
14425, 14423
14425, 14426
14425, 14442
14425, 14443
14426, 14425
14426, 14427
14426, 14440
14427, 14426
14427, 14428
14427, 14432
14428, 14427
14428, 14429
14428, 14444
14429, 14428
14429, 14430
14429, 14445
14430, 14429
14430, 14431
14430, 14438
14431, 14430
14431, 14432
14431, 14446
14432, 14427
14432, 14431
14432, 14436
14433, 14420
14433, 14447
14433, 14448
14434, 14416
14434, 14449
14434, 14450
14435, 14424
14435, 14451
14435, 14452
14435, 14453
14436, 14432
14436, 14437
14437, 14436
14437, 14454
14437, 14455
14437, 14456
14438, 14430
14438, 14439
14439, 14438
14439, 14457
14439, 14458
14439, 14459
14440, 14426
14440, 14460
14440, 14461
14440, 14462
14441, 14422
14442, 14425
14443, 14425
14444, 14428
14445, 14429
14446, 14431
14447, 14433
14448, 14433
14449, 14434
14450, 14434
14451, 14435
14452, 14435
14453, 14435
14454, 14437
14455, 14437
14456, 14437
14457, 14439
14458, 14439
14459, 14439
14460, 14440
14461, 14440
14462, 14440
14463, 14464
14463, 14468
14464, 14463
14464, 14465
14464, 14482
14465, 14464
14465, 14466
14466, 14465
14466, 14467
14466, 14469
14467, 14466
14467, 14468
14467, 14472
14468, 14463
14468, 14467
14468, 14481
14469, 14466
14469, 14470
14470, 14469
14470, 14471
14470, 14493
14471, 14470
14471, 14472
14471, 14473
14472, 14467
14472, 14471
14472, 14487
14473, 14471
14473, 14474
14473, 14494
14473, 14495
14474, 14473
14474, 14475
14474, 14490
14475, 14474
14475, 14476
14475, 14480
14476, 14475
14476, 14477
14476, 14496
14477, 14476
14477, 14478
14477, 14488
14478, 14477
14478, 14479
14478, 14485
14479, 14478
14479, 14480
14479, 14483
14480, 14475
14480, 14479
14480, 14497
14481, 14468
14481, 14498
14481, 14499
14482, 14464
14482, 14500
14482, 14501
14483, 14479
14483, 14484
14484, 14483
14484, 14502
14484, 14503
14484, 14504
14485, 14478
14485, 14486
14486, 14485
14486, 14505
14486, 14506
14486, 14507
14487, 14472
14487, 14508
14487, 14509
14487, 14510
14488, 14477
14488, 14489
14489, 14488
14489, 14511
14489, 14512
14489, 14513
14490, 14474
14490, 14491
14490, 14514
14490, 14515
14491, 14490
14491, 14492
14492, 14491
14492, 14516
14493, 14470
14494, 14473
14495, 14473
14496, 14476
14497, 14480
14498, 14481
14499, 14481
14500, 14482
14501, 14482
14502, 14484
14503, 14484
14504, 14484
14505, 14486
14506, 14486
14507, 14486
14508, 14487
14509, 14487
14510, 14487
14511, 14489
14512, 14489
14513, 14489
14514, 14490
14515, 14490
14516, 14492
14517, 14518
14517, 14522
14518, 14517
14518, 14519
14518, 14536
14519, 14518
14519, 14520
14520, 14519
14520, 14521
14520, 14523
14521, 14520
14521, 14522
14521, 14526
14522, 14517
14522, 14521
14522, 14535
14523, 14520
14523, 14524
14524, 14523
14524, 14525
14524, 14547
14525, 14524
14525, 14526
14525, 14527
14526, 14521
14526, 14525
14526, 14541
14527, 14525
14527, 14528
14527, 14548
14527, 14549
14528, 14527
14528, 14529
14528, 14544
14529, 14528
14529, 14530
14529, 14534
14530, 14529
14530, 14531
14530, 14550
14531, 14530
14531, 14532
14531, 14542
14532, 14531
14532, 14533
14532, 14539
14533, 14532
14533, 14534
14533, 14537
14534, 14529
14534, 14533
14534, 14551
14535, 14522
14535, 14552
14535, 14553
14536, 14518
14536, 14554
14536, 14555
14537, 14533
14537, 14538
14538, 14537
14538, 14556
14538, 14557
14538, 14558
14539, 14532
14539, 14540
14540, 14539
14540, 14559
14540, 14560
14540, 14561
14541, 14526
14541, 14562
14541, 14563
14541, 14564
14542, 14531
14542, 14543
14543, 14542
14543, 14565
14543, 14566
14543, 14567
14544, 14528
14544, 14545
14544, 14546
14544, 14568
14545, 14544
14545, 14569
14545, 14570
14545, 14571
14546, 14544
14546, 14572
14546, 14573
14546, 14574
14547, 14524
14548, 14527
14549, 14527
14550, 14530
14551, 14534
14552, 14535
14553, 14535
14554, 14536
14555, 14536
14556, 14538
14557, 14538
14558, 14538
14559, 14540
14560, 14540
14561, 14540
14562, 14541
14563, 14541
14564, 14541
14565, 14543
14566, 14543
14567, 14543
14568, 14544
14569, 14545
14570, 14545
14571, 14545
14572, 14546
14573, 14546
14574, 14546
14617, 14618
14617, 14622
14618, 14617
14618, 14619
14618, 14581
14619, 14618
14619, 14620
14620, 14619
14620, 14621
14620, 14623
14621, 14620
14621, 14622
14621, 14626
14622, 14617
14622, 14621
14622, 14580
14623, 14620
14623, 14624
14624, 14623
14624, 14625
14624, 14591
14625, 14624
14625, 14626
14625, 14627
14626, 14621
14626, 14625
14626, 14586
14627, 14625
14627, 14628
14627, 14592
14627, 14593
14628, 14627
14628, 14629
14628, 14589
14629, 14628
14629, 14575
14629, 14579
14575, 14629
14575, 14576
14575, 14594
14576, 14575
14576, 14577
14576, 14587
14577, 14576
14577, 14578
14577, 14584
14578, 14577
14578, 14579
14578, 14582
14579, 14629
14579, 14578
14579, 14595
14580, 14622
14580, 14596
14580, 14597
14581, 14618
14581, 14598
14581, 14599
14582, 14578
14582, 14583
14583, 14582
14583, 14600
14583, 14601
14583, 14602
14584, 14577
14584, 14585
14585, 14584
14585, 14603
14585, 14604
14585, 14605
14586, 14626
14586, 14606
14586, 14607
14586, 14608
14587, 14576
14587, 14588
14588, 14587
14588, 14609
14588, 14610
14588, 14611
14589, 14628
14589, 14590
14589, 14612
14589, 14613
14590, 14589
14590, 14614
14590, 14615
14590, 14616
14591, 14624
14592, 14627
14593, 14627
14594, 14575
14595, 14579
14596, 14580
14597, 14580
14598, 14581
14599, 14581
14600, 14583
14601, 14583
14602, 14583
14603, 14585
14604, 14585
14605, 14585
14606, 14586
14607, 14586
14608, 14586
14609, 14588
14610, 14588
14611, 14588
14612, 14589
14613, 14589
14614, 14590
14615, 14590
14616, 14590
14630, 14631
14630, 14635
14631, 14630
14631, 14632
14631, 14649
14632, 14631
14632, 14633
14633, 14632
14633, 14634
14633, 14636
14634, 14633
14634, 14635
14634, 14639
14635, 14630
14635, 14634
14635, 14648
14636, 14633
14636, 14637
14637, 14636
14637, 14638
14637, 14655
14638, 14637
14638, 14639
14638, 14640
14639, 14634
14639, 14638
14639, 14651
14640, 14638
14640, 14641
14640, 14656
14640, 14657
14641, 14640
14641, 14642
14641, 14658
14642, 14641
14642, 14643
14642, 14647
14643, 14642
14643, 14644
14643, 14659
14644, 14643
14644, 14645
14644, 14660
14645, 14644
14645, 14646
14645, 14661
14646, 14645
14646, 14647
14646, 14650
14647, 14642
14647, 14646
14647, 14654
14648, 14635
14648, 14662
14648, 14663
14649, 14631
14649, 14664
14649, 14665
14650, 14646
14650, 14652
14650, 14666
14651, 14639
14651, 14667
14651, 14668
14651, 14669
14652, 14650
14652, 14653
14652, 14670
14653, 14652
14653, 14654
14653, 14671
14654, 14647
14654, 14653
14654, 14672
14655, 14637
14656, 14640
14657, 14640
14658, 14641
14659, 14643
14660, 14644
14661, 14645
14662, 14648
14663, 14648
14664, 14649
14665, 14649
14666, 14650
14667, 14651
14668, 14651
14669, 14651
14670, 14652
14671, 14653
14672, 14654
14677, 14678
14677, 14682
14678, 14677
14678, 14679
14678, 14696
14679, 14678
14679, 14680
14680, 14679
14680, 14681
14680, 14683
14681, 14680
14681, 14682
14681, 14686
14682, 14677
14682, 14681
14682, 14695
14683, 14680
14683, 14684
14684, 14683
14684, 14685
14684, 14704
14685, 14684
14685, 14686
14685, 14687
14686, 14681
14686, 14685
14686, 14698
14687, 14685
14687, 14688
14687, 14705
14687, 14706
14688, 14687
14688, 14689
14688, 14707
14689, 14688
14689, 14690
14689, 14694
14690, 14689
14690, 14691
14690, 14708
14691, 14690
14691, 14692
14691, 14709
14692, 14691
14692, 14693
14692, 14702
14693, 14692
14693, 14694
14693, 14697
14694, 14689
14694, 14693
14694, 14701
14695, 14682
14695, 14710
14695, 14711
14696, 14678
14696, 14712
14696, 14713
14697, 14693
14697, 14699
14697, 14714
14698, 14686
14698, 14715
14698, 14716
14698, 14717
14699, 14697
14699, 14700
14699, 14718
14700, 14699
14700, 14701
14700, 14719
14701, 14694
14701, 14700
14701, 14673
14702, 14692
14702, 14703
14703, 14702
14703, 14674
14703, 14675
14703, 14676
14704, 14684
14705, 14687
14706, 14687
14707, 14688
14708, 14690
14709, 14691
14710, 14695
14711, 14695
14712, 14696
14713, 14696
14714, 14697
14715, 14698
14716, 14698
14717, 14698
14718, 14699
14719, 14700
14673, 14701
14674, 14703
14675, 14703
14676, 14703
14720, 14721
14720, 14725
14721, 14720
14721, 14722
14721, 14739
14722, 14721
14722, 14723
14723, 14722
14723, 14724
14723, 14726
14724, 14723
14724, 14725
14724, 14729
14725, 14720
14725, 14724
14725, 14738
14726, 14723
14726, 14727
14727, 14726
14727, 14728
14727, 14741
14728, 14727
14728, 14729
14728, 14730
14729, 14724
14729, 14728
14729, 14740
14730, 14728
14730, 14731
14730, 14742
14730, 14743
14731, 14730
14731, 14732
14732, 14731
14732, 14733
14732, 14737
14733, 14732
14733, 14734
14733, 14744
14734, 14733
14734, 14735
14734, 14745
14735, 14734
14735, 14736
14735, 14746
14736, 14735
14736, 14737
14736, 14747
14737, 14732
14737, 14736
14737, 14748
14738, 14725
14738, 14749
14738, 14750
14739, 14721
14739, 14751
14739, 14752
14740, 14729
14740, 14753
14740, 14754
14740, 14755
14741, 14727
14742, 14730
14743, 14730
14744, 14733
14745, 14734
14746, 14735
14747, 14736
14748, 14737
14749, 14738
14750, 14738
14751, 14739
14752, 14739
14753, 14740
14754, 14740
14755, 14740
14766, 14767
14766, 14771
14767, 14766
14767, 14768
14767, 14785
14768, 14767
14768, 14769
14769, 14768
14769, 14770
14769, 14772
14770, 14769
14770, 14771
14770, 14775
14771, 14766
14771, 14770
14771, 14784
14772, 14769
14772, 14773
14773, 14772
14773, 14774
14773, 14791
14774, 14773
14774, 14775
14774, 14776
14775, 14770
14775, 14774
14775, 14790
14776, 14774
14776, 14777
14776, 14792
14776, 14793
14777, 14776
14777, 14778
14778, 14777
14778, 14779
14778, 14783
14779, 14778
14779, 14780
14779, 14794
14780, 14779
14780, 14781
14780, 14795
14781, 14780
14781, 14782
14781, 14796
14782, 14781
14782, 14783
14782, 14786
14783, 14778
14783, 14782
14783, 14789
14784, 14771
14784, 14797
14784, 14756
14785, 14767
14785, 14757
14785, 14758
14786, 14782
14786, 14787
14786, 14759
14787, 14786
14787, 14788
14787, 14760
14788, 14787
14788, 14789
14788, 14761
14789, 14783
14789, 14788
14789, 14762
14790, 14775
14790, 14763
14790, 14764
14790, 14765
14791, 14773
14792, 14776
14793, 14776
14794, 14779
14795, 14780
14796, 14781
14797, 14784
14756, 14784
14757, 14785
14758, 14785
14759, 14786
14760, 14787
14761, 14788
14762, 14789
14763, 14790
14764, 14790
14765, 14790
14798, 14799
14798, 14803
14799, 14798
14799, 14800
14799, 14817
14800, 14799
14800, 14801
14801, 14800
14801, 14802
14801, 14804
14802, 14801
14802, 14803
14802, 14807
14803, 14798
14803, 14802
14803, 14816
14804, 14801
14804, 14805
14805, 14804
14805, 14806
14805, 14820
14806, 14805
14806, 14807
14806, 14808
14807, 14802
14807, 14806
14807, 14819
14808, 14806
14808, 14809
14808, 14821
14808, 14822
14809, 14808
14809, 14810
14810, 14809
14810, 14811
14810, 14815
14811, 14810
14811, 14812
14811, 14823
14812, 14811
14812, 14813
14812, 14824
14813, 14812
14813, 14814
14813, 14825
14814, 14813
14814, 14815
14814, 14818
14815, 14810
14815, 14814
14815, 14826
14816, 14803
14816, 14827
14816, 14828
14817, 14799
14817, 14829
14817, 14830
14818, 14814
14818, 14831
14818, 14832
14818, 14833
14819, 14807
14819, 14834
14819, 14835
14819, 14836
14820, 14805
14821, 14808
14822, 14808
14823, 14811
14824, 14812
14825, 14813
14826, 14815
14827, 14816
14828, 14816
14829, 14817
14830, 14817
14831, 14818
14832, 14818
14833, 14818
14834, 14819
14835, 14819
14836, 14819
14837, 14838
14837, 14842
14838, 14837
14838, 14839
14838, 14856
14839, 14838
14839, 14840
14840, 14839
14840, 14841
14840, 14843
14841, 14840
14841, 14842
14841, 14846
14842, 14837
14842, 14841
14842, 14855
14843, 14840
14843, 14844
14844, 14843
14844, 14845
14844, 14859
14845, 14844
14845, 14846
14845, 14847
14846, 14841
14846, 14845
14846, 14858
14847, 14845
14847, 14848
14847, 14860
14847, 14861
14848, 14847
14848, 14849
14849, 14848
14849, 14850
14849, 14854
14850, 14849
14850, 14851
14850, 14862
14851, 14850
14851, 14852
14851, 14863
14852, 14851
14852, 14853
14852, 14857
14853, 14852
14853, 14854
14853, 14864
14854, 14849
14854, 14853
14854, 14865
14855, 14842
14855, 14866
14855, 14867
14856, 14838
14856, 14868
14856, 14869
14857, 14852
14857, 14870
14857, 14871
14857, 14872
14858, 14846
14858, 14873
14858, 14874
14858, 14875
14859, 14844
14860, 14847
14861, 14847
14862, 14850
14863, 14851
14864, 14853
14865, 14854
14866, 14855
14867, 14855
14868, 14856
14869, 14856
14870, 14857
14871, 14857
14872, 14857
14873, 14858
14874, 14858
14875, 14858
14876, 14877
14876, 14881
14877, 14876
14877, 14878
14877, 14895
14878, 14877
14878, 14879
14879, 14878
14879, 14880
14879, 14882
14880, 14879
14880, 14881
14880, 14885
14881, 14876
14881, 14880
14881, 14894
14882, 14879
14882, 14883
14883, 14882
14883, 14884
14883, 14899
14884, 14883
14884, 14885
14884, 14886
14885, 14880
14885, 14884
14885, 14898
14886, 14884
14886, 14887
14886, 14900
14886, 14901
14887, 14886
14887, 14888
14888, 14887
14888, 14889
14888, 14893
14889, 14888
14889, 14890
14889, 14902
14890, 14889
14890, 14891
14890, 14903
14891, 14890
14891, 14892
14891, 14904
14892, 14891
14892, 14893
14892, 14896
14893, 14888
14893, 14892
14893, 14905
14894, 14881
14894, 14906
14894, 14907
14895, 14877
14895, 14908
14895, 14909
14896, 14892
14896, 14897
14897, 14896
14897, 14910
14897, 14911
14897, 14912
14898, 14885
14898, 14913
14898, 14914
14898, 14915
14899, 14883
14900, 14886
14901, 14886
14902, 14889
14903, 14890
14904, 14891
14905, 14893
14906, 14894
14907, 14894
14908, 14895
14909, 14895
14910, 14897
14911, 14897
14912, 14897
14913, 14898
14914, 14898
14915, 14898
14916, 14917
14916, 14921
14917, 14916
14917, 14918
14917, 14935
14918, 14917
14918, 14919
14919, 14918
14919, 14920
14919, 14922
14920, 14919
14920, 14921
14920, 14925
14921, 14916
14921, 14920
14921, 14934
14922, 14919
14922, 14923
14923, 14922
14923, 14924
14923, 14939
14924, 14923
14924, 14925
14924, 14926
14925, 14920
14925, 14924
14925, 14938
14926, 14924
14926, 14927
14926, 14940
14926, 14941
14927, 14926
14927, 14928
14928, 14927
14928, 14929
14928, 14933
14929, 14928
14929, 14930
14929, 14942
14930, 14929
14930, 14931
14930, 14943
14931, 14930
14931, 14932
14931, 14936
14932, 14931
14932, 14933
14932, 14944
14933, 14928
14933, 14932
14933, 14945
14934, 14921
14934, 14946
14934, 14947
14935, 14917
14935, 14948
14935, 14949
14936, 14931
14936, 14937
14937, 14936
14937, 14950
14937, 14951
14937, 14952
14938, 14925
14938, 14953
14938, 14954
14938, 14955
14939, 14923
14940, 14926
14941, 14926
14942, 14929
14943, 14930
14944, 14932
14945, 14933
14946, 14934
14947, 14934
14948, 14935
14949, 14935
14950, 14937
14951, 14937
14952, 14937
14953, 14938
14954, 14938
14955, 14938
14956, 14957
14956, 14961
14957, 14956
14957, 14958
14957, 14975
14958, 14957
14958, 14959
14959, 14958
14959, 14960
14959, 14962
14960, 14959
14960, 14961
14960, 14965
14961, 14956
14961, 14960
14961, 14974
14962, 14959
14962, 14963
14963, 14962
14963, 14964
14963, 14981
14964, 14963
14964, 14965
14964, 14966
14965, 14960
14965, 14964
14965, 14980
14966, 14964
14966, 14967
14966, 14982
14966, 14983
14967, 14966
14967, 14968
14968, 14967
14968, 14969
14968, 14973
14969, 14968
14969, 14970
14969, 14984
14970, 14969
14970, 14971
14970, 14985
14971, 14970
14971, 14972
14971, 14976
14972, 14971
14972, 14973
14972, 14978
14973, 14968
14973, 14972
14973, 14986
14974, 14961
14974, 14987
14974, 14988
14975, 14957
14975, 14989
14975, 14990
14976, 14971
14976, 14977
14977, 14976
14977, 14991
14977, 14992
14977, 14993
14978, 14972
14978, 14979
14979, 14978
14979, 14994
14979, 14995
14979, 14996
14980, 14965
14980, 14997
14980, 14998
14980, 14999
14981, 14963
14982, 14966
14983, 14966
14984, 14969
14985, 14970
14986, 14973
14987, 14974
14988, 14974
14989, 14975
14990, 14975
14991, 14977
14992, 14977
14993, 14977
14994, 14979
14995, 14979
14996, 14979
14997, 14980
14998, 14980
14999, 14980
15000, 15001
15000, 15005
15001, 15000
15001, 15002
15001, 15019
15002, 15001
15002, 15003
15003, 15002
15003, 15004
15003, 15006
15004, 15003
15004, 15005
15004, 15009
15005, 15000
15005, 15004
15005, 15018
15006, 15003
15006, 15007
15007, 15006
15007, 15008
15007, 15024
15008, 15007
15008, 15009
15008, 15010
15009, 15004
15009, 15008
15009, 15023
15010, 15008
15010, 15011
15010, 15025
15010, 15026
15011, 15010
15011, 15012
15011, 15027
15012, 15011
15012, 15013
15012, 15017
15013, 15012
15013, 15014
15013, 15028
15014, 15013
15014, 15015
15014, 15021
15015, 15014
15015, 15016
15015, 15029
15016, 15015
15016, 15017
15016, 15030
15017, 15012
15017, 15016
15017, 15020
15018, 15005
15018, 15031
15018, 15032
15019, 15001
15019, 15033
15019, 15034
15020, 15017
15020, 15035
15020, 15036
15020, 15037
15021, 15014
15021, 15022
15022, 15021
15022, 15038
15022, 15039
15022, 15040
15023, 15009
15023, 15041
15023, 15042
15023, 15043
15024, 15007
15025, 15010
15026, 15010
15027, 15011
15028, 15013
15029, 15015
15030, 15016
15031, 15018
15032, 15018
15033, 15019
15034, 15019
15035, 15020
15036, 15020
15037, 15020
15038, 15022
15039, 15022
15040, 15022
15041, 15023
15042, 15023
15043, 15023
15069, 15070
15069, 15074
15070, 15069
15070, 15071
15070, 15044
15071, 15070
15071, 15072
15072, 15071
15072, 15073
15072, 15075
15073, 15072
15073, 15074
15073, 15078
15074, 15069
15074, 15073
15074, 15087
15075, 15072
15075, 15076
15076, 15075
15076, 15077
15076, 15049
15077, 15076
15077, 15078
15077, 15079
15078, 15073
15078, 15077
15078, 15048
15079, 15077
15079, 15080
15079, 15050
15079, 15051
15080, 15079
15080, 15081
15080, 15052
15081, 15080
15081, 15082
15081, 15086
15082, 15081
15082, 15083
15082, 15046
15083, 15082
15083, 15084
15083, 15053
15084, 15083
15084, 15085
15084, 15054
15085, 15084
15085, 15086
15085, 15055
15086, 15081
15086, 15085
15086, 15045
15087, 15074
15087, 15056
15087, 15057
15044, 15070
15044, 15058
15044, 15059
15045, 15086
15045, 15060
15045, 15061
15045, 15062
15046, 15082
15046, 15047
15047, 15046
15047, 15063
15047, 15064
15047, 15065
15048, 15078
15048, 15066
15048, 15067
15048, 15068
15049, 15076
15050, 15079
15051, 15079
15052, 15080
15053, 15083
15054, 15084
15055, 15085
15056, 15087
15057, 15087
15058, 15044
15059, 15044
15060, 15045
15061, 15045
15062, 15045
15063, 15047
15064, 15047
15065, 15047
15066, 15048
15067, 15048
15068, 15048
15088, 15089
15088, 15093
15089, 15088
15089, 15090
15089, 15107
15090, 15089
15090, 15091
15091, 15090
15091, 15092
15091, 15094
15092, 15091
15092, 15093
15092, 15097
15093, 15088
15093, 15092
15093, 15106
15094, 15091
15094, 15095
15095, 15094
15095, 15096
15095, 15115
15096, 15095
15096, 15097
15096, 15098
15097, 15092
15097, 15096
15097, 15112
15098, 15096
15098, 15099
15098, 15116
15098, 15117
15099, 15098
15099, 15100
15099, 15118
15100, 15099
15100, 15101
15100, 15105
15101, 15100
15101, 15102
15101, 15119
15102, 15101
15102, 15103
15102, 15108
15103, 15102
15103, 15104
15103, 15120
15104, 15103
15104, 15105
15104, 15121
15105, 15100
15105, 15104
15105, 15113
15106, 15093
15106, 15122
15106, 15123
15107, 15089
15107, 15124
15107, 15125
15108, 15102
15108, 15109
15108, 15110
15108, 15111
15109, 15108
15110, 15108
15111, 15108
15112, 15097
15112, 15126
15112, 15127
15112, 15128
15113, 15105
15113, 15114
15114, 15113
15114, 15129
15114, 15130
15114, 15131
15115, 15095
15116, 15098
15117, 15098
15118, 15099
15119, 15101
15120, 15103
15121, 15104
15122, 15106
15123, 15106
15124, 15107
15125, 15107
15126, 15112
15127, 15112
15128, 15112
15129, 15114
15130, 15114
15131, 15114
15132, 15133
15132, 15137
15133, 15132
15133, 15134
15133, 15151
15134, 15133
15134, 15135
15135, 15134
15135, 15136
15135, 15138
15136, 15135
15136, 15137
15136, 15141
15137, 15132
15137, 15136
15137, 15150
15138, 15135
15138, 15139
15139, 15138
15139, 15140
15139, 15159
15140, 15139
15140, 15141
15140, 15142
15141, 15136
15141, 15140
15141, 15158
15142, 15140
15142, 15143
15142, 15160
15142, 15161
15143, 15142
15143, 15144
15143, 15162
15144, 15143
15144, 15145
15144, 15149
15145, 15144
15145, 15146
15145, 15163
15146, 15145
15146, 15147
15146, 15152
15147, 15146
15147, 15148
15147, 15164
15148, 15147
15148, 15149
15148, 15156
15149, 15144
15149, 15148
15149, 15165
15150, 15137
15150, 15166
15150, 15167
15151, 15133
15151, 15168
15151, 15169
15152, 15146
15152, 15153
15152, 15154
15152, 15155
15153, 15152
15154, 15152
15155, 15152
15156, 15148
15156, 15157
15157, 15156
15157, 15170
15157, 15171
15157, 15172
15158, 15141
15158, 15173
15158, 15174
15158, 15175
15159, 15139
15160, 15142
15161, 15142
15162, 15143
15163, 15145
15164, 15147
15165, 15149
15166, 15150
15167, 15150
15168, 15151
15169, 15151
15170, 15157
15171, 15157
15172, 15157
15173, 15158
15174, 15158
15175, 15158
15176, 15177
15176, 15181
15177, 15176
15177, 15178
15177, 15195
15178, 15177
15178, 15179
15179, 15178
15179, 15180
15179, 15182
15180, 15179
15180, 15181
15180, 15185
15181, 15176
15181, 15180
15181, 15194
15182, 15179
15182, 15183
15183, 15182
15183, 15184
15183, 15201
15184, 15183
15184, 15185
15184, 15186
15185, 15180
15185, 15184
15185, 15200
15186, 15184
15186, 15187
15186, 15202
15186, 15203
15187, 15186
15187, 15188
15187, 15204
15187, 15205
15188, 15187
15188, 15189
15188, 15193
15189, 15188
15189, 15190
15189, 15206
15190, 15189
15190, 15191
15190, 15207
15191, 15190
15191, 15192
15191, 15208
15192, 15191
15192, 15193
15192, 15196
15193, 15188
15193, 15192
15193, 15199
15194, 15181
15194, 15209
15194, 15210
15195, 15177
15195, 15211
15195, 15212
15196, 15192
15196, 15197
15196, 15213
15197, 15196
15197, 15198
15197, 15214
15198, 15197
15198, 15199
15198, 15215
15199, 15193
15199, 15198
15199, 15216
15200, 15185
15200, 15217
15200, 15218
15200, 15219
15201, 15183
15202, 15186
15203, 15186
15204, 15187
15205, 15187
15206, 15189
15207, 15190
15208, 15191
15209, 15194
15210, 15194
15211, 15195
15212, 15195
15213, 15196
15214, 15197
15215, 15198
15216, 15199
15217, 15200
15218, 15200
15219, 15200
15226, 15227
15226, 15231
15227, 15226
15227, 15228
15227, 15245
15228, 15227
15228, 15229
15229, 15228
15229, 15230
15229, 15232
15230, 15229
15230, 15231
15230, 15235
15231, 15226
15231, 15230
15231, 15244
15232, 15229
15232, 15233
15233, 15232
15233, 15234
15233, 15251
15234, 15233
15234, 15235
15234, 15236
15235, 15230
15235, 15234
15235, 15250
15236, 15234
15236, 15237
15236, 15252
15236, 15253
15237, 15236
15237, 15238
15237, 15254
15237, 15255
15238, 15237
15238, 15239
15238, 15243
15239, 15238
15239, 15240
15239, 15256
15240, 15239
15240, 15241
15240, 15248
15241, 15240
15241, 15242
15241, 15257
15242, 15241
15242, 15243
15242, 15258
15243, 15238
15243, 15242
15243, 15246
15244, 15231
15244, 15259
15244, 15260
15245, 15227
15245, 15261
15245, 15262
15246, 15243
15246, 15247
15247, 15246
15247, 15263
15247, 15264
15247, 15265
15248, 15240
15248, 15249
15249, 15248
15249, 15220
15249, 15221
15249, 15222
15250, 15235
15250, 15223
15250, 15224
15250, 15225
15251, 15233
15252, 15236
15253, 15236
15254, 15237
15255, 15237
15256, 15239
15257, 15241
15258, 15242
15259, 15244
15260, 15244
15261, 15245
15262, 15245
15263, 15247
15264, 15247
15265, 15247
15220, 15249
15221, 15249
15222, 15249
15223, 15250
15224, 15250
15225, 15250
15266, 15267
15266, 15271
15267, 15266
15267, 15268
15267, 15285
15268, 15267
15268, 15269
15269, 15268
15269, 15270
15269, 15272
15270, 15269
15270, 15271
15270, 15275
15271, 15266
15271, 15270
15271, 15284
15272, 15269
15272, 15273
15273, 15272
15273, 15274
15273, 15289
15274, 15273
15274, 15275
15274, 15276
15275, 15270
15275, 15274
15275, 15288
15276, 15274
15276, 15277
15276, 15290
15276, 15291
15277, 15276
15277, 15278
15277, 15292
15278, 15277
15278, 15279
15278, 15283
15279, 15278
15279, 15280
15279, 15293
15280, 15279
15280, 15281
15280, 15287
15281, 15280
15281, 15282
15281, 15294
15282, 15281
15282, 15283
15282, 15295
15283, 15278
15283, 15282
15283, 15286
15284, 15271
15284, 15296
15284, 15297
15285, 15267
15285, 15298
15285, 15299
15286, 15283
15286, 15300
15286, 15301
15286, 15302
15287, 15280
15287, 15303
15287, 15304
15287, 15305
15288, 15275
15288, 15306
15288, 15307
15288, 15308
15289, 15273
15290, 15276
15291, 15276
15292, 15277
15293, 15279
15294, 15281
15295, 15282
15296, 15284
15297, 15284
15298, 15285
15299, 15285
15300, 15286
15301, 15286
15302, 15286
15303, 15287
15304, 15287
15305, 15287
15306, 15288
15307, 15288
15308, 15288
15309, 15310
15309, 15314
15310, 15309
15310, 15311
15310, 15328
15311, 15310
15311, 15312
15312, 15311
15312, 15313
15312, 15315
15313, 15312
15313, 15314
15313, 15318
15314, 15309
15314, 15313
15314, 15327
15315, 15312
15315, 15316
15316, 15315
15316, 15317
15316, 15333
15317, 15316
15317, 15318
15317, 15319
15318, 15313
15318, 15317
15318, 15330
15319, 15317
15319, 15320
15319, 15334
15319, 15335
15320, 15319
15320, 15321
15320, 15336
15321, 15320
15321, 15322
15321, 15326
15322, 15321
15322, 15323
15322, 15337
15323, 15322
15323, 15324
15323, 15338
15324, 15323
15324, 15325
15324, 15331
15325, 15324
15325, 15326
15325, 15339
15326, 15321
15326, 15325
15326, 15329
15327, 15314
15327, 15340
15327, 15341
15328, 15310
15328, 15342
15328, 15343
15329, 15326
15329, 15344
15329, 15345
15329, 15346
15330, 15318
15330, 15347
15330, 15348
15330, 15349
15331, 15324
15331, 15332
15332, 15331
15332, 15350
15332, 15351
15332, 15352
15333, 15316
15334, 15319
15335, 15319
15336, 15320
15337, 15322
15338, 15323
15339, 15325
15340, 15327
15341, 15327
15342, 15328
15343, 15328
15344, 15329
15345, 15329
15346, 15329
15347, 15330
15348, 15330
15349, 15330
15350, 15332
15351, 15332
15352, 15332
15353, 15354
15353, 15358
15354, 15353
15354, 15355
15354, 15372
15355, 15354
15355, 15356
15356, 15355
15356, 15357
15356, 15359
15357, 15356
15357, 15358
15357, 15362
15358, 15353
15358, 15357
15358, 15371
15359, 15356
15359, 15360
15360, 15359
15360, 15361
15360, 15379
15361, 15360
15361, 15362
15361, 15363
15362, 15357
15362, 15361
15362, 15373
15363, 15361
15363, 15364
15363, 15380
15363, 15381
15364, 15363
15364, 15365
15364, 15378
15365, 15364
15365, 15366
15365, 15370
15366, 15365
15366, 15367
15366, 15382
15367, 15366
15367, 15368
15367, 15383
15368, 15367
15368, 15369
15368, 15374
15369, 15368
15369, 15370
15369, 15376
15370, 15365
15370, 15369
15370, 15384
15371, 15358
15371, 15385
15371, 15386
15372, 15354
15372, 15387
15372, 15388
15373, 15362
15373, 15389
15373, 15390
15373, 15391
15374, 15368
15374, 15375
15375, 15374
15375, 15392
15375, 15393
15375, 15394
15376, 15369
15376, 15377
15377, 15376
15377, 15395
15377, 15396
15377, 15397
15378, 15364
15378, 15398
15378, 15399
15378, 15400
15379, 15360
15380, 15363
15381, 15363
15382, 15366
15383, 15367
15384, 15370
15385, 15371
15386, 15371
15387, 15372
15388, 15372
15389, 15373
15390, 15373
15391, 15373
15392, 15375
15393, 15375
15394, 15375
15395, 15377
15396, 15377
15397, 15377
15398, 15378
15399, 15378
15400, 15378
15412, 15413
15412, 15417
15413, 15412
15413, 15414
15413, 15431
15414, 15413
15414, 15415
15415, 15414
15415, 15416
15415, 15418
15416, 15415
15416, 15417
15416, 15421
15417, 15412
15417, 15416
15417, 15430
15418, 15415
15418, 15419
15419, 15418
15419, 15420
15419, 15440
15420, 15419
15420, 15421
15420, 15422
15421, 15416
15421, 15420
15421, 15432
15422, 15420
15422, 15423
15422, 15441
15422, 15442
15423, 15422
15423, 15424
15423, 15439
15424, 15423
15424, 15425
15424, 15429
15425, 15424
15425, 15426
15425, 15443
15426, 15425
15426, 15427
15426, 15435
15427, 15426
15427, 15428
15427, 15444
15428, 15427
15428, 15429
15428, 15445
15429, 15424
15429, 15428
15429, 15433
15430, 15417
15430, 15446
15430, 15447
15431, 15413
15431, 15401
15431, 15402
15432, 15421
15432, 15403
15432, 15404
15432, 15405
15433, 15429
15433, 15434
15434, 15433
15434, 15406
15434, 15407
15434, 15408
15435, 15426
15435, 15436
15435, 15437
15435, 15438
15436, 15435
15437, 15435
15438, 15435
15439, 15423
15439, 15409
15439, 15410
15439, 15411
15440, 15419
15441, 15422
15442, 15422
15443, 15425
15444, 15427
15445, 15428
15446, 15430
15447, 15430
15401, 15431
15402, 15431
15403, 15432
15404, 15432
15405, 15432
15406, 15434
15407, 15434
15408, 15434
15409, 15439
15410, 15439
15411, 15439
15448, 15449
15448, 15453
15449, 15448
15449, 15450
15449, 15467
15450, 15449
15450, 15451
15451, 15450
15451, 15452
15451, 15454
15452, 15451
15452, 15453
15452, 15457
15453, 15448
15453, 15452
15453, 15466
15454, 15451
15454, 15455
15455, 15454
15455, 15456
15455, 15474
15456, 15455
15456, 15457
15456, 15458
15457, 15452
15457, 15456
15457, 15468
15458, 15456
15458, 15459
15458, 15475
15458, 15476
15459, 15458
15459, 15460
15459, 15473
15460, 15459
15460, 15461
15460, 15465
15461, 15460
15461, 15462
15461, 15477
15462, 15461
15462, 15463
15462, 15478
15463, 15462
15463, 15464
15463, 15479
15464, 15463
15464, 15465
15464, 15469
15465, 15460
15465, 15464
15465, 15472
15466, 15453
15466, 15480
15466, 15481
15467, 15449
15467, 15482
15467, 15483
15468, 15457
15468, 15484
15468, 15485
15468, 15486
15469, 15464
15469, 15470
15469, 15487
15470, 15469
15470, 15471
15470, 15488
15471, 15470
15471, 15472
15471, 15489
15472, 15465
15472, 15471
15472, 15490
15473, 15459
15473, 15491
15473, 15492
15473, 15493
15474, 15455
15475, 15458
15476, 15458
15477, 15461
15478, 15462
15479, 15463
15480, 15466
15481, 15466
15482, 15467
15483, 15467
15484, 15468
15485, 15468
15486, 15468
15487, 15469
15488, 15470
15489, 15471
15490, 15472
15491, 15473
15492, 15473
15493, 15473
15506, 15507
15506, 15511
15507, 15506
15507, 15508
15507, 15525
15508, 15507
15508, 15509
15509, 15508
15509, 15510
15509, 15512
15510, 15509
15510, 15511
15510, 15515
15511, 15506
15511, 15510
15511, 15524
15512, 15509
15512, 15513
15513, 15512
15513, 15514
15513, 15530
15514, 15513
15514, 15515
15514, 15516
15515, 15510
15515, 15514
15515, 15531
15516, 15514
15516, 15517
15516, 15532
15516, 15533
15517, 15516
15517, 15518
15517, 15494
15518, 15517
15518, 15519
15518, 15523
15519, 15518
15519, 15520
15519, 15495
15520, 15519
15520, 15521
15520, 15496
15521, 15520
15521, 15522
15521, 15497
15522, 15521
15522, 15523
15522, 15526
15523, 15518
15523, 15522
15523, 15529
15524, 15511
15524, 15498
15524, 15499
15525, 15507
15525, 15500
15525, 15501
15526, 15522
15526, 15527
15526, 15502
15527, 15526
15527, 15528
15527, 15503
15528, 15527
15528, 15529
15528, 15504
15529, 15523
15529, 15528
15529, 15505
15530, 15513
15531, 15515
15532, 15516
15533, 15516
15494, 15517
15495, 15519
15496, 15520
15497, 15521
15498, 15524
15499, 15524
15500, 15525
15501, 15525
15502, 15526
15503, 15527
15504, 15528
15505, 15529
15534, 15535
15534, 15539
15535, 15534
15535, 15536
15535, 15553
15536, 15535
15536, 15537
15537, 15536
15537, 15538
15537, 15540
15538, 15537
15538, 15539
15538, 15543
15539, 15534
15539, 15538
15539, 15552
15540, 15537
15540, 15541
15541, 15540
15541, 15542
15541, 15555
15542, 15541
15542, 15543
15542, 15544
15543, 15538
15543, 15542
15543, 15556
15544, 15542
15544, 15545
15544, 15557
15544, 15558
15545, 15544
15545, 15546
15545, 15559
15546, 15545
15546, 15547
15546, 15551
15547, 15546
15547, 15548
15547, 15560
15548, 15547
15548, 15549
15548, 15561
15549, 15548
15549, 15550
15549, 15554
15550, 15549
15550, 15551
15550, 15562
15551, 15546
15551, 15550
15551, 15563
15552, 15539
15552, 15564
15552, 15565
15553, 15535
15553, 15566
15553, 15567
15554, 15549
15555, 15541
15556, 15543
15557, 15544
15558, 15544
15559, 15545
15560, 15547
15561, 15548
15562, 15550
15563, 15551
15564, 15552
15565, 15552
15566, 15553
15567, 15553
15568, 15569
15568, 15573
15569, 15568
15569, 15570
15569, 15587
15570, 15569
15570, 15571
15571, 15570
15571, 15572
15571, 15574
15572, 15571
15572, 15573
15572, 15577
15573, 15568
15573, 15572
15573, 15586
15574, 15571
15574, 15575
15575, 15574
15575, 15576
15575, 15594
15576, 15575
15576, 15577
15576, 15578
15577, 15572
15577, 15576
15577, 15595
15578, 15576
15578, 15579
15578, 15596
15578, 15597
15579, 15578
15579, 15580
15579, 15598
15580, 15579
15580, 15581
15580, 15585
15581, 15580
15581, 15582
15581, 15599
15582, 15581
15582, 15583
15582, 15588
15583, 15582
15583, 15584
15583, 15592
15584, 15583
15584, 15585
15584, 15590
15585, 15580
15585, 15584
15585, 15600
15586, 15573
15586, 15601
15586, 15602
15587, 15569
15587, 15603
15587, 15604
15588, 15582
15588, 15589
15589, 15588
15589, 15605
15589, 15606
15589, 15607
15590, 15584
15590, 15591
15591, 15590
15591, 15608
15591, 15609
15591, 15610
15592, 15583
15592, 15593
15593, 15592
15593, 15611
15593, 15612
15593, 15613
15594, 15575
15595, 15577
15596, 15578
15597, 15578
15598, 15579
15599, 15581
15600, 15585
15601, 15586
15602, 15586
15603, 15587
15604, 15587
15605, 15589
15606, 15589
15607, 15589
15608, 15591
15609, 15591
15610, 15591
15611, 15593
15612, 15593
15613, 15593
15620, 15621
15620, 15625
15621, 15620
15621, 15622
15621, 15639
15622, 15621
15622, 15623
15623, 15622
15623, 15624
15623, 15626
15624, 15623
15624, 15625
15624, 15629
15625, 15620
15625, 15624
15625, 15638
15626, 15623
15626, 15627
15627, 15626
15627, 15628
15627, 15644
15628, 15627
15628, 15629
15628, 15630
15629, 15624
15629, 15628
15629, 15645
15630, 15628
15630, 15631
15630, 15646
15630, 15647
15631, 15630
15631, 15632
15631, 15648
15632, 15631
15632, 15633
15632, 15637
15633, 15632
15633, 15634
15633, 15649
15634, 15633
15634, 15635
15634, 15640
15635, 15634
15635, 15636
15635, 15650
15636, 15635
15636, 15637
15636, 15651
15637, 15632
15637, 15636
15637, 15642
15638, 15625
15638, 15652
15638, 15653
15639, 15621
15639, 15654
15639, 15655
15640, 15634
15640, 15641
15641, 15640
15641, 15614
15641, 15615
15641, 15616
15642, 15637
15642, 15643
15643, 15642
15643, 15617
15643, 15618
15643, 15619
15644, 15627
15645, 15629
15646, 15630
15647, 15630
15648, 15631
15649, 15633
15650, 15635
15651, 15636
15652, 15638
15653, 15638
15654, 15639
15655, 15639
15614, 15641
15615, 15641
15616, 15641
15617, 15643
15618, 15643
15619, 15643
15656, 15657
15656, 15661
15657, 15656
15657, 15658
15657, 15675
15658, 15657
15658, 15659
15659, 15658
15659, 15660
15659, 15662
15660, 15659
15660, 15661
15660, 15665
15661, 15656
15661, 15660
15661, 15674
15662, 15659
15662, 15663
15663, 15662
15663, 15664
15663, 15676
15664, 15663
15664, 15665
15664, 15666
15665, 15660
15665, 15664
15665, 15677
15666, 15664
15666, 15667
15666, 15678
15667, 15666
15667, 15668
15667, 15679
15667, 15680
15668, 15667
15668, 15669
15668, 15673
15669, 15668
15669, 15670
15669, 15681
15670, 15669
15670, 15671
15670, 15682
15671, 15670
15671, 15672
15671, 15683
15672, 15671
15672, 15673
15672, 15684
15673, 15668
15673, 15672
15673, 15685
15674, 15661
15674, 15686
15674, 15687
15675, 15657
15675, 15688
15675, 15689
15676, 15663
15677, 15665
15678, 15666
15679, 15667
15680, 15667
15681, 15669
15682, 15670
15683, 15671
15684, 15672
15685, 15673
15686, 15674
15687, 15674
15688, 15675
15689, 15675
15690, 15691
15690, 15695
15691, 15690
15691, 15692
15691, 15709
15692, 15691
15692, 15693
15693, 15692
15693, 15694
15693, 15696
15694, 15693
15694, 15695
15694, 15699
15695, 15690
15695, 15694
15695, 15708
15696, 15693
15696, 15697
15697, 15696
15697, 15698
15697, 15711
15698, 15697
15698, 15699
15698, 15700
15699, 15694
15699, 15698
15699, 15712
15700, 15698
15700, 15701
15700, 15710
15701, 15700
15701, 15702
15701, 15713
15701, 15714
15702, 15701
15702, 15703
15702, 15707
15703, 15702
15703, 15704
15703, 15715
15704, 15703
15704, 15705
15704, 15716
15705, 15704
15705, 15706
15705, 15717
15706, 15705
15706, 15707
15706, 15718
15707, 15702
15707, 15706
15707, 15719
15708, 15695
15708, 15720
15708, 15721
15709, 15691
15709, 15722
15709, 15723
15710, 15700
15710, 15724
15710, 15725
15710, 15726
15711, 15697
15712, 15699
15713, 15701
15714, 15701
15715, 15703
15716, 15704
15717, 15705
15718, 15706
15719, 15707
15720, 15708
15721, 15708
15722, 15709
15723, 15709
15724, 15710
15725, 15710
15726, 15710
15727, 15728
15727, 15732
15728, 15727
15728, 15729
15728, 15746
15729, 15728
15729, 15730
15730, 15729
15730, 15731
15730, 15733
15731, 15730
15731, 15732
15731, 15736
15732, 15727
15732, 15731
15732, 15745
15733, 15730
15733, 15734
15734, 15733
15734, 15735
15734, 15753
15735, 15734
15735, 15736
15735, 15737
15736, 15731
15736, 15735
15736, 15754
15737, 15735
15737, 15738
15737, 15755
15738, 15737
15738, 15739
15738, 15756
15738, 15757
15739, 15738
15739, 15740
15739, 15744
15740, 15739
15740, 15741
15740, 15758
15741, 15740
15741, 15742
15741, 15751
15742, 15741
15742, 15743
15742, 15749
15743, 15742
15743, 15744
15743, 15747
15744, 15739
15744, 15743
15744, 15759
15745, 15732
15745, 15760
15745, 15761
15746, 15728
15746, 15762
15746, 15763
15747, 15743
15747, 15748
15748, 15747
15748, 15764
15748, 15765
15748, 15766
15749, 15742
15749, 15750
15750, 15749
15750, 15767
15750, 15768
15750, 15769
15751, 15741
15751, 15752
15752, 15751
15752, 15770
15752, 15771
15752, 15772
15753, 15734
15754, 15736
15755, 15737
15756, 15738
15757, 15738
15758, 15740
15759, 15744
15760, 15745
15761, 15745
15762, 15746
15763, 15746
15764, 15748
15765, 15748
15766, 15748
15767, 15750
15768, 15750
15769, 15750
15770, 15752
15771, 15752
15772, 15752
15817, 15818
15817, 15773
15818, 15817
15818, 15819
15818, 15787
15819, 15818
15819, 15820
15820, 15819
15820, 15821
15820, 15774
15821, 15820
15821, 15773
15821, 15777
15773, 15817
15773, 15821
15773, 15786
15774, 15820
15774, 15775
15775, 15774
15775, 15776
15775, 15795
15776, 15775
15776, 15777
15776, 15778
15777, 15821
15777, 15776
15777, 15796
15778, 15776
15778, 15779
15778, 15794
15779, 15778
15779, 15780
15779, 15797
15779, 15798
15780, 15779
15780, 15781
15780, 15785
15781, 15780
15781, 15782
15781, 15799
15782, 15781
15782, 15783
15782, 15792
15783, 15782
15783, 15784
15783, 15790
15784, 15783
15784, 15785
15784, 15788
15785, 15780
15785, 15784
15785, 15800
15786, 15773
15786, 15801
15786, 15802
15787, 15818
15787, 15803
15787, 15804
15788, 15784
15788, 15789
15789, 15788
15789, 15805
15789, 15806
15789, 15807
15790, 15783
15790, 15791
15791, 15790
15791, 15808
15791, 15809
15791, 15810
15792, 15782
15792, 15793
15793, 15792
15793, 15811
15793, 15812
15793, 15813
15794, 15778
15794, 15814
15794, 15815
15794, 15816
15795, 15775
15796, 15777
15797, 15779
15798, 15779
15799, 15781
15800, 15785
15801, 15786
15802, 15786
15803, 15787
15804, 15787
15805, 15789
15806, 15789
15807, 15789
15808, 15791
15809, 15791
15810, 15791
15811, 15793
15812, 15793
15813, 15793
15814, 15794
15815, 15794
15816, 15794
15822, 15823
15822, 15827
15823, 15822
15823, 15824
15823, 15841
15824, 15823
15824, 15825
15825, 15824
15825, 15826
15825, 15828
15826, 15825
15826, 15827
15826, 15831
15827, 15822
15827, 15826
15827, 15840
15828, 15825
15828, 15829
15829, 15828
15829, 15830
15829, 15849
15830, 15829
15830, 15831
15830, 15832
15831, 15826
15831, 15830
15831, 15850
15832, 15830
15832, 15833
15832, 15851
15833, 15832
15833, 15834
15833, 15848
15833, 15852
15834, 15833
15834, 15835
15834, 15839
15835, 15834
15835, 15836
15835, 15853
15836, 15835
15836, 15837
15836, 15846
15837, 15836
15837, 15838
15837, 15844
15838, 15837
15838, 15839
15838, 15842
15839, 15834
15839, 15838
15839, 15854
15840, 15827
15840, 15855
15840, 15856
15841, 15823
15841, 15857
15841, 15858
15842, 15838
15842, 15843
15843, 15842
15843, 15859
15843, 15860
15843, 15861
15844, 15837
15844, 15845
15845, 15844
15845, 15862
15845, 15863
15845, 15864
15846, 15836
15846, 15847
15847, 15846
15847, 15865
15847, 15866
15847, 15867
15848, 15833
15848, 15868
15848, 15869
15848, 15870
15849, 15829
15850, 15831
15851, 15832
15852, 15833
15853, 15835
15854, 15839
15855, 15840
15856, 15840
15857, 15841
15858, 15841
15859, 15843
15860, 15843
15861, 15843
15862, 15845
15863, 15845
15864, 15845
15865, 15847
15866, 15847
15867, 15847
15868, 15848
15869, 15848
15870, 15848
15882, 15883
15882, 15887
15883, 15882
15883, 15884
15883, 15901
15884, 15883
15884, 15885
15885, 15884
15885, 15886
15885, 15888
15886, 15885
15886, 15887
15886, 15891
15887, 15882
15887, 15886
15887, 15900
15888, 15885
15888, 15889
15889, 15888
15889, 15890
15889, 15908
15890, 15889
15890, 15891
15890, 15892
15891, 15886
15891, 15890
15891, 15909
15892, 15890
15892, 15893
15892, 15910
15893, 15892
15893, 15894
15893, 15911
15893, 15912
15894, 15893
15894, 15895
15894, 15899
15895, 15894
15895, 15896
15895, 15913
15896, 15895
15896, 15897
15896, 15914
15897, 15896
15897, 15898
15897, 15902
15898, 15897
15898, 15899
15898, 15904
15899, 15894
15899, 15898
15899, 15906
15900, 15887
15900, 15915
15900, 15916
15901, 15883
15901, 15871
15901, 15872
15902, 15897
15902, 15903
15903, 15902
15903, 15873
15903, 15874
15903, 15875
15904, 15898
15904, 15905
15905, 15904
15905, 15876
15905, 15877
15905, 15878
15906, 15899
15906, 15907
15907, 15906
15907, 15879
15907, 15880
15907, 15881
15908, 15889
15909, 15891
15910, 15892
15911, 15893
15912, 15893
15913, 15895
15914, 15896
15915, 15900
15916, 15900
15871, 15901
15872, 15901
15873, 15903
15874, 15903
15875, 15903
15876, 15905
15877, 15905
15878, 15905
15879, 15907
15880, 15907
15881, 15907
15917, 15918
15917, 15922
15918, 15917
15918, 15919
15918, 15936
15919, 15918
15919, 15920
15920, 15919
15920, 15921
15920, 15923
15921, 15920
15921, 15922
15921, 15926
15922, 15917
15922, 15921
15922, 15935
15923, 15920
15923, 15924
15924, 15923
15924, 15925
15924, 15944
15925, 15924
15925, 15926
15925, 15927
15926, 15921
15926, 15925
15926, 15945
15927, 15925
15927, 15928
15927, 15943
15928, 15927
15928, 15929
15928, 15946
15928, 15947
15929, 15928
15929, 15930
15929, 15934
15930, 15929
15930, 15931
15930, 15948
15931, 15930
15931, 15932
15931, 15949
15932, 15931
15932, 15933
15932, 15937
15933, 15932
15933, 15934
15933, 15939
15934, 15929
15934, 15933
15934, 15941
15935, 15922
15935, 15950
15935, 15951
15936, 15918
15936, 15952
15936, 15953
15937, 15932
15937, 15938
15938, 15937
15938, 15954
15938, 15955
15938, 15956
15939, 15933
15939, 15940
15940, 15939
15940, 15957
15940, 15958
15940, 15959
15941, 15934
15941, 15942
15942, 15941
15942, 15960
15942, 15961
15942, 15962
15943, 15927
15943, 15963
15943, 15964
15943, 15965
15944, 15924
15945, 15926
15946, 15928
15947, 15928
15948, 15930
15949, 15931
15950, 15935
15951, 15935
15952, 15936
15953, 15936
15954, 15938
15955, 15938
15956, 15938
15957, 15940
15958, 15940
15959, 15940
15960, 15942
15961, 15942
15962, 15942
15963, 15943
15964, 15943
15965, 15943
15966, 15967
15966, 15971
15967, 15966
15967, 15968
15967, 15985
15968, 15967
15968, 15969
15969, 15968
15969, 15970
15969, 15972
15970, 15969
15970, 15971
15970, 15975
15971, 15966
15971, 15970
15971, 15984
15972, 15969
15972, 15973
15973, 15972
15973, 15974
15973, 15992
15974, 15973
15974, 15975
15974, 15976
15975, 15970
15975, 15974
15975, 15993
15976, 15974
15976, 15977
15976, 15994
15977, 15976
15977, 15978
15977, 15995
15977, 15996
15978, 15977
15978, 15979
15978, 15983
15979, 15978
15979, 15980
15979, 15990
15980, 15979
15980, 15981
15980, 15997
15981, 15980
15981, 15982
15981, 15986
15982, 15981
15982, 15983
15982, 15998
15983, 15978
15983, 15982
15983, 15988
15984, 15971
15984, 15999
15984, 16000
15985, 15967
15985, 16001
15985, 16002
15986, 15981
15986, 15987
15987, 15986
15987, 16003
15987, 16004
15987, 16005
15988, 15983
15988, 15989
15989, 15988
15989, 16006
15989, 16007
15989, 16008
15990, 15979
15990, 15991
15991, 15990
15991, 16009
15991, 16010
15991, 16011
15992, 15973
15993, 15975
15994, 15976
15995, 15977
15996, 15977
15997, 15980
15998, 15982
15999, 15984
16000, 15984
16001, 15985
16002, 15985
16003, 15987
16004, 15987
16005, 15987
16006, 15989
16007, 15989
16008, 15989
16009, 15991
16010, 15991
16011, 15991
16036, 16037
16036, 16041
16037, 16036
16037, 16038
16037, 16055
16038, 16037
16038, 16039
16039, 16038
16039, 16040
16039, 16042
16040, 16039
16040, 16041
16040, 16045
16041, 16036
16041, 16040
16041, 16054
16042, 16039
16042, 16043
16043, 16042
16043, 16044
16043, 16016
16044, 16043
16044, 16045
16044, 16046
16045, 16040
16045, 16044
16045, 16017
16046, 16044
16046, 16047
16046, 16018
16047, 16046
16047, 16048
16047, 16019
16047, 16020
16048, 16047
16048, 16049
16048, 16053
16049, 16048
16049, 16050
16049, 16021
16050, 16049
16050, 16051
16050, 16014
16051, 16050
16051, 16052
16051, 16056
16052, 16051
16052, 16053
16052, 16022
16053, 16048
16053, 16052
16053, 16012
16054, 16041
16054, 16023
16054, 16024
16055, 16037
16055, 16025
16055, 16026
16056, 16051
16056, 16057
16057, 16056
16057, 16027
16057, 16028
16057, 16029
16012, 16053
16012, 16013
16013, 16012
16013, 16030
16013, 16031
16013, 16032
16014, 16050
16014, 16015
16015, 16014
16015, 16033
16015, 16034
16015, 16035
16016, 16043
16017, 16045
16018, 16046
16019, 16047
16020, 16047
16021, 16049
16022, 16052
16023, 16054
16024, 16054
16025, 16055
16026, 16055
16027, 16057
16028, 16057
16029, 16057
16030, 16013
16031, 16013
16032, 16013
16033, 16015
16034, 16015
16035, 16015
16058, 16059
16058, 16063
16059, 16058
16059, 16060
16059, 16077
16060, 16059
16060, 16061
16061, 16060
16061, 16062
16061, 16064
16062, 16061
16062, 16063
16062, 16067
16063, 16058
16063, 16062
16063, 16076
16064, 16061
16064, 16065
16065, 16064
16065, 16066
16065, 16082
16066, 16065
16066, 16067
16066, 16068
16067, 16062
16067, 16066
16067, 16083
16068, 16066
16068, 16069
16068, 16084
16069, 16068
16069, 16070
16069, 16085
16069, 16086
16070, 16069
16070, 16071
16070, 16075
16071, 16070
16071, 16072
16071, 16087
16072, 16071
16072, 16073
16072, 16088
16073, 16072
16073, 16074
16073, 16080
16074, 16073
16074, 16075
16074, 16078
16075, 16070
16075, 16074
16075, 16089
16076, 16063
16076, 16090
16076, 16091
16077, 16059
16077, 16092
16077, 16093
16078, 16074
16078, 16079
16079, 16078
16079, 16094
16079, 16095
16079, 16096
16080, 16073
16080, 16081
16081, 16080
16081, 16097
16081, 16098
16081, 16099
16082, 16065
16083, 16067
16084, 16068
16085, 16069
16086, 16069
16087, 16071
16088, 16072
16089, 16075
16090, 16076
16091, 16076
16092, 16077
16093, 16077
16094, 16079
16095, 16079
16096, 16079
16097, 16081
16098, 16081
16099, 16081
16100, 16101
16100, 16105
16101, 16100
16101, 16102
16101, 16119
16102, 16101
16102, 16103
16103, 16102
16103, 16104
16103, 16106
16104, 16103
16104, 16105
16104, 16109
16105, 16100
16105, 16104
16105, 16118
16106, 16103
16106, 16107
16107, 16106
16107, 16108
16107, 16124
16108, 16107
16108, 16109
16108, 16110
16109, 16104
16109, 16108
16109, 16125
16110, 16108
16110, 16111
16110, 16126
16111, 16110
16111, 16112
16111, 16127
16111, 16128
16112, 16111
16112, 16113
16112, 16117
16113, 16112
16113, 16114
16113, 16129
16114, 16113
16114, 16115
16114, 16122
16115, 16114
16115, 16116
16115, 16130
16116, 16115
16116, 16117
16116, 16120
16117, 16112
16117, 16116
16117, 16131
16118, 16105
16118, 16132
16118, 16133
16119, 16101
16119, 16134
16119, 16135
16120, 16116
16120, 16121
16121, 16120
16121, 16136
16121, 16137
16121, 16138
16122, 16114
16122, 16123
16123, 16122
16123, 16139
16123, 16140
16123, 16141
16124, 16107
16125, 16109
16126, 16110
16127, 16111
16128, 16111
16129, 16113
16130, 16115
16131, 16117
16132, 16118
16133, 16118
16134, 16119
16135, 16119
16136, 16121
16137, 16121
16138, 16121
16139, 16123
16140, 16123
16141, 16123
16167, 16168
16167, 16172
16168, 16167
16168, 16169
16168, 16186
16169, 16168
16169, 16170
16170, 16169
16170, 16171
16170, 16173
16171, 16170
16171, 16172
16171, 16176
16172, 16167
16172, 16171
16172, 16185
16173, 16170
16173, 16174
16174, 16173
16174, 16175
16174, 16147
16175, 16174
16175, 16176
16175, 16177
16176, 16171
16176, 16175
16176, 16148
16177, 16175
16177, 16178
16177, 16146
16178, 16177
16178, 16179
16178, 16149
16178, 16150
16179, 16178
16179, 16180
16179, 16184
16180, 16179
16180, 16181
16180, 16151
16181, 16180
16181, 16182
16181, 16144
16182, 16181
16182, 16183
16182, 16152
16183, 16182
16183, 16184
16183, 16142
16184, 16179
16184, 16183
16184, 16153
16185, 16172
16185, 16154
16185, 16155
16186, 16168
16186, 16156
16186, 16157
16142, 16183
16142, 16143
16143, 16142
16143, 16158
16143, 16159
16143, 16160
16144, 16181
16144, 16145
16145, 16144
16145, 16161
16145, 16162
16145, 16163
16146, 16177
16146, 16164
16146, 16165
16146, 16166
16147, 16174
16148, 16176
16149, 16178
16150, 16178
16151, 16180
16152, 16182
16153, 16184
16154, 16185
16155, 16185
16156, 16186
16157, 16186
16158, 16143
16159, 16143
16160, 16143
16161, 16145
16162, 16145
16163, 16145
16164, 16146
16165, 16146
16166, 16146
16187, 16188
16187, 16192
16188, 16187
16188, 16189
16188, 16206
16189, 16188
16189, 16190
16190, 16189
16190, 16191
16190, 16193
16191, 16190
16191, 16192
16191, 16196
16192, 16187
16192, 16191
16192, 16205
16193, 16190
16193, 16194
16194, 16193
16194, 16195
16194, 16211
16195, 16194
16195, 16196
16195, 16197
16196, 16191
16196, 16195
16196, 16212
16197, 16195
16197, 16198
16197, 16213
16198, 16197
16198, 16199
16198, 16214
16198, 16215
16199, 16198
16199, 16200
16199, 16204
16200, 16199
16200, 16201
16200, 16216
16201, 16200
16201, 16202
16201, 16209
16202, 16201
16202, 16203
16202, 16217
16203, 16202
16203, 16204
16203, 16218
16204, 16199
16204, 16203
16204, 16207
16205, 16192
16205, 16219
16205, 16220
16206, 16188
16206, 16221
16206, 16222
16207, 16204
16207, 16208
16208, 16207
16208, 16223
16208, 16224
16208, 16225
16209, 16201
16209, 16210
16210, 16209
16210, 16226
16210, 16227
16210, 16228
16211, 16194
16212, 16196
16213, 16197
16214, 16198
16215, 16198
16216, 16200
16217, 16202
16218, 16203
16219, 16205
16220, 16205
16221, 16206
16222, 16206
16223, 16208
16224, 16208
16225, 16208
16226, 16210
16227, 16210
16228, 16210
16229, 16230
16229, 16234
16230, 16229
16230, 16231
16230, 16248
16231, 16230
16231, 16232
16232, 16231
16232, 16233
16232, 16235
16233, 16232
16233, 16234
16233, 16238
16234, 16229
16234, 16233
16234, 16247
16235, 16232
16235, 16236
16236, 16235
16236, 16237
16236, 16254
16237, 16236
16237, 16238
16237, 16239
16238, 16233
16238, 16237
16238, 16255
16239, 16237
16239, 16240
16239, 16253
16240, 16239
16240, 16241
16240, 16256
16240, 16257
16241, 16240
16241, 16242
16241, 16246
16242, 16241
16242, 16243
16242, 16258
16243, 16242
16243, 16244
16243, 16251
16244, 16243
16244, 16245
16244, 16259
16245, 16244
16245, 16246
16245, 16260
16246, 16241
16246, 16245
16246, 16249
16247, 16234
16247, 16261
16247, 16262
16248, 16230
16248, 16263
16248, 16264
16249, 16246
16249, 16250
16250, 16249
16250, 16265
16250, 16266
16250, 16267
16251, 16243
16251, 16252
16252, 16251
16252, 16268
16252, 16269
16252, 16270
16253, 16239
16253, 16271
16253, 16272
16253, 16273
16254, 16236
16255, 16238
16256, 16240
16257, 16240
16258, 16242
16259, 16244
16260, 16245
16261, 16247
16262, 16247
16263, 16248
16264, 16248
16265, 16250
16266, 16250
16267, 16250
16268, 16252
16269, 16252
16270, 16252
16271, 16253
16272, 16253
16273, 16253
16298, 16299
16298, 16303
16299, 16298
16299, 16300
16299, 16277
16300, 16299
16300, 16301
16301, 16300
16301, 16302
16301, 16304
16302, 16301
16302, 16303
16302, 16307
16303, 16298
16303, 16302
16303, 16276
16304, 16301
16304, 16305
16305, 16304
16305, 16306
16305, 16282
16306, 16305
16306, 16307
16306, 16308
16307, 16302
16307, 16306
16307, 16283
16308, 16306
16308, 16309
16308, 16284
16309, 16308
16309, 16310
16309, 16285
16309, 16286
16310, 16309
16310, 16311
16310, 16275
16311, 16310
16311, 16312
16311, 16287
16312, 16311
16312, 16313
16312, 16288
16313, 16312
16313, 16274
16313, 16289
16274, 16313
16274, 16275
16274, 16278
16275, 16310
16275, 16274
16275, 16281
16276, 16303
16276, 16290
16276, 16291
16277, 16299
16277, 16292
16277, 16293
16278, 16274
16278, 16279
16278, 16294
16279, 16278
16279, 16280
16279, 16295
16280, 16279
16280, 16281
16280, 16296
16281, 16275
16281, 16280
16281, 16297
16282, 16305
16283, 16307
16284, 16308
16285, 16309
16286, 16309
16287, 16311
16288, 16312
16289, 16313
16290, 16276
16291, 16276
16292, 16277
16293, 16277
16294, 16278
16295, 16279
16296, 16280
16297, 16281
16314, 16315
16314, 16319
16315, 16314
16315, 16316
16315, 16333
16316, 16315
16316, 16317
16317, 16316
16317, 16318
16317, 16320
16318, 16317
16318, 16319
16318, 16323
16319, 16314
16319, 16318
16319, 16332
16320, 16317
16320, 16321
16321, 16320
16321, 16322
16321, 16340
16322, 16321
16322, 16323
16322, 16324
16323, 16318
16323, 16322
16323, 16341
16324, 16322
16324, 16325
16324, 16342
16325, 16324
16325, 16326
16325, 16343
16325, 16344
16326, 16325
16326, 16327
16326, 16331
16327, 16326
16327, 16328
16327, 16345
16328, 16327
16328, 16329
16328, 16346
16329, 16328
16329, 16330
16329, 16338
16330, 16329
16330, 16331
16330, 16334
16331, 16326
16331, 16330
16331, 16337
16332, 16319
16332, 16347
16332, 16348
16333, 16315
16333, 16349
16333, 16350
16334, 16330
16334, 16335
16334, 16351
16335, 16334
16335, 16336
16335, 16352
16336, 16335
16336, 16337
16336, 16353
16337, 16331
16337, 16336
16337, 16354
16338, 16329
16338, 16339
16339, 16338
16339, 16355
16339, 16356
16339, 16357
16340, 16321
16341, 16323
16342, 16324
16343, 16325
16344, 16325
16345, 16327
16346, 16328
16347, 16332
16348, 16332
16349, 16333
16350, 16333
16351, 16334
16352, 16335
16353, 16336
16354, 16337
16355, 16339
16356, 16339
16357, 16339
16358, 16359
16358, 16363
16359, 16358
16359, 16360
16359, 16377
16360, 16359
16360, 16361
16361, 16360
16361, 16362
16361, 16364
16362, 16361
16362, 16363
16362, 16367
16363, 16358
16363, 16362
16363, 16376
16364, 16361
16364, 16365
16365, 16364
16365, 16366
16365, 16384
16366, 16365
16366, 16367
16366, 16368
16367, 16362
16367, 16366
16367, 16385
16368, 16366
16368, 16369
16368, 16386
16369, 16368
16369, 16370
16369, 16387
16369, 16388
16370, 16369
16370, 16371
16370, 16375
16371, 16370
16371, 16372
16371, 16382
16372, 16371
16372, 16373
16372, 16389
16373, 16372
16373, 16374
16373, 16390
16374, 16373
16374, 16375
16374, 16378
16375, 16370
16375, 16374
16375, 16381
16376, 16363
16376, 16391
16376, 16392
16377, 16359
16377, 16393
16377, 16394
16378, 16374
16378, 16379
16378, 16395
16379, 16378
16379, 16380
16379, 16396
16380, 16379
16380, 16381
16380, 16397
16381, 16375
16381, 16380
16381, 16398
16382, 16371
16382, 16383
16383, 16382
16383, 16399
16383, 16400
16383, 16401
16384, 16365
16385, 16367
16386, 16368
16387, 16369
16388, 16369
16389, 16372
16390, 16373
16391, 16376
16392, 16376
16393, 16377
16394, 16377
16395, 16378
16396, 16379
16397, 16380
16398, 16381
16399, 16383
16400, 16383
16401, 16383
16431, 16432
16431, 16436
16432, 16431
16432, 16433
16432, 16405
16433, 16432
16433, 16434
16434, 16433
16434, 16435
16434, 16437
16435, 16434
16435, 16436
16435, 16440
16436, 16431
16436, 16435
16436, 16404
16437, 16434
16437, 16438
16438, 16437
16438, 16439
16438, 16413
16439, 16438
16439, 16440
16439, 16441
16440, 16435
16440, 16439
16440, 16414
16441, 16439
16441, 16442
16441, 16415
16442, 16441
16442, 16443
16442, 16416
16442, 16417
16443, 16442
16443, 16444
16443, 16403
16444, 16443
16444, 16445
16444, 16418
16445, 16444
16445, 16446
16445, 16419
16446, 16445
16446, 16402
16446, 16406
16402, 16446
16402, 16403
16402, 16420
16403, 16443
16403, 16402
16403, 16421
16404, 16436
16404, 16422
16404, 16423
16405, 16432
16405, 16424
16405, 16425
16406, 16446
16406, 16407
16407, 16406
16407, 16408
16407, 16412
16408, 16407
16408, 16409
16408, 16426
16409, 16408
16409, 16410
16409, 16427
16410, 16409
16410, 16411
16410, 16428
16411, 16410
16411, 16412
16411, 16429
16412, 16407
16412, 16411
16412, 16430
16413, 16438
16414, 16440
16415, 16441
16416, 16442
16417, 16442
16418, 16444
16419, 16445
16420, 16402
16421, 16403
16422, 16404
16423, 16404
16424, 16405
16425, 16405
16426, 16408
16427, 16409
16428, 16410
16429, 16411
16430, 16412
16447, 16448
16447, 16452
16448, 16447
16448, 16449
16448, 16465
16449, 16448
16449, 16450
16450, 16449
16450, 16451
16450, 16453
16451, 16450
16451, 16452
16451, 16456
16452, 16447
16452, 16451
16452, 16464
16453, 16450
16453, 16454
16454, 16453
16454, 16455
16454, 16468
16455, 16454
16455, 16456
16455, 16457
16456, 16451
16456, 16455
16456, 16469
16457, 16455
16457, 16466
16457, 16470
16458, 16459
16458, 16463
16458, 16467
16459, 16458
16459, 16460
16459, 16471
16460, 16459
16460, 16461
16460, 16472
16461, 16460
16461, 16462
16461, 16473
16462, 16461
16462, 16463
16462, 16474
16463, 16458
16463, 16462
16463, 16475
16464, 16452
16464, 16476
16464, 16477
16465, 16448
16465, 16478
16465, 16479
16466, 16457
16466, 16467
16466, 16480
16466, 16481
16467, 16458
16467, 16466
16467, 16482
16467, 16483
16468, 16454
16469, 16456
16470, 16457
16471, 16459
16472, 16460
16473, 16461
16474, 16462
16475, 16463
16476, 16464
16477, 16464
16478, 16465
16479, 16465
16480, 16466
16481, 16466
16482, 16467
16483, 16467
16484, 16485
16484, 16489
16485, 16484
16485, 16486
16485, 16502
16486, 16485
16486, 16487
16487, 16486
16487, 16488
16487, 16490
16488, 16487
16488, 16489
16488, 16493
16489, 16484
16489, 16488
16489, 16501
16490, 16487
16490, 16491
16491, 16490
16491, 16492
16491, 16506
16492, 16491
16492, 16493
16492, 16494
16493, 16488
16493, 16492
16493, 16507
16494, 16492
16494, 16503
16494, 16505
16495, 16496
16495, 16500
16495, 16504
16496, 16495
16496, 16497
16496, 16508
16497, 16496
16497, 16498
16497, 16509
16498, 16497
16498, 16499
16498, 16510
16499, 16498
16499, 16500
16499, 16511
16500, 16495
16500, 16499
16500, 16512
16501, 16489
16501, 16513
16501, 16514
16502, 16485
16502, 16515
16502, 16516
16503, 16494
16503, 16504
16503, 16517
16503, 16518
16504, 16495
16504, 16503
16504, 16519
16504, 16520
16505, 16494
16505, 16521
16505, 16522
16505, 16523
16506, 16491
16507, 16493
16508, 16496
16509, 16497
16510, 16498
16511, 16499
16512, 16500
16513, 16501
16514, 16501
16515, 16502
16516, 16502
16517, 16503
16518, 16503
16519, 16504
16520, 16504
16521, 16505
16522, 16505
16523, 16505
16555, 16556
16555, 16560
16556, 16555
16556, 16557
16556, 16567
16557, 16556
16557, 16558
16558, 16557
16558, 16559
16558, 16561
16559, 16558
16559, 16560
16559, 16564
16560, 16555
16560, 16559
16560, 16566
16561, 16558
16561, 16562
16562, 16561
16562, 16563
16562, 16532
16563, 16562
16563, 16564
16563, 16565
16564, 16559
16564, 16563
16564, 16568
16565, 16563
16565, 16569
16565, 16533
16565, 16534
16566, 16560
16566, 16535
16566, 16536
16567, 16556
16567, 16537
16567, 16538
16568, 16564
16568, 16539
16568, 16540
16568, 16541
16569, 16565
16569, 16570
16569, 16542
16570, 16569
16570, 16571
16570, 16575
16571, 16570
16571, 16572
16571, 16543
16572, 16571
16572, 16573
16572, 16530
16573, 16572
16573, 16574
16573, 16576
16574, 16573
16574, 16575
16574, 16544
16575, 16570
16575, 16574
16575, 16528
16576, 16573
16576, 16524
16576, 16527
16524, 16576
16524, 16525
16524, 16545
16525, 16524
16525, 16526
16525, 16546
16526, 16525
16526, 16527
16526, 16547
16527, 16576
16527, 16526
16527, 16548
16528, 16575
16528, 16529
16529, 16528
16529, 16549
16529, 16550
16529, 16551
16530, 16572
16530, 16531
16531, 16530
16531, 16552
16531, 16553
16531, 16554
16532, 16562
16533, 16565
16534, 16565
16535, 16566
16536, 16566
16537, 16567
16538, 16567
16539, 16568
16540, 16568
16541, 16568
16542, 16569
16543, 16571
16544, 16574
16545, 16524
16546, 16525
16547, 16526
16548, 16527
16549, 16529
16550, 16529
16551, 16529
16552, 16531
16553, 16531
16554, 16531
16577, 16578
16577, 16582
16578, 16577
16578, 16579
16578, 16589
16579, 16578
16579, 16580
16580, 16579
16580, 16581
16580, 16583
16581, 16580
16581, 16582
16581, 16586
16582, 16577
16582, 16581
16582, 16588
16583, 16580
16583, 16584
16584, 16583
16584, 16585
16584, 16607
16585, 16584
16585, 16586
16585, 16587
16586, 16581
16586, 16585
16586, 16590
16587, 16585
16587, 16591
16587, 16608
16587, 16609
16588, 16582
16588, 16610
16588, 16611
16589, 16578
16589, 16612
16589, 16613
16590, 16586
16590, 16614
16590, 16615
16590, 16616
16591, 16587
16591, 16592
16591, 16617
16592, 16591
16592, 16593
16592, 16597
16593, 16592
16593, 16594
16593, 16618
16594, 16593
16594, 16595
16594, 16605
16595, 16594
16595, 16596
16595, 16603
16596, 16595
16596, 16597
16596, 16619
16597, 16592
16597, 16596
16597, 16598
16598, 16597
16598, 16599
16598, 16602
16599, 16598
16599, 16600
16599, 16620
16600, 16599
16600, 16601
16600, 16621
16601, 16600
16601, 16602
16601, 16622
16602, 16598
16602, 16601
16602, 16623
16603, 16595
16603, 16604
16604, 16603
16604, 16624
16604, 16625
16604, 16626
16605, 16594
16605, 16606
16606, 16605
16606, 16627
16606, 16628
16606, 16629
16607, 16584
16608, 16587
16609, 16587
16610, 16588
16611, 16588
16612, 16589
16613, 16589
16614, 16590
16615, 16590
16616, 16590
16617, 16591
16618, 16593
16619, 16596
16620, 16599
16621, 16600
16622, 16601
16623, 16602
16624, 16604
16625, 16604
16626, 16604
16627, 16606
16628, 16606
16629, 16606
16643, 16644
16643, 16648
16644, 16643
16644, 16645
16644, 16655
16645, 16644
16645, 16646
16646, 16645
16646, 16647
16646, 16649
16647, 16646
16647, 16648
16647, 16652
16648, 16643
16648, 16647
16648, 16654
16649, 16646
16649, 16650
16650, 16649
16650, 16651
16650, 16673
16651, 16650
16651, 16652
16651, 16653
16652, 16647
16652, 16651
16652, 16656
16653, 16651
16653, 16657
16653, 16674
16653, 16675
16654, 16648
16654, 16676
16654, 16677
16655, 16644
16655, 16678
16655, 16679
16656, 16652
16656, 16680
16656, 16681
16656, 16682
16657, 16653
16657, 16658
16657, 16683
16658, 16657
16658, 16659
16658, 16663
16659, 16658
16659, 16660
16659, 16672
16660, 16659
16660, 16661
16660, 16670
16661, 16660
16661, 16662
16661, 16664
16662, 16661
16662, 16663
16662, 16671
16663, 16658
16663, 16662
16663, 16669
16664, 16661
16664, 16665
16664, 16668
16665, 16664
16665, 16666
16665, 16684
16666, 16665
16666, 16667
16666, 16685
16667, 16666
16667, 16668
16667, 16686
16668, 16664
16668, 16667
16668, 16630
16669, 16663
16669, 16631
16669, 16632
16669, 16633
16670, 16660
16670, 16634
16670, 16635
16670, 16636
16671, 16662
16671, 16637
16671, 16638
16671, 16639
16672, 16659
16672, 16640
16672, 16641
16672, 16642
16673, 16650
16674, 16653
16675, 16653
16676, 16654
16677, 16654
16678, 16655
16679, 16655
16680, 16656
16681, 16656
16682, 16656
16683, 16657
16684, 16665
16685, 16666
16686, 16667
16630, 16668
16631, 16669
16632, 16669
16633, 16669
16634, 16670
16635, 16670
16636, 16670
16637, 16671
16638, 16671
16639, 16671
16640, 16672
16641, 16672
16642, 16672
16687, 16688
16687, 16692
16688, 16687
16688, 16689
16688, 16699
16689, 16688
16689, 16690
16690, 16689
16690, 16691
16690, 16693
16691, 16690
16691, 16692
16691, 16696
16692, 16687
16692, 16691
16692, 16698
16693, 16690
16693, 16694
16694, 16693
16694, 16695
16694, 16716
16695, 16694
16695, 16696
16695, 16697
16696, 16691
16696, 16695
16696, 16700
16697, 16695
16697, 16701
16697, 16717
16697, 16718
16698, 16692
16698, 16719
16698, 16720
16699, 16688
16699, 16721
16699, 16722
16700, 16696
16700, 16723
16700, 16724
16700, 16725
16701, 16697
16701, 16702
16701, 16726
16702, 16701
16702, 16703
16702, 16707
16703, 16702
16703, 16704
16703, 16727
16704, 16703
16704, 16705
16704, 16710
16705, 16704
16705, 16706
16705, 16728
16706, 16705
16706, 16707
16706, 16729
16707, 16702
16707, 16706
16707, 16708
16708, 16707
16708, 16709
16709, 16708
16709, 16730
16709, 16731
16709, 16732
16710, 16704
16710, 16711
16710, 16715
16711, 16710
16711, 16712
16711, 16733
16712, 16711
16712, 16713
16712, 16734
16713, 16712
16713, 16714
16713, 16735
16714, 16713
16714, 16715
16714, 16736
16715, 16710
16715, 16714
16715, 16737
16716, 16694
16717, 16697
16718, 16697
16719, 16698
16720, 16698
16721, 16699
16722, 16699
16723, 16700
16724, 16700
16725, 16700
16726, 16701
16727, 16703
16728, 16705
16729, 16706
16730, 16709
16731, 16709
16732, 16709
16733, 16711
16734, 16712
16735, 16713
16736, 16714
16737, 16715
16752, 16753
16752, 16757
16753, 16752
16753, 16754
16753, 16771
16754, 16753
16754, 16755
16755, 16754
16755, 16756
16755, 16758
16756, 16755
16756, 16757
16756, 16761
16757, 16752
16757, 16756
16757, 16770
16758, 16755
16758, 16759
16759, 16758
16759, 16760
16759, 16775
16760, 16759
16760, 16761
16760, 16762
16761, 16756
16761, 16760
16761, 16772
16762, 16760
16762, 16763
16762, 16776
16762, 16777
16763, 16762
16763, 16764
16763, 16778
16764, 16763
16764, 16765
16764, 16769
16765, 16764
16765, 16766
16765, 16738
16766, 16765
16766, 16767
16766, 16739
16767, 16766
16767, 16768
16767, 16740
16768, 16767
16768, 16769
16768, 16741
16769, 16764
16769, 16768
16769, 16773
16770, 16757
16770, 16742
16770, 16743
16771, 16753
16771, 16744
16771, 16745
16772, 16761
16772, 16746
16772, 16747
16772, 16748
16773, 16769
16773, 16774
16774, 16773
16774, 16749
16774, 16750
16774, 16751
16775, 16759
16776, 16762
16777, 16762
16778, 16763
16738, 16765
16739, 16766
16740, 16767
16741, 16768
16742, 16770
16743, 16770
16744, 16771
16745, 16771
16746, 16772
16747, 16772
16748, 16772
16749, 16774
16750, 16774
16751, 16774
16779, 16780
16779, 16784
16780, 16779
16780, 16781
16780, 16798
16781, 16780
16781, 16782
16782, 16781
16782, 16783
16782, 16785
16783, 16782
16783, 16784
16783, 16788
16784, 16779
16784, 16783
16784, 16797
16785, 16782
16785, 16786
16786, 16785
16786, 16787
16786, 16802
16787, 16786
16787, 16788
16787, 16789
16788, 16783
16788, 16787
16788, 16799
16789, 16787
16789, 16790
16789, 16803
16789, 16804
16790, 16789
16790, 16791
16790, 16805
16791, 16790
16791, 16792
16791, 16796
16792, 16791
16792, 16793
16792, 16806
16793, 16792
16793, 16794
16793, 16807
16794, 16793
16794, 16795
16794, 16808
16795, 16794
16795, 16796
16795, 16800
16796, 16791
16796, 16795
16796, 16809
16797, 16784
16797, 16810
16797, 16811
16798, 16780
16798, 16812
16798, 16813
16799, 16788
16799, 16814
16799, 16815
16799, 16816
16800, 16795
16800, 16801
16801, 16800
16801, 16817
16801, 16818
16801, 16819
16802, 16786
16803, 16789
16804, 16789
16805, 16790
16806, 16792
16807, 16793
16808, 16794
16809, 16796
16810, 16797
16811, 16797
16812, 16798
16813, 16798
16814, 16799
16815, 16799
16816, 16799
16817, 16801
16818, 16801
16819, 16801
16820, 16821
16820, 16825
16821, 16820
16821, 16822
16821, 16839
16822, 16821
16822, 16823
16823, 16822
16823, 16824
16823, 16826
16824, 16823
16824, 16825
16824, 16829
16825, 16820
16825, 16824
16825, 16838
16826, 16823
16826, 16827
16827, 16826
16827, 16828
16827, 16843
16828, 16827
16828, 16829
16828, 16830
16829, 16824
16829, 16828
16829, 16840
16830, 16828
16830, 16831
16830, 16844
16830, 16845
16831, 16830
16831, 16832
16831, 16846
16832, 16831
16832, 16833
16832, 16837
16833, 16832
16833, 16834
16833, 16847
16834, 16833
16834, 16835
16834, 16848
16835, 16834
16835, 16836
16835, 16841
16836, 16835
16836, 16837
16836, 16849
16837, 16832
16837, 16836
16837, 16850
16838, 16825
16838, 16851
16838, 16852
16839, 16821
16839, 16853
16839, 16854
16840, 16829
16840, 16855
16840, 16856
16840, 16857
16841, 16835
16841, 16842
16842, 16841
16842, 16858
16842, 16859
16842, 16860
16843, 16827
16844, 16830
16845, 16830
16846, 16831
16847, 16833
16848, 16834
16849, 16836
16850, 16837
16851, 16838
16852, 16838
16853, 16839
16854, 16839
16855, 16840
16856, 16840
16857, 16840
16858, 16842
16859, 16842
16860, 16842
16893, 16894
16893, 16898
16894, 16893
16894, 16895
16894, 16868
16895, 16894
16895, 16896
16896, 16895
16896, 16897
16896, 16899
16897, 16896
16897, 16898
16897, 16902
16898, 16893
16898, 16897
16898, 16867
16899, 16896
16899, 16900
16900, 16899
16900, 16901
16900, 16873
16901, 16900
16901, 16902
16901, 16903
16902, 16897
16902, 16901
16902, 16869
16903, 16901
16903, 16904
16903, 16874
16903, 16875
16904, 16903
16904, 16861
16904, 16872
16861, 16904
16861, 16862
16861, 16866
16862, 16861
16862, 16863
16862, 16876
16863, 16862
16863, 16864
16863, 16877
16864, 16863
16864, 16865
16864, 16878
16865, 16864
16865, 16866
16865, 16870
16866, 16861
16866, 16865
16866, 16879
16867, 16898
16867, 16880
16867, 16881
16868, 16894
16868, 16882
16868, 16883
16869, 16902
16869, 16884
16869, 16885
16869, 16886
16870, 16865
16870, 16871
16871, 16870
16871, 16887
16871, 16888
16871, 16889
16872, 16904
16872, 16890
16872, 16891
16872, 16892
16873, 16900
16874, 16903
16875, 16903
16876, 16862
16877, 16863
16878, 16864
16879, 16866
16880, 16867
16881, 16867
16882, 16868
16883, 16868
16884, 16869
16885, 16869
16886, 16869
16887, 16871
16888, 16871
16889, 16871
16890, 16872
16891, 16872
16892, 16872
16905, 16906
16905, 16910
16906, 16905
16906, 16907
16906, 16924
16907, 16906
16907, 16908
16908, 16907
16908, 16909
16908, 16911
16909, 16908
16909, 16910
16909, 16914
16910, 16905
16910, 16909
16910, 16923
16911, 16908
16911, 16912
16912, 16911
16912, 16913
16912, 16929
16913, 16912
16913, 16914
16913, 16915
16914, 16909
16914, 16913
16914, 16925
16915, 16913
16915, 16916
16915, 16930
16915, 16931
16916, 16915
16916, 16917
16916, 16928
16917, 16916
16917, 16918
16917, 16922
16918, 16917
16918, 16919
16918, 16932
16919, 16918
16919, 16920
16919, 16933
16920, 16919
16920, 16921
16920, 16926
16921, 16920
16921, 16922
16921, 16934
16922, 16917
16922, 16921
16922, 16935
16923, 16910
16923, 16936
16923, 16937
16924, 16906
16924, 16938
16924, 16939
16925, 16914
16925, 16940
16925, 16941
16925, 16942
16926, 16920
16926, 16927
16927, 16926
16927, 16943
16927, 16944
16927, 16945
16928, 16916
16928, 16946
16928, 16947
16928, 16948
16929, 16912
16930, 16915
16931, 16915
16932, 16918
16933, 16919
16934, 16921
16935, 16922
16936, 16923
16937, 16923
16938, 16924
16939, 16924
16940, 16925
16941, 16925
16942, 16925
16943, 16927
16944, 16927
16945, 16927
16946, 16928
16947, 16928
16948, 16928
16949, 16950
16949, 16954
16950, 16949
16950, 16951
16950, 16967
16951, 16950
16951, 16952
16952, 16951
16952, 16953
16952, 16955
16953, 16952
16953, 16954
16953, 16958
16954, 16949
16954, 16953
16954, 16966
16955, 16952
16955, 16956
16956, 16955
16956, 16957
16956, 16971
16957, 16956
16957, 16958
16957, 16959
16958, 16953
16958, 16957
16958, 16972
16959, 16957
16959, 16968
16959, 16973
16959, 16974
16960, 16961
16960, 16965
16960, 16969
16961, 16960
16961, 16962
16961, 16975
16962, 16961
16962, 16963
16962, 16976
16963, 16962
16963, 16964
16963, 16977
16964, 16963
16964, 16965
16964, 16978
16965, 16960
16965, 16964
16965, 16979
16966, 16954
16966, 16980
16966, 16981
16967, 16950
16967, 16982
16967, 16983
16968, 16959
16968, 16969
16969, 16960
16969, 16968
16969, 16970
16970, 16969
16971, 16956
16972, 16958
16973, 16959
16974, 16959
16975, 16961
16976, 16962
16977, 16963
16978, 16964
16979, 16965
16980, 16966
16981, 16966
16982, 16967
16983, 16967
16997, 16998
16997, 17002
16998, 16997
16998, 16999
16998, 17015
16999, 16998
16999, 17000
17000, 16999
17000, 17001
17000, 17003
17001, 17000
17001, 17002
17001, 17006
17002, 16997
17002, 17001
17002, 17014
17003, 17000
17003, 17004
17004, 17003
17004, 17005
17004, 17020
17005, 17004
17005, 17006
17005, 17007
17006, 17001
17006, 17005
17006, 17019
17007, 17005
17007, 17016
17007, 17021
17007, 16984
17008, 17009
17008, 17013
17008, 17017
17009, 17008
17009, 17010
17009, 16985
17010, 17009
17010, 17011
17010, 16986
17011, 17010
17011, 17012
17011, 16987
17012, 17011
17012, 17013
17012, 16988
17013, 17008
17013, 17012
17013, 16989
17014, 17002
17014, 16990
17014, 16991
17015, 16998
17015, 16992
17015, 16993
17016, 17007
17016, 17017
17017, 17008
17017, 17016
17017, 17018
17018, 17017
17019, 17006
17019, 16994
17019, 16995
17019, 16996
17020, 17004
17021, 17007
16984, 17007
16985, 17009
16986, 17010
16987, 17011
16988, 17012
16989, 17013
16990, 17014
16991, 17014
16992, 17015
16993, 17015
16994, 17019
16995, 17019
16996, 17019
17022, 17023
17022, 17027
17023, 17022
17023, 17024
17023, 17041
17024, 17023
17024, 17025
17025, 17024
17025, 17026
17025, 17028
17026, 17025
17026, 17027
17026, 17031
17027, 17022
17027, 17026
17027, 17040
17028, 17025
17028, 17029
17029, 17028
17029, 17030
17029, 17049
17030, 17029
17030, 17031
17030, 17032
17031, 17026
17031, 17030
17031, 17050
17032, 17030
17032, 17033
17032, 17051
17032, 17052
17033, 17032
17033, 17034
17033, 17048
17034, 17033
17034, 17035
17034, 17039
17035, 17034
17035, 17036
17035, 17053
17036, 17035
17036, 17037
17036, 17042
17037, 17036
17037, 17038
17037, 17046
17038, 17037
17038, 17039
17038, 17044
17039, 17034
17039, 17038
17039, 17054
17040, 17027
17040, 17055
17040, 17056
17041, 17023
17041, 17057
17041, 17058
17042, 17036
17042, 17043
17043, 17042
17043, 17059
17043, 17060
17043, 17061
17044, 17038
17044, 17045
17045, 17044
17045, 17062
17045, 17063
17045, 17064
17046, 17037
17046, 17047
17047, 17046
17047, 17065
17047, 17066
17047, 17067
17048, 17033
17048, 17068
17048, 17069
17048, 17070
17049, 17029
17050, 17031
17051, 17032
17052, 17032
17053, 17035
17054, 17039
17055, 17040
17056, 17040
17057, 17041
17058, 17041
17059, 17043
17060, 17043
17061, 17043
17062, 17045
17063, 17045
17064, 17045
17065, 17047
17066, 17047
17067, 17047
17068, 17048
17069, 17048
17070, 17048
17071, 17072
17071, 17076
17072, 17071
17072, 17073
17072, 17090
17073, 17072
17073, 17074
17074, 17073
17074, 17075
17074, 17077
17075, 17074
17075, 17076
17075, 17080
17076, 17071
17076, 17075
17076, 17089
17077, 17074
17077, 17078
17078, 17077
17078, 17079
17078, 17099
17079, 17078
17079, 17080
17079, 17081
17080, 17075
17080, 17079
17080, 17100
17081, 17079
17081, 17082
17081, 17101
17081, 17102
17082, 17081
17082, 17083
17082, 17097
17083, 17082
17083, 17084
17083, 17088
17084, 17083
17084, 17085
17084, 17103
17085, 17084
17085, 17086
17085, 17091
17086, 17085
17086, 17087
17086, 17095
17087, 17086
17087, 17088
17087, 17093
17088, 17083
17088, 17087
17088, 17104
17089, 17076
17089, 17105
17089, 17106
17090, 17072
17090, 17107
17090, 17108
17091, 17085
17091, 17092
17092, 17091
17092, 17109
17092, 17110
17092, 17111
17093, 17087
17093, 17094
17094, 17093
17094, 17112
17094, 17113
17094, 17114
17095, 17086
17095, 17096
17096, 17095
17096, 17115
17096, 17116
17096, 17117
17097, 17082
17097, 17098
17097, 17118
17097, 17119
17098, 17097
17098, 17120
17098, 17121
17098, 17122
17099, 17078
17100, 17080
17101, 17081
17102, 17081
17103, 17084
17104, 17088
17105, 17089
17106, 17089
17107, 17090
17108, 17090
17109, 17092
17110, 17092
17111, 17092
17112, 17094
17113, 17094
17114, 17094
17115, 17096
17116, 17096
17117, 17096
17118, 17097
17119, 17097
17120, 17098
17121, 17098
17122, 17098
17157, 17158
17157, 17162
17158, 17157
17158, 17159
17158, 17128
17159, 17158
17159, 17160
17160, 17159
17160, 17161
17160, 17163
17161, 17160
17161, 17162
17161, 17166
17162, 17157
17162, 17161
17162, 17127
17163, 17160
17163, 17164
17164, 17163
17164, 17165
17164, 17137
17165, 17164
17165, 17166
17165, 17167
17166, 17161
17166, 17165
17166, 17138
17167, 17165
17167, 17168
17167, 17139
17167, 17140
17168, 17167
17168, 17169
17168, 17135
17169, 17168
17169, 17170
17169, 17126
17170, 17169
17170, 17123
17170, 17141
17123, 17170
17123, 17124
17123, 17129
17124, 17123
17124, 17125
17124, 17133
17125, 17124
17125, 17126
17125, 17131
17126, 17169
17126, 17125
17126, 17142
17127, 17162
17127, 17143
17127, 17144
17128, 17158
17128, 17145
17128, 17146
17129, 17123
17129, 17130
17130, 17129
17130, 17147
17130, 17148
17130, 17149
17131, 17125
17131, 17132
17132, 17131
17132, 17150
17132, 17151
17132, 17152
17133, 17124
17133, 17134
17134, 17133
17134, 17153
17134, 17154
17134, 17155
17135, 17168
17135, 17136
17135, 17156
17136, 17135
17137, 17164
17138, 17166
17139, 17167
17140, 17167
17141, 17170
17142, 17126
17143, 17127
17144, 17127
17145, 17128
17146, 17128
17147, 17130
17148, 17130
17149, 17130
17150, 17132
17151, 17132
17152, 17132
17153, 17134
17154, 17134
17155, 17134
17156, 17135
17171, 17172
17171, 17176
17172, 17171
17172, 17173
17172, 17190
17173, 17172
17173, 17174
17174, 17173
17174, 17175
17174, 17177
17175, 17174
17175, 17176
17175, 17180
17176, 17171
17176, 17175
17176, 17189
17177, 17174
17177, 17178
17178, 17177
17178, 17179
17178, 17197
17179, 17178
17179, 17180
17179, 17181
17180, 17175
17180, 17179
17180, 17198
17181, 17179
17181, 17182
17181, 17199
17182, 17181
17182, 17183
17182, 17200
17183, 17182
17183, 17184
17183, 17188
17184, 17183
17184, 17185
17184, 17201
17185, 17184
17185, 17186
17185, 17191
17186, 17185
17186, 17187
17186, 17195
17187, 17186
17187, 17188
17187, 17193
17188, 17183
17188, 17187
17188, 17202
17189, 17176
17189, 17203
17189, 17204
17190, 17172
17190, 17205
17190, 17206
17191, 17185
17191, 17192
17192, 17191
17192, 17207
17192, 17208
17192, 17209
17193, 17187
17193, 17194
17194, 17193
17194, 17210
17194, 17211
17194, 17212
17195, 17186
17195, 17196
17196, 17195
17196, 17213
17196, 17214
17196, 17215
17197, 17178
17198, 17180
17199, 17181
17200, 17182
17201, 17184
17202, 17188
17203, 17189
17204, 17189
17205, 17190
17206, 17190
17207, 17192
17208, 17192
17209, 17192
17210, 17194
17211, 17194
17212, 17194
17213, 17196
17214, 17196
17215, 17196
17216, 17217
17216, 17221
17217, 17216
17217, 17218
17217, 17235
17218, 17217
17218, 17219
17219, 17218
17219, 17220
17219, 17222
17220, 17219
17220, 17221
17220, 17225
17221, 17216
17221, 17220
17221, 17234
17222, 17219
17222, 17223
17223, 17222
17223, 17224
17223, 17240
17224, 17223
17224, 17225
17224, 17226
17225, 17220
17225, 17224
17225, 17241
17226, 17224
17226, 17227
17226, 17242
17227, 17226
17227, 17228
17227, 17243
17228, 17227
17228, 17229
17228, 17233
17229, 17228
17229, 17230
17229, 17244
17230, 17229
17230, 17231
17230, 17245
17231, 17230
17231, 17232
17231, 17238
17232, 17231
17232, 17233
17232, 17236
17233, 17228
17233, 17232
17233, 17246
17234, 17221
17234, 17247
17234, 17248
17235, 17217
17235, 17249
17235, 17250
17236, 17232
17236, 17237
17237, 17236
17237, 17251
17237, 17252
17237, 17253
17238, 17231
17238, 17239
17239, 17238
17239, 17254
17239, 17255
17239, 17256
17240, 17223
17241, 17225
17242, 17226
17243, 17227
17244, 17229
17245, 17230
17246, 17233
17247, 17234
17248, 17234
17249, 17235
17250, 17235
17251, 17237
17252, 17237
17253, 17237
17254, 17239
17255, 17239
17256, 17239
17286, 17287
17286, 17291
17287, 17286
17287, 17288
17287, 17268
17288, 17287
17288, 17289
17289, 17288
17289, 17290
17289, 17292
17290, 17289
17290, 17291
17290, 17258
17291, 17286
17291, 17290
17291, 17267
17292, 17289
17292, 17293
17293, 17292
17293, 17257
17293, 17271
17257, 17293
17257, 17258
17257, 17259
17258, 17290
17258, 17257
17258, 17272
17259, 17257
17259, 17260
17259, 17273
17260, 17259
17260, 17261
17260, 17274
17261, 17260
17261, 17262
17261, 17266
17262, 17261
17262, 17263
17262, 17275
17263, 17262
17263, 17264
17263, 17276
17264, 17263
17264, 17265
17264, 17269
17265, 17264
17265, 17266
17265, 17277
17266, 17261
17266, 17265
17266, 17278
17267, 17291
17267, 17279
17267, 17280
17268, 17287
17268, 17281
17268, 17282
17269, 17264
17269, 17270
17270, 17269
17270, 17283
17270, 17284
17270, 17285
17271, 17293
17272, 17258
17273, 17259
17274, 17260
17275, 17262
17276, 17263
17277, 17265
17278, 17266
17279, 17267
17280, 17267
17281, 17268
17282, 17268
17283, 17270
17284, 17270
17285, 17270
17294, 17295
17294, 17299
17295, 17294
17295, 17296
17295, 17313
17296, 17295
17296, 17297
17297, 17296
17297, 17298
17297, 17300
17298, 17297
17298, 17299
17298, 17303
17299, 17294
17299, 17298
17299, 17312
17300, 17297
17300, 17301
17301, 17300
17301, 17302
17301, 17320
17302, 17301
17302, 17303
17302, 17304
17303, 17298
17303, 17302
17303, 17321
17304, 17302
17304, 17305
17304, 17322
17304, 17323
17305, 17304
17305, 17306
17305, 17324
17305, 17325
17306, 17305
17306, 17307
17306, 17311
17307, 17306
17307, 17308
17307, 17326
17308, 17307
17308, 17309
17308, 17314
17309, 17308
17309, 17310
17309, 17318
17310, 17309
17310, 17311
17310, 17316
17311, 17306
17311, 17310
17311, 17327
17312, 17299
17312, 17328
17312, 17329
17313, 17295
17313, 17330
17313, 17331
17314, 17308
17314, 17315
17315, 17314
17315, 17332
17315, 17333
17315, 17334
17316, 17310
17316, 17317
17317, 17316
17317, 17335
17317, 17336
17317, 17337
17318, 17309
17318, 17319
17319, 17318
17319, 17338
17319, 17339
17319, 17340
17320, 17301
17321, 17303
17322, 17304
17323, 17304
17324, 17305
17325, 17305
17326, 17307
17327, 17311
17328, 17312
17329, 17312
17330, 17313
17331, 17313
17332, 17315
17333, 17315
17334, 17315
17335, 17317
17336, 17317
17337, 17317
17338, 17319
17339, 17319
17340, 17319
17341, 17342
17341, 17346
17342, 17341
17342, 17343
17342, 17360
17343, 17342
17343, 17344
17344, 17343
17344, 17345
17344, 17347
17345, 17344
17345, 17346
17345, 17350
17346, 17341
17346, 17345
17346, 17359
17347, 17344
17347, 17348
17348, 17347
17348, 17349
17348, 17365
17349, 17348
17349, 17350
17349, 17351
17350, 17345
17350, 17349
17350, 17366
17351, 17349
17351, 17352
17351, 17367
17351, 17368
17352, 17351
17352, 17353
17352, 17369
17352, 17370
17353, 17352
17353, 17354
17353, 17358
17354, 17353
17354, 17355
17354, 17371
17355, 17354
17355, 17356
17355, 17372
17356, 17355
17356, 17357
17356, 17363
17357, 17356
17357, 17358
17357, 17361
17358, 17353
17358, 17357
17358, 17373
17359, 17346
17359, 17374
17359, 17375
17360, 17342
17360, 17376
17360, 17377
17361, 17357
17361, 17362
17362, 17361
17362, 17378
17362, 17379
17362, 17380
17363, 17356
17363, 17364
17364, 17363
17364, 17381
17364, 17382
17364, 17383
17365, 17348
17366, 17350
17367, 17351
17368, 17351
17369, 17352
17370, 17352
17371, 17354
17372, 17355
17373, 17358
17374, 17359
17375, 17359
17376, 17360
17377, 17360
17378, 17362
17379, 17362
17380, 17362
17381, 17364
17382, 17364
17383, 17364
17414, 17415
17414, 17419
17415, 17414
17415, 17416
17415, 17394
17416, 17415
17416, 17417
17417, 17416
17417, 17418
17417, 17420
17418, 17417
17418, 17419
17418, 17384
17419, 17414
17419, 17418
17419, 17393
17420, 17417
17420, 17421
17421, 17420
17421, 17422
17421, 17397
17422, 17421
17422, 17384
17422, 17385
17384, 17418
17384, 17422
17384, 17398
17385, 17422
17385, 17386
17385, 17399
17385, 17400
17386, 17385
17386, 17387
17386, 17401
17386, 17402
17387, 17386
17387, 17388
17387, 17392
17388, 17387
17388, 17389
17388, 17403
17389, 17388
17389, 17390
17389, 17404
17390, 17389
17390, 17391
17390, 17395
17391, 17390
17391, 17392
17391, 17405
17392, 17387
17392, 17391
17392, 17406
17393, 17419
17393, 17407
17393, 17408
17394, 17415
17394, 17409
17394, 17410
17395, 17390
17395, 17396
17396, 17395
17396, 17411
17396, 17412
17396, 17413
17397, 17421
17398, 17384
17399, 17385
17400, 17385
17401, 17386
17402, 17386
17403, 17388
17404, 17389
17405, 17391
17406, 17392
17407, 17393
17408, 17393
17409, 17394
17410, 17394
17411, 17396
17412, 17396
17413, 17396
17423, 17424
17423, 17428
17424, 17423
17424, 17425
17424, 17435
17425, 17424
17425, 17426
17426, 17425
17426, 17427
17426, 17429
17427, 17426
17427, 17428
17427, 17432
17428, 17423
17428, 17427
17428, 17434
17429, 17426
17429, 17430
17430, 17429
17430, 17431
17430, 17447
17431, 17430
17431, 17432
17431, 17433
17432, 17427
17432, 17431
17432, 17436
17433, 17431
17433, 17437
17433, 17448
17433, 17449
17434, 17428
17434, 17450
17434, 17451
17435, 17424
17435, 17452
17435, 17453
17436, 17432
17436, 17454
17436, 17455
17436, 17456
17437, 17433
17437, 17438
17437, 17442
17438, 17437
17438, 17439
17438, 17457
17439, 17438
17439, 17440
17439, 17445
17440, 17439
17440, 17441
17440, 17458
17441, 17440
17441, 17442
17441, 17459
17442, 17437
17442, 17441
17442, 17443
17443, 17442
17443, 17444
17444, 17443
17444, 17460
17444, 17461
17444, 17462
17445, 17439
17445, 17446
17446, 17445
17446, 17463
17446, 17464
17446, 17465
17447, 17430
17448, 17433
17449, 17433
17450, 17434
17451, 17434
17452, 17435
17453, 17435
17454, 17436
17455, 17436
17456, 17436
17457, 17438
17458, 17440
17459, 17441
17460, 17444
17461, 17444
17462, 17444
17463, 17446
17464, 17446
17465, 17446
17466, 17467
17466, 17471
17467, 17466
17467, 17468
17467, 17478
17468, 17467
17468, 17469
17469, 17468
17469, 17470
17469, 17472
17470, 17469
17470, 17471
17470, 17475
17471, 17466
17471, 17470
17471, 17477
17472, 17469
17472, 17473
17473, 17472
17473, 17474
17473, 17493
17474, 17473
17474, 17475
17474, 17476
17475, 17470
17475, 17474
17475, 17479
17476, 17474
17476, 17480
17476, 17494
17476, 17495
17477, 17471
17477, 17496
17477, 17497
17478, 17467
17478, 17498
17478, 17499
17479, 17475
17479, 17500
17479, 17501
17479, 17502
17480, 17476
17480, 17481
17480, 17484
17480, 17503
17481, 17480
17481, 17482
17481, 17504
17481, 17505
17482, 17481
17482, 17483
17482, 17506
17482, 17507
17483, 17482
17483, 17484
17483, 17485
17484, 17480
17484, 17483
17484, 17488
17485, 17483
17485, 17486
17485, 17508
17486, 17485
17486, 17487
17486, 17509
17487, 17486
17487, 17488
17487, 17489
17488, 17484
17488, 17487
17488, 17491
17489, 17487
17489, 17490
17490, 17489
17490, 17510
17490, 17511
17490, 17512
17491, 17488
17491, 17492
17492, 17491
17492, 17513
17492, 17514
17492, 17515
17493, 17473
17494, 17476
17495, 17476
17496, 17477
17497, 17477
17498, 17478
17499, 17478
17500, 17479
17501, 17479
17502, 17479
17503, 17480
17504, 17481
17505, 17481
17506, 17482
17507, 17482
17508, 17485
17509, 17486
17510, 17490
17511, 17490
17512, 17490
17513, 17492
17514, 17492
17515, 17492
17555, 17556
17555, 17516
17556, 17555
17556, 17557
17556, 17523
17557, 17556
17557, 17558
17558, 17557
17558, 17559
17558, 17517
17559, 17558
17559, 17516
17559, 17520
17516, 17555
17516, 17559
17516, 17522
17517, 17558
17517, 17518
17518, 17517
17518, 17519
17518, 17536
17519, 17518
17519, 17520
17519, 17521
17520, 17559
17520, 17519
17520, 17524
17521, 17519
17521, 17525
17521, 17537
17521, 17538
17522, 17516
17522, 17539
17522, 17540
17523, 17556
17523, 17541
17523, 17542
17524, 17520
17524, 17543
17524, 17544
17524, 17545
17525, 17521
17525, 17526
17525, 17529
17525, 17546
17526, 17525
17526, 17527
17526, 17547
17527, 17526
17527, 17528
17527, 17548
17528, 17527
17528, 17529
17528, 17530
17529, 17525
17529, 17528
17529, 17533
17530, 17528
17530, 17531
17530, 17549
17531, 17530
17531, 17532
17531, 17534
17532, 17531
17532, 17533
17532, 17550
17533, 17529
17533, 17532
17533, 17551
17534, 17531
17534, 17535
17535, 17534
17535, 17552
17535, 17553
17535, 17554
17536, 17518
17537, 17521
17538, 17521
17539, 17522
17540, 17522
17541, 17523
17542, 17523
17543, 17524
17544, 17524
17545, 17524
17546, 17525
17547, 17526
17548, 17527
17549, 17530
17550, 17532
17551, 17533
17552, 17535
17553, 17535
17554, 17535
17560, 17561
17560, 17565
17561, 17560
17561, 17562
17561, 17572
17562, 17561
17562, 17563
17563, 17562
17563, 17564
17563, 17566
17564, 17563
17564, 17565
17564, 17569
17565, 17560
17565, 17564
17565, 17571
17566, 17563
17566, 17567
17567, 17566
17567, 17568
17567, 17588
17568, 17567
17568, 17569
17568, 17570
17569, 17564
17569, 17568
17569, 17573
17570, 17568
17570, 17574
17570, 17589
17570, 17590
17571, 17565
17571, 17591
17571, 17592
17572, 17561
17572, 17593
17572, 17594
17573, 17569
17573, 17595
17573, 17596
17573, 17597
17574, 17570
17574, 17575
17574, 17579
17575, 17574
17575, 17576
17575, 17598
17575, 17599
17576, 17575
17576, 17577
17576, 17600
17576, 17601
17577, 17576
17577, 17578
17577, 17580
17578, 17577
17578, 17579
17578, 17583
17579, 17574
17579, 17578
17579, 17602
17579, 17603
17580, 17577
17580, 17581
17580, 17604
17581, 17580
17581, 17582
17581, 17586
17582, 17581
17582, 17583
17582, 17584
17583, 17578
17583, 17582
17583, 17605
17584, 17582
17584, 17585
17585, 17584
17585, 17606
17585, 17607
17585, 17608
17586, 17581
17586, 17587
17587, 17586
17587, 17609
17587, 17610
17587, 17611
17588, 17567
17589, 17570
17590, 17570
17591, 17571
17592, 17571
17593, 17572
17594, 17572
17595, 17573
17596, 17573
17597, 17573
17598, 17575
17599, 17575
17600, 17576
17601, 17576
17602, 17579
17603, 17579
17604, 17580
17605, 17583
17606, 17585
17607, 17585
17608, 17585
17609, 17587
17610, 17587
17611, 17587
17620, 17621
17620, 17625
17621, 17620
17621, 17622
17621, 17632
17622, 17621
17622, 17623
17623, 17622
17623, 17624
17623, 17626
17624, 17623
17624, 17625
17624, 17629
17625, 17620
17625, 17624
17625, 17631
17626, 17623
17626, 17627
17627, 17626
17627, 17628
17627, 17645
17628, 17627
17628, 17629
17628, 17630
17629, 17624
17629, 17628
17629, 17633
17630, 17628
17630, 17634
17630, 17646
17630, 17647
17631, 17625
17631, 17648
17631, 17649
17632, 17621
17632, 17650
17632, 17651
17633, 17629
17633, 17652
17633, 17653
17633, 17654
17634, 17630
17634, 17635
17634, 17638
17635, 17634
17635, 17636
17635, 17639
17636, 17635
17636, 17637
17636, 17642
17637, 17636
17637, 17638
17637, 17655
17637, 17656
17638, 17634
17638, 17637
17638, 17612
17638, 17613
17639, 17635
17639, 17640
17639, 17614
17640, 17639
17640, 17641
17640, 17615
17641, 17640
17641, 17642
17641, 17643
17642, 17636
17642, 17641
17642, 17616
17643, 17641
17643, 17644
17644, 17643
17644, 17617
17644, 17618
17644, 17619
17645, 17627
17646, 17630
17647, 17630
17648, 17631
17649, 17631
17650, 17632
17651, 17632
17652, 17633
17653, 17633
17654, 17633
17655, 17637
17656, 17637
17612, 17638
17613, 17638
17614, 17639
17615, 17640
17616, 17642
17617, 17644
17618, 17644
17619, 17644
17657, 17658
17657, 17662
17658, 17657
17658, 17659
17658, 17669
17659, 17658
17659, 17660
17660, 17659
17660, 17661
17660, 17663
17661, 17660
17661, 17662
17661, 17666
17662, 17657
17662, 17661
17662, 17668
17663, 17660
17663, 17664
17664, 17663
17664, 17665
17664, 17682
17665, 17664
17665, 17666
17665, 17667
17666, 17661
17666, 17665
17666, 17670
17667, 17665
17667, 17671
17667, 17683
17667, 17684
17668, 17662
17668, 17685
17668, 17686
17669, 17658
17669, 17687
17669, 17688
17670, 17666
17670, 17689
17670, 17690
17670, 17691
17671, 17667
17671, 17672
17671, 17675
17672, 17671
17672, 17673
17672, 17676
17673, 17672
17673, 17674
17673, 17679
17674, 17673
17674, 17675
17674, 17692
17674, 17693
17675, 17671
17675, 17674
17675, 17694
17675, 17695
17676, 17672
17676, 17677
17676, 17696
17677, 17676
17677, 17678
17677, 17697
17678, 17677
17678, 17679
17678, 17698
17679, 17673
17679, 17678
17679, 17680
17680, 17679
17680, 17681
17681, 17680
17681, 17699
17681, 17700
17681, 17701
17682, 17664
17683, 17667
17684, 17667
17685, 17668
17686, 17668
17687, 17669
17688, 17669
17689, 17670
17690, 17670
17691, 17670
17692, 17674
17693, 17674
17694, 17675
17695, 17675
17696, 17676
17697, 17677
17698, 17678
17699, 17681
17700, 17681
17701, 17681
17702, 17703
17702, 17707
17703, 17702
17703, 17704
17703, 17714
17704, 17703
17704, 17705
17705, 17704
17705, 17706
17705, 17708
17706, 17705
17706, 17707
17706, 17711
17707, 17702
17707, 17706
17707, 17713
17708, 17705
17708, 17709
17709, 17708
17709, 17710
17709, 17729
17710, 17709
17710, 17711
17710, 17712
17711, 17706
17711, 17710
17711, 17715
17712, 17710
17712, 17716
17712, 17730
17712, 17731
17713, 17707
17713, 17732
17713, 17733
17714, 17703
17714, 17734
17714, 17735
17715, 17711
17715, 17736
17715, 17737
17715, 17738
17716, 17712
17716, 17717
17716, 17720
17717, 17716
17717, 17718
17717, 17721
17718, 17717
17718, 17719
17718, 17724
17719, 17718
17719, 17720
17719, 17739
17719, 17740
17720, 17716
17720, 17719
17720, 17741
17720, 17742
17721, 17717
17721, 17722
17721, 17743
17722, 17721
17722, 17723
17722, 17725
17723, 17722
17723, 17724
17723, 17727
17724, 17718
17724, 17723
17724, 17744
17725, 17722
17725, 17726
17726, 17725
17726, 17745
17726, 17746
17726, 17747
17727, 17723
17727, 17728
17728, 17727
17728, 17748
17728, 17749
17728, 17750
17729, 17709
17730, 17712
17731, 17712
17732, 17713
17733, 17713
17734, 17714
17735, 17714
17736, 17715
17737, 17715
17738, 17715
17739, 17719
17740, 17719
17741, 17720
17742, 17720
17743, 17721
17744, 17724
17745, 17726
17746, 17726
17747, 17726
17748, 17728
17749, 17728
17750, 17728
17771, 17772
17771, 17776
17772, 17771
17772, 17773
17772, 17778
17773, 17772
17773, 17774
17774, 17773
17774, 17775
17774, 17779
17775, 17774
17775, 17776
17775, 17782
17776, 17771
17776, 17775
17776, 17777
17777, 17776
17777, 17753
17777, 17754
17778, 17772
17778, 17755
17778, 17756
17779, 17774
17779, 17780
17780, 17779
17780, 17781
17780, 17757
17781, 17780
17781, 17782
17781, 17783
17782, 17775
17782, 17781
17782, 17758
17783, 17781
17783, 17784
17783, 17759
17783, 17760
17784, 17783
17784, 17785
17784, 17790
17785, 17784
17785, 17786
17785, 17791
17786, 17785
17786, 17787
17786, 17794
17787, 17786
17787, 17788
17787, 17761
17788, 17787
17788, 17789
17788, 17762
17789, 17788
17789, 17790
17789, 17795
17790, 17784
17790, 17789
17790, 17752
17791, 17785
17791, 17792
17791, 17763
17792, 17791
17792, 17793
17792, 17764
17793, 17792
17793, 17794
17793, 17765
17794, 17786
17794, 17793
17794, 17766
17795, 17789
17795, 17796
17795, 17767
17796, 17795
17796, 17751
17796, 17768
17751, 17796
17751, 17752
17751, 17769
17752, 17790
17752, 17751
17752, 17770
17753, 17777
17754, 17777
17755, 17778
17756, 17778
17757, 17780
17758, 17782
17759, 17783
17760, 17783
17761, 17787
17762, 17788
17763, 17791
17764, 17792
17765, 17793
17766, 17794
17767, 17795
17768, 17796
17769, 17751
17770, 17752
17797, 17798
17797, 17802
17798, 17797
17798, 17799
17798, 17809
17799, 17798
17799, 17800
17800, 17799
17800, 17801
17800, 17803
17801, 17800
17801, 17802
17801, 17806
17802, 17797
17802, 17801
17802, 17808
17803, 17800
17803, 17804
17804, 17803
17804, 17805
17804, 17822
17805, 17804
17805, 17806
17805, 17807
17806, 17801
17806, 17805
17806, 17810
17807, 17805
17807, 17811
17807, 17823
17807, 17824
17808, 17802
17808, 17825
17808, 17826
17809, 17798
17809, 17827
17809, 17828
17810, 17806
17810, 17829
17810, 17830
17810, 17831
17811, 17807
17811, 17812
17811, 17815
17811, 17832
17812, 17811
17812, 17813
17812, 17833
17812, 17834
17813, 17812
17813, 17814
17813, 17835
17813, 17836
17814, 17813
17814, 17815
17814, 17816
17815, 17811
17815, 17814
17815, 17819
17816, 17814
17816, 17817
17816, 17837
17817, 17816
17817, 17818
17817, 17820
17818, 17817
17818, 17819
17818, 17838
17819, 17815
17819, 17818
17819, 17839
17820, 17817
17820, 17821
17821, 17820
17821, 17840
17821, 17841
17821, 17842
17822, 17804
17823, 17807
17824, 17807
17825, 17808
17826, 17808
17827, 17809
17828, 17809
17829, 17810
17830, 17810
17831, 17810
17832, 17811
17833, 17812
17834, 17812
17835, 17813
17836, 17813
17837, 17816
17838, 17818
17839, 17819
17840, 17821
17841, 17821
17842, 17821
17843, 17844
17843, 17848
17844, 17843
17844, 17845
17844, 17855
17845, 17844
17845, 17846
17846, 17845
17846, 17847
17846, 17849
17847, 17846
17847, 17848
17847, 17852
17848, 17843
17848, 17847
17848, 17854
17849, 17846
17849, 17850
17850, 17849
17850, 17851
17850, 17868
17851, 17850
17851, 17852
17851, 17853
17852, 17847
17852, 17851
17852, 17856
17853, 17851
17853, 17857
17853, 17869
17853, 17870
17854, 17848
17854, 17871
17854, 17872
17855, 17844
17855, 17873
17855, 17874
17856, 17852
17856, 17875
17856, 17876
17856, 17877
17857, 17853
17857, 17858
17857, 17861
17857, 17878
17858, 17857
17858, 17859
17858, 17879
17858, 17880
17859, 17858
17859, 17860
17859, 17881
17859, 17882
17860, 17859
17860, 17861
17860, 17862
17861, 17857
17861, 17860
17861, 17865
17862, 17860
17862, 17863
17862, 17883
17863, 17862
17863, 17864
17863, 17884
17864, 17863
17864, 17865
17864, 17866
17865, 17861
17865, 17864
17865, 17885
17866, 17864
17866, 17867
17867, 17866
17867, 17886
17867, 17887
17867, 17888
17868, 17850
17869, 17853
17870, 17853
17871, 17854
17872, 17854
17873, 17855
17874, 17855
17875, 17856
17876, 17856
17877, 17856
17878, 17857
17879, 17858
17880, 17858
17881, 17859
17882, 17859
17883, 17862
17884, 17863
17885, 17865
17886, 17867
17887, 17867
17888, 17867
17896, 17897
17896, 17901
17897, 17896
17897, 17898
17897, 17907
17898, 17897
17898, 17899
17899, 17898
17899, 17900
17899, 17902
17900, 17899
17900, 17901
17900, 17905
17901, 17896
17901, 17900
17901, 17906
17902, 17899
17902, 17903
17903, 17902
17903, 17904
17903, 17910
17904, 17903
17904, 17905
17904, 17908
17905, 17900
17905, 17904
17905, 17911
17906, 17901
17906, 17889
17906, 17890
17907, 17897
17907, 17891
17907, 17892
17908, 17904
17908, 17909
17908, 17893
17908, 17894
17909, 17908
17909, 17895
17910, 17903
17911, 17905
17889, 17906
17890, 17906
17891, 17907
17892, 17907
17893, 17908
17894, 17908
17895, 17909
17912, 17913
17912, 17917
17913, 17912
17913, 17914
17913, 17923
17914, 17913
17914, 17915
17915, 17914
17915, 17916
17915, 17918
17916, 17915
17916, 17917
17916, 17921
17917, 17912
17917, 17916
17917, 17922
17918, 17915
17918, 17919
17919, 17918
17919, 17920
17919, 17927
17920, 17919
17920, 17921
17920, 17924
17921, 17916
17921, 17920
17921, 17926
17922, 17917
17922, 17928
17922, 17929
17923, 17913
17923, 17930
17923, 17931
17924, 17920
17924, 17925
17924, 17932
17924, 17933
17925, 17924
17925, 17934
17926, 17921
17926, 17935
17926, 17936
17926, 17937
17927, 17919
17928, 17922
17929, 17922
17930, 17923
17931, 17923
17932, 17924
17933, 17924
17934, 17925
17935, 17926
17936, 17926
17937, 17926
17938, 17939
17938, 17943
17939, 17938
17939, 17940
17939, 17949
17940, 17939
17940, 17941
17941, 17940
17941, 17942
17941, 17944
17942, 17941
17942, 17943
17942, 17947
17943, 17938
17943, 17942
17943, 17948
17944, 17941
17944, 17945
17945, 17944
17945, 17946
17945, 17950
17946, 17945
17946, 17947
17946, 17953
17947, 17942
17947, 17946
17947, 17961
17948, 17943
17948, 17962
17948, 17963
17949, 17939
17949, 17964
17949, 17965
17950, 17945
17950, 17951
17950, 17966
17950, 17967
17951, 17950
17951, 17952
17951, 17968
17951, 17969
17952, 17951
17952, 17953
17952, 17954
17953, 17946
17953, 17952
17953, 17970
17953, 17971
17954, 17952
17954, 17955
17954, 17972
17954, 17973
17955, 17954
17955, 17956
17955, 17960
17956, 17955
17956, 17957
17956, 17974
17957, 17956
17957, 17958
17957, 17975
17958, 17957
17958, 17959
17958, 17976
17959, 17958
17959, 17960
17959, 17977
17960, 17955
17960, 17959
17960, 17978
17961, 17947
17962, 17948
17963, 17948
17964, 17949
17965, 17949
17966, 17950
17967, 17950
17968, 17951
17969, 17951
17970, 17953
17971, 17953
17972, 17954
17973, 17954
17974, 17956
17975, 17957
17976, 17958
17977, 17959
17978, 17960
17985, 17986
17985, 17990
17986, 17985
17986, 17987
17986, 17996
17987, 17986
17987, 17988
17988, 17987
17988, 17989
17988, 17991
17989, 17988
17989, 17990
17989, 17994
17990, 17985
17990, 17989
17990, 17995
17991, 17988
17991, 17992
17992, 17991
17992, 17993
17992, 17997
17993, 17992
17993, 17994
17993, 18000
17994, 17989
17994, 17993
17994, 18020
17995, 17990
17995, 18021
17995, 18022
17996, 17986
17996, 18023
17996, 18024
17997, 17992
17997, 17998
17997, 18025
17997, 18026
17998, 17997
17998, 17999
17998, 18027
17998, 18028
17999, 17998
17999, 18000
17999, 18001
18000, 17993
18000, 17999
18000, 18029
18000, 18030
18001, 17999
18001, 18002
18001, 18031
18001, 18032
18002, 18001
18002, 18003
18002, 18007
18003, 18002
18003, 18004
18003, 18033
18004, 18003
18004, 18005
18004, 18034
18005, 18004
18005, 18006
18005, 18008
18006, 18005
18006, 18007
18006, 18035
18007, 18002
18007, 18006
18007, 18036
18008, 18005
18008, 18009
18008, 18010
18009, 18008
18010, 18008
18010, 18011
18010, 18037
18011, 18010
18011, 18012
18011, 18013
18011, 18038
18012, 18011
18012, 18014
18012, 18015
18013, 18011
18013, 18016
18013, 17979
18013, 17980
18014, 18012
18014, 17981
18015, 18012
18016, 18013
18016, 18017
18016, 17982
18016, 17983
18017, 18016
18017, 18018
18017, 18019
18018, 18017
18018, 17984
18019, 18017
18020, 17994
18021, 17995
18022, 17995
18023, 17996
18024, 17996
18025, 17997
18026, 17997
18027, 17998
18028, 17998
18029, 18000
18030, 18000
18031, 18001
18032, 18001
18033, 18003
18034, 18004
18035, 18006
18036, 18007
18037, 18010
18038, 18011
17979, 18013
17980, 18013
17981, 18014
17982, 18016
17983, 18016
17984, 18018
18039, 18040
18039, 18044
18040, 18039
18040, 18041
18040, 18050
18041, 18040
18041, 18042
18042, 18041
18042, 18043
18042, 18045
18043, 18042
18043, 18044
18043, 18048
18044, 18039
18044, 18043
18044, 18049
18045, 18042
18045, 18046
18046, 18045
18046, 18047
18046, 18051
18047, 18046
18047, 18048
18047, 18054
18048, 18043
18048, 18047
18048, 18064
18049, 18044
18049, 18065
18049, 18066
18050, 18040
18050, 18067
18050, 18068
18051, 18046
18051, 18052
18051, 18069
18051, 18070
18052, 18051
18052, 18053
18052, 18071
18052, 18072
18053, 18052
18053, 18054
18053, 18055
18054, 18047
18054, 18053
18054, 18073
18054, 18074
18055, 18053
18055, 18056
18055, 18075
18055, 18076
18056, 18055
18056, 18057
18056, 18061
18057, 18056
18057, 18058
18057, 18077
18058, 18057
18058, 18059
18058, 18078
18059, 18058
18059, 18060
18059, 18062
18060, 18059
18060, 18061
18060, 18079
18061, 18056
18061, 18060
18061, 18080
18062, 18059
18062, 18063
18063, 18062
18063, 18081
18063, 18082
18063, 18083
18064, 18048
18065, 18049
18066, 18049
18067, 18050
18068, 18050
18069, 18051
18070, 18051
18071, 18052
18072, 18052
18073, 18054
18074, 18054
18075, 18055
18076, 18055
18077, 18057
18078, 18058
18079, 18060
18080, 18061
18081, 18063
18082, 18063
18083, 18063
18084, 18085
18084, 18089
18085, 18084
18085, 18086
18085, 18095
18086, 18085
18086, 18087
18087, 18086
18087, 18088
18087, 18090
18088, 18087
18088, 18089
18088, 18093
18089, 18084
18089, 18088
18089, 18094
18090, 18087
18090, 18091
18091, 18090
18091, 18092
18091, 18096
18092, 18091
18092, 18093
18092, 18099
18093, 18088
18093, 18092
18093, 18111
18094, 18089
18094, 18112
18094, 18113
18095, 18085
18095, 18114
18095, 18115
18096, 18091
18096, 18097
18096, 18116
18096, 18117
18097, 18096
18097, 18098
18097, 18118
18097, 18119
18098, 18097
18098, 18099
18098, 18100
18099, 18092
18099, 18098
18099, 18120
18099, 18121
18100, 18098
18100, 18101
18100, 18122
18100, 18123
18101, 18100
18101, 18102
18101, 18106
18102, 18101
18102, 18103
18102, 18124
18103, 18102
18103, 18104
18103, 18109
18104, 18103
18104, 18105
18104, 18125
18105, 18104
18105, 18106
18105, 18107
18106, 18101
18106, 18105
18106, 18126
18107, 18105
18107, 18108
18108, 18107
18108, 18127
18108, 18128
18108, 18129
18109, 18103
18109, 18110
18110, 18109
18110, 18130
18110, 18131
18110, 18132
18111, 18093
18112, 18094
18113, 18094
18114, 18095
18115, 18095
18116, 18096
18117, 18096
18118, 18097
18119, 18097
18120, 18099
18121, 18099
18122, 18100
18123, 18100
18124, 18102
18125, 18104
18126, 18106
18127, 18108
18128, 18108
18129, 18108
18130, 18110
18131, 18110
18132, 18110
18133, 18134
18133, 18138
18134, 18133
18134, 18135
18134, 18144
18135, 18134
18135, 18136
18136, 18135
18136, 18137
18136, 18139
18137, 18136
18137, 18138
18137, 18142
18138, 18133
18138, 18137
18138, 18143
18139, 18136
18139, 18140
18140, 18139
18140, 18141
18140, 18145
18141, 18140
18141, 18142
18141, 18148
18142, 18137
18142, 18141
18142, 18159
18143, 18138
18143, 18160
18143, 18161
18144, 18134
18144, 18162
18144, 18163
18145, 18140
18145, 18146
18145, 18164
18145, 18165
18146, 18145
18146, 18147
18146, 18166
18146, 18167
18147, 18146
18147, 18148
18147, 18149
18148, 18141
18148, 18147
18148, 18168
18148, 18169
18149, 18147
18149, 18150
18149, 18158
18150, 18149
18150, 18151
18151, 18150
18151, 18152
18151, 18170
18151, 18171
18152, 18151
18152, 18153
18152, 18157
18153, 18152
18153, 18154
18153, 18172
18154, 18153
18154, 18155
18154, 18173
18155, 18154
18155, 18156
18155, 18174
18156, 18155
18156, 18157
18156, 18175
18157, 18152
18157, 18156
18157, 18176
18158, 18149
18159, 18142
18160, 18143
18161, 18143
18162, 18144
18163, 18144
18164, 18145
18165, 18145
18166, 18146
18167, 18146
18168, 18148
18169, 18148
18170, 18151
18171, 18151
18172, 18153
18173, 18154
18174, 18155
18175, 18156
18176, 18157
18200, 18201
18200, 18205
18201, 18200
18201, 18202
18201, 18218
18202, 18201
18202, 18203
18203, 18202
18203, 18204
18203, 18206
18204, 18203
18204, 18205
18204, 18209
18205, 18200
18205, 18204
18205, 18217
18206, 18203
18206, 18207
18206, 18229
18207, 18206
18207, 18208
18207, 18177
18208, 18207
18208, 18209
18208, 18222
18209, 18204
18209, 18208
18209, 18219
18209, 18178
18210, 18211
18210, 18220
18210, 18222
18211, 18210
18211, 18212
18211, 18216
18212, 18211
18212, 18213
18212, 18179
18213, 18212
18213, 18214
18213, 18227
18214, 18213
18214, 18215
18214, 18225
18215, 18214
18215, 18216
18215, 18223
18216, 18211
18216, 18215
18216, 18180
18217, 18205
18217, 18181
18217, 18182
18218, 18201
18218, 18183
18218, 18184
18219, 18209
18219, 18185
18219, 18186
18219, 18187
18220, 18210
18220, 18221
18220, 18188
18221, 18220
18222, 18208
18222, 18210
18222, 18189
18222, 18190
18223, 18215
18223, 18224
18224, 18223
18224, 18191
18224, 18192
18224, 18193
18225, 18214
18225, 18226
18226, 18225
18226, 18194
18226, 18195
18226, 18196
18227, 18213
18227, 18228
18228, 18227
18228, 18197
18228, 18198
18228, 18199
18229, 18206
18177, 18207
18178, 18209
18179, 18212
18180, 18216
18181, 18217
18182, 18217
18183, 18218
18184, 18218
18185, 18219
18186, 18219
18187, 18219
18188, 18220
18189, 18222
18190, 18222
18191, 18224
18192, 18224
18193, 18224
18194, 18226
18195, 18226
18196, 18226
18197, 18228
18198, 18228
18199, 18228
18230, 18231
18230, 18235
18231, 18230
18231, 18232
18231, 18248
18232, 18231
18232, 18233
18233, 18232
18233, 18234
18233, 18236
18234, 18233
18234, 18235
18234, 18239
18235, 18230
18235, 18234
18235, 18247
18236, 18233
18236, 18237
18236, 18259
18237, 18236
18237, 18238
18237, 18260
18237, 18261
18238, 18237
18238, 18239
18238, 18252
18238, 18262
18239, 18234
18239, 18238
18239, 18249
18239, 18263
18240, 18241
18240, 18250
18240, 18252
18241, 18240
18241, 18242
18241, 18246
18242, 18241
18242, 18243
18242, 18264
18243, 18242
18243, 18244
18243, 18257
18244, 18243
18244, 18245
18244, 18255
18245, 18244
18245, 18246
18245, 18253
18246, 18241
18246, 18245
18246, 18265
18247, 18235
18247, 18266
18247, 18267
18248, 18231
18248, 18268
18248, 18269
18249, 18239
18249, 18270
18249, 18271
18249, 18272
18250, 18240
18250, 18251
18250, 18273
18251, 18250
18252, 18238
18252, 18240
18252, 18274
18252, 18275
18253, 18245
18253, 18254
18254, 18253
18254, 18276
18254, 18277
18254, 18278
18255, 18244
18255, 18256
18256, 18255
18256, 18279
18256, 18280
18256, 18281
18257, 18243
18257, 18258
18258, 18257
18258, 18282
18258, 18283
18258, 18284
18259, 18236
18260, 18237
18261, 18237
18262, 18238
18263, 18239
18264, 18242
18265, 18246
18266, 18247
18267, 18247
18268, 18248
18269, 18248
18270, 18249
18271, 18249
18272, 18249
18273, 18250
18274, 18252
18275, 18252
18276, 18254
18277, 18254
18278, 18254
18279, 18256
18280, 18256
18281, 18256
18282, 18258
18283, 18258
18284, 18258
18288, 18289
18288, 18293
18289, 18288
18289, 18290
18289, 18306
18290, 18289
18290, 18291
18291, 18290
18291, 18292
18291, 18294
18292, 18291
18292, 18293
18292, 18297
18293, 18288
18293, 18292
18293, 18305
18294, 18291
18294, 18295
18294, 18315
18295, 18294
18295, 18296
18295, 18316
18295, 18317
18296, 18295
18296, 18297
18296, 18308
18296, 18318
18297, 18292
18297, 18296
18297, 18307
18297, 18319
18298, 18299
18298, 18308
18298, 18320
18299, 18298
18299, 18300
18299, 18304
18300, 18299
18300, 18301
18300, 18321
18301, 18300
18301, 18302
18301, 18313
18302, 18301
18302, 18303
18302, 18311
18303, 18302
18303, 18304
18303, 18309
18304, 18299
18304, 18303
18304, 18322
18305, 18293
18305, 18323
18305, 18324
18306, 18289
18306, 18325
18306, 18326
18307, 18297
18307, 18327
18307, 18328
18307, 18329
18308, 18296
18308, 18298
18308, 18330
18308, 18331
18309, 18303
18309, 18310
18310, 18309
18310, 18332
18310, 18333
18310, 18334
18311, 18302
18311, 18312
18312, 18311
18312, 18335
18312, 18336
18312, 18337
18313, 18301
18313, 18314
18314, 18313
18314, 18285
18314, 18286
18314, 18287
18315, 18294
18316, 18295
18317, 18295
18318, 18296
18319, 18297
18320, 18298
18321, 18300
18322, 18304
18323, 18305
18324, 18305
18325, 18306
18326, 18306
18327, 18307
18328, 18307
18329, 18307
18330, 18308
18331, 18308
18332, 18310
18333, 18310
18334, 18310
18335, 18312
18336, 18312
18337, 18312
18285, 18314
18286, 18314
18287, 18314
18338, 18339
18338, 18343
18339, 18338
18339, 18340
18339, 18357
18340, 18339
18340, 18341
18341, 18340
18341, 18342
18341, 18344
18342, 18341
18342, 18343
18342, 18347
18343, 18338
18343, 18342
18343, 18356
18344, 18341
18344, 18345
18344, 18364
18345, 18344
18345, 18346
18345, 18365
18345, 18366
18346, 18345
18346, 18347
18346, 18348
18346, 18367
18347, 18342
18347, 18346
18347, 18368
18347, 18369
18348, 18346
18348, 18349
18348, 18370
18348, 18371
18349, 18348
18349, 18350
18349, 18372
18349, 18373
18350, 18349
18350, 18351
18350, 18355
18351, 18350
18351, 18352
18351, 18374
18352, 18351
18352, 18353
18352, 18358
18353, 18352
18353, 18354
18353, 18362
18354, 18353
18354, 18355
18354, 18360
18355, 18350
18355, 18354
18355, 18375
18356, 18343
18356, 18376
18356, 18377
18357, 18339
18357, 18378
18357, 18379
18358, 18352
18358, 18359
18359, 18358
18359, 18380
18359, 18381
18359, 18382
18360, 18354
18360, 18361
18361, 18360
18361, 18383
18361, 18384
18361, 18385
18362, 18353
18362, 18363
18363, 18362
18363, 18386
18363, 18387
18363, 18388
18364, 18344
18365, 18345
18366, 18345
18367, 18346
18368, 18347
18369, 18347
18370, 18348
18371, 18348
18372, 18349
18373, 18349
18374, 18351
18375, 18355
18376, 18356
18377, 18356
18378, 18357
18379, 18357
18380, 18359
18381, 18359
18382, 18359
18383, 18361
18384, 18361
18385, 18361
18386, 18363
18387, 18363
18388, 18363
18389, 18390
18389, 18394
18390, 18389
18390, 18391
18390, 18408
18391, 18390
18391, 18392
18392, 18391
18392, 18393
18392, 18395
18393, 18392
18393, 18394
18393, 18398
18394, 18389
18394, 18393
18394, 18407
18395, 18392
18395, 18396
18395, 18413
18396, 18395
18396, 18397
18396, 18414
18396, 18415
18397, 18396
18397, 18398
18397, 18399
18397, 18416
18398, 18393
18398, 18397
18398, 18417
18398, 18418
18399, 18397
18399, 18400
18399, 18419
18399, 18420
18400, 18399
18400, 18401
18400, 18421
18400, 18422
18401, 18400
18401, 18402
18401, 18406
18402, 18401
18402, 18403
18402, 18423
18403, 18402
18403, 18404
18403, 18424
18404, 18403
18404, 18405
18404, 18411
18405, 18404
18405, 18406
18405, 18409
18406, 18401
18406, 18405
18406, 18425
18407, 18394
18407, 18426
18407, 18427
18408, 18390
18408, 18428
18408, 18429
18409, 18405
18409, 18410
18410, 18409
18410, 18430
18410, 18431
18410, 18432
18411, 18404
18411, 18412
18412, 18411
18412, 18433
18412, 18434
18412, 18435
18413, 18395
18414, 18396
18415, 18396
18416, 18397
18417, 18398
18418, 18398
18419, 18399
18420, 18399
18421, 18400
18422, 18400
18423, 18402
18424, 18403
18425, 18406
18426, 18407
18427, 18407
18428, 18408
18429, 18408
18430, 18410
18431, 18410
18432, 18410
18433, 18412
18434, 18412
18435, 18412
18453, 18454
18453, 18458
18454, 18453
18454, 18455
18454, 18466
18455, 18454
18455, 18456
18456, 18455
18456, 18457
18456, 18459
18457, 18456
18457, 18458
18457, 18462
18458, 18453
18458, 18457
18458, 18465
18459, 18456
18459, 18460
18459, 18476
18459, 18477
18460, 18459
18460, 18461
18460, 18478
18460, 18479
18461, 18460
18461, 18462
18461, 18463
18462, 18457
18462, 18461
18462, 18436
18462, 18437
18463, 18461
18463, 18464
18463, 18438
18463, 18439
18464, 18463
18464, 18467
18464, 18471
18465, 18458
18465, 18440
18465, 18441
18466, 18454
18466, 18442
18466, 18443
18467, 18464
18467, 18468
18467, 18444
18468, 18467
18468, 18469
18468, 18474
18469, 18468
18469, 18470
18469, 18445
18470, 18469
18470, 18471
18470, 18446
18471, 18464
18471, 18470
18471, 18472
18472, 18471
18472, 18473
18473, 18472
18473, 18447
18473, 18448
18473, 18449
18474, 18468
18474, 18475
18475, 18474
18475, 18450
18475, 18451
18475, 18452
18476, 18459
18477, 18459
18478, 18460
18479, 18460
18436, 18462
18437, 18462
18438, 18463
18439, 18463
18440, 18465
18441, 18465
18442, 18466
18443, 18466
18444, 18467
18445, 18469
18446, 18470
18447, 18473
18448, 18473
18449, 18473
18450, 18475
18451, 18475
18452, 18475
18516, 18517
18516, 18521
18517, 18516
18517, 18518
18517, 18528
18518, 18517
18518, 18519
18519, 18518
18519, 18520
18519, 18522
18520, 18519
18520, 18521
18520, 18525
18521, 18516
18521, 18520
18521, 18527
18522, 18519
18522, 18523
18522, 18491
18522, 18492
18523, 18522
18523, 18524
18523, 18493
18523, 18494
18524, 18523
18524, 18525
18524, 18489
18525, 18520
18525, 18524
18525, 18495
18525, 18496
18526, 18529
18526, 18482
18526, 18490
18527, 18521
18527, 18497
18527, 18498
18528, 18517
18528, 18499
18528, 18500
18529, 18526
18529, 18530
18529, 18501
18530, 18529
18530, 18480
18530, 18483
18480, 18530
18480, 18481
18480, 18487
18481, 18480
18481, 18482
18481, 18485
18482, 18526
18482, 18481
18482, 18502
18483, 18530
18483, 18484
18484, 18483
18484, 18503
18484, 18504
18484, 18505
18485, 18481
18485, 18486
18486, 18485
18486, 18506
18486, 18507
18486, 18508
18487, 18480
18487, 18488
18488, 18487
18488, 18509
18488, 18510
18488, 18511
18489, 18524
18489, 18490
18489, 18512
18489, 18513
18490, 18526
18490, 18489
18490, 18514
18490, 18515
18491, 18522
18492, 18522
18493, 18523
18494, 18523
18495, 18525
18496, 18525
18497, 18527
18498, 18527
18499, 18528
18500, 18528
18501, 18529
18502, 18482
18503, 18484
18504, 18484
18505, 18484
18506, 18486
18507, 18486
18508, 18486
18509, 18488
18510, 18488
18511, 18488
18512, 18489
18513, 18489
18514, 18490
18515, 18490
18531, 18532
18531, 18536
18532, 18531
18532, 18533
18532, 18543
18533, 18532
18533, 18534
18534, 18533
18534, 18535
18534, 18537
18535, 18534
18535, 18536
18535, 18540
18536, 18531
18536, 18535
18536, 18542
18537, 18534
18537, 18538
18537, 18558
18537, 18559
18538, 18537
18538, 18539
18538, 18560
18538, 18561
18539, 18538
18539, 18540
18539, 18556
18540, 18535
18540, 18539
18540, 18562
18540, 18563
18541, 18544
18541, 18548
18541, 18555
18542, 18536
18542, 18564
18542, 18565
18543, 18532
18543, 18566
18543, 18567
18544, 18541
18544, 18545
18544, 18568
18545, 18544
18545, 18546
18545, 18549
18546, 18545
18546, 18547
18546, 18553
18547, 18546
18547, 18548
18547, 18551
18548, 18541
18548, 18547
18548, 18569
18549, 18545
18549, 18550
18550, 18549
18550, 18570
18550, 18571
18550, 18572
18551, 18547
18551, 18552
18552, 18551
18552, 18573
18552, 18574
18552, 18575
18553, 18546
18553, 18554
18554, 18553
18554, 18576
18554, 18577
18554, 18578
18555, 18541
18555, 18557
18555, 18579
18555, 18580
18556, 18539
18556, 18557
18556, 18581
18556, 18582
18557, 18555
18557, 18556
18557, 18583
18557, 18584
18558, 18537
18559, 18537
18560, 18538
18561, 18538
18562, 18540
18563, 18540
18564, 18542
18565, 18542
18566, 18543
18567, 18543
18568, 18544
18569, 18548
18570, 18550
18571, 18550
18572, 18550
18573, 18552
18574, 18552
18575, 18552
18576, 18554
18577, 18554
18578, 18554
18579, 18555
18580, 18555
18581, 18556
18582, 18556
18583, 18557
18584, 18557
18598, 18599
18598, 18603
18599, 18598
18599, 18600
18599, 18610
18600, 18599
18600, 18601
18601, 18600
18601, 18602
18601, 18604
18602, 18601
18602, 18603
18602, 18606
18603, 18598
18603, 18602
18603, 18609
18604, 18601
18604, 18605
18605, 18604
18605, 18606
18605, 18629
18606, 18602
18606, 18605
18606, 18607
18607, 18606
18607, 18616
18607, 18630
18607, 18631
18608, 18611
18608, 18615
18608, 18616
18609, 18603
18609, 18632
18609, 18633
18610, 18599
18610, 18634
18610, 18635
18611, 18608
18611, 18612
18611, 18585
18612, 18611
18612, 18613
18612, 18586
18613, 18612
18613, 18614
18613, 18617
18614, 18613
18614, 18615
18614, 18587
18615, 18608
18615, 18614
18615, 18588
18616, 18607
18616, 18608
18616, 18589
18617, 18613
18617, 18618
18617, 18619
18618, 18617
18619, 18617
18619, 18620
18619, 18590
18620, 18619
18620, 18621
18620, 18624
18620, 18591
18621, 18620
18621, 18622
18621, 18623
18622, 18621
18623, 18621
18623, 18592
18624, 18620
18624, 18625
18624, 18593
18624, 18594
18625, 18624
18625, 18626
18625, 18595
18625, 18596
18626, 18625
18626, 18627
18626, 18628
18627, 18626
18628, 18626
18628, 18597
18629, 18605
18630, 18607
18631, 18607
18632, 18609
18633, 18609
18634, 18610
18635, 18610
18585, 18611
18586, 18612
18587, 18614
18588, 18615
18589, 18616
18590, 18619
18591, 18620
18592, 18623
18593, 18624
18594, 18624
18595, 18625
18596, 18625
18597, 18628
18636, 18637
18636, 18641
18637, 18636
18637, 18638
18637, 18648
18638, 18637
18638, 18639
18639, 18638
18639, 18640
18639, 18642
18640, 18639
18640, 18641
18640, 18644
18641, 18636
18641, 18640
18641, 18647
18642, 18639
18642, 18643
18643, 18642
18643, 18644
18643, 18668
18644, 18640
18644, 18643
18644, 18645
18645, 18644
18645, 18654
18645, 18669
18645, 18670
18646, 18649
18646, 18653
18646, 18654
18647, 18641
18647, 18671
18647, 18672
18648, 18637
18648, 18673
18648, 18674
18649, 18646
18649, 18650
18649, 18675
18650, 18649
18650, 18651
18650, 18676
18651, 18650
18651, 18652
18651, 18655
18652, 18651
18652, 18653
18652, 18677
18653, 18646
18653, 18652
18653, 18678
18654, 18645
18654, 18646
18654, 18667
18655, 18651
18655, 18656
18655, 18657
18656, 18655
18657, 18655
18657, 18658
18657, 18679
18658, 18657
18658, 18659
18658, 18662
18658, 18680
18659, 18658
18659, 18660
18659, 18661
18660, 18659
18661, 18659
18661, 18681
18662, 18658
18662, 18663
18662, 18682
18662, 18683
18663, 18662
18663, 18664
18663, 18684
18663, 18685
18664, 18663
18664, 18665
18664, 18666
18665, 18664
18666, 18664
18666, 18686
18667, 18654
18667, 18687
18667, 18688
18667, 18689
18668, 18643
18669, 18645
18670, 18645
18671, 18647
18672, 18647
18673, 18648
18674, 18648
18675, 18649
18676, 18650
18677, 18652
18678, 18653
18679, 18657
18680, 18658
18681, 18661
18682, 18662
18683, 18662
18684, 18663
18685, 18663
18686, 18666
18687, 18667
18688, 18667
18689, 18667
18690, 18691
18690, 18695
18691, 18690
18691, 18692
18691, 18702
18692, 18691
18692, 18693
18693, 18692
18693, 18694
18693, 18696
18694, 18693
18694, 18695
18694, 18698
18695, 18690
18695, 18694
18695, 18701
18696, 18693
18696, 18697
18697, 18696
18697, 18698
18697, 18715
18698, 18694
18698, 18697
18698, 18699
18699, 18698
18699, 18708
18699, 18716
18699, 18717
18700, 18703
18700, 18707
18700, 18708
18701, 18695
18701, 18718
18701, 18719
18702, 18691
18702, 18720
18702, 18721
18703, 18700
18703, 18704
18703, 18722
18704, 18703
18704, 18705
18704, 18713
18705, 18704
18705, 18706
18705, 18711
18706, 18705
18706, 18707
18706, 18709
18707, 18700
18707, 18706
18707, 18723
18708, 18699
18708, 18700
18708, 18724
18709, 18706
18709, 18710
18710, 18709
18710, 18725
18710, 18726
18710, 18727
18711, 18705
18711, 18712
18712, 18711
18712, 18728
18712, 18729
18712, 18730
18713, 18704
18713, 18714
18714, 18713
18714, 18731
18714, 18732
18714, 18733
18715, 18697
18716, 18699
18717, 18699
18718, 18701
18719, 18701
18720, 18702
18721, 18702
18722, 18703
18723, 18707
18724, 18708
18725, 18710
18726, 18710
18727, 18710
18728, 18712
18729, 18712
18730, 18712
18731, 18714
18732, 18714
18733, 18714
18749, 18750
18749, 18754
18750, 18749
18750, 18751
18750, 18761
18751, 18750
18751, 18752
18752, 18751
18752, 18753
18752, 18755
18753, 18752
18753, 18754
18753, 18757
18754, 18749
18754, 18753
18754, 18760
18755, 18752
18755, 18756
18756, 18755
18756, 18757
18756, 18739
18757, 18753
18757, 18756
18757, 18758
18758, 18757
18758, 18735
18758, 18740
18758, 18741
18759, 18762
18759, 18734
18759, 18735
18760, 18754
18760, 18742
18760, 18743
18761, 18750
18761, 18744
18761, 18745
18762, 18759
18762, 18763
18762, 18746
18763, 18762
18763, 18764
18763, 18738
18764, 18763
18764, 18765
18764, 18737
18765, 18764
18765, 18734
18765, 18736
18734, 18759
18734, 18765
18734, 18747
18735, 18758
18735, 18759
18735, 18748
18736, 18765
18737, 18764
18738, 18763
18739, 18756
18740, 18758
18741, 18758
18742, 18760
18743, 18760
18744, 18761
18745, 18761
18746, 18762
18747, 18734
18748, 18735
18766, 18767
18766, 18771
18767, 18766
18767, 18768
18767, 18778
18768, 18767
18768, 18769
18769, 18768
18769, 18770
18769, 18772
18770, 18769
18770, 18771
18770, 18774
18771, 18766
18771, 18770
18771, 18777
18772, 18769
18772, 18773
18773, 18772
18773, 18774
18773, 18789
18774, 18770
18774, 18773
18774, 18775
18775, 18774
18775, 18784
18775, 18790
18775, 18791
18776, 18779
18776, 18783
18776, 18784
18777, 18771
18777, 18792
18777, 18793
18778, 18767
18778, 18794
18778, 18795
18779, 18776
18779, 18780
18779, 18796
18780, 18779
18780, 18781
18780, 18785
18781, 18780
18781, 18782
18781, 18797
18782, 18781
18782, 18783
18782, 18798
18783, 18776
18783, 18782
18783, 18787
18784, 18775
18784, 18776
18784, 18799
18785, 18780
18785, 18786
18786, 18785
18786, 18800
18786, 18801
18786, 18802
18787, 18783
18787, 18788
18788, 18787
18788, 18803
18788, 18804
18788, 18805
18789, 18773
18790, 18775
18791, 18775
18792, 18777
18793, 18777
18794, 18778
18795, 18778
18796, 18779
18797, 18781
18798, 18782
18799, 18784
18800, 18786
18801, 18786
18802, 18786
18803, 18788
18804, 18788
18805, 18788
18810, 18811
18810, 18815
18811, 18810
18811, 18812
18811, 18822
18812, 18811
18812, 18813
18813, 18812
18813, 18814
18813, 18816
18814, 18813
18814, 18815
18814, 18818
18815, 18810
18815, 18814
18815, 18821
18816, 18813
18816, 18817
18816, 18835
18817, 18816
18817, 18818
18817, 18836
18818, 18814
18818, 18817
18818, 18819
18819, 18818
18819, 18828
18819, 18837
18819, 18838
18820, 18823
18820, 18827
18820, 18828
18821, 18815
18821, 18839
18821, 18840
18822, 18811
18822, 18841
18822, 18842
18823, 18820
18823, 18824
18823, 18843
18824, 18823
18824, 18825
18824, 18829
18825, 18824
18825, 18826
18825, 18833
18826, 18825
18826, 18827
18826, 18831
18827, 18820
18827, 18826
18827, 18844
18828, 18819
18828, 18820
18828, 18845
18829, 18824
18829, 18830
18830, 18829
18830, 18846
18830, 18847
18830, 18848
18831, 18826
18831, 18832
18832, 18831
18832, 18849
18832, 18850
18832, 18806
18833, 18825
18833, 18834
18834, 18833
18834, 18807
18834, 18808
18834, 18809
18835, 18816
18836, 18817
18837, 18819
18838, 18819
18839, 18821
18840, 18821
18841, 18822
18842, 18822
18843, 18823
18844, 18827
18845, 18828
18846, 18830
18847, 18830
18848, 18830
18849, 18832
18850, 18832
18806, 18832
18807, 18834
18808, 18834
18809, 18834
18851, 18852
18851, 18856
18852, 18851
18852, 18853
18852, 18863
18853, 18852
18853, 18854
18854, 18853
18854, 18855
18854, 18857
18855, 18854
18855, 18856
18855, 18859
18856, 18851
18856, 18855
18856, 18862
18857, 18854
18857, 18858
18857, 18874
18858, 18857
18858, 18859
18858, 18875
18859, 18855
18859, 18858
18859, 18860
18860, 18859
18860, 18869
18860, 18876
18860, 18877
18861, 18864
18861, 18868
18861, 18869
18862, 18856
18862, 18878
18862, 18879
18863, 18852
18863, 18880
18863, 18881
18864, 18861
18864, 18865
18864, 18882
18865, 18864
18865, 18866
18865, 18883
18866, 18865
18866, 18867
18866, 18872
18867, 18866
18867, 18868
18867, 18870
18868, 18861
18868, 18867
18868, 18884
18869, 18860
18869, 18861
18869, 18885
18870, 18867
18870, 18871
18871, 18870
18871, 18886
18871, 18887
18871, 18888
18872, 18866
18872, 18873
18873, 18872
18873, 18889
18873, 18890
18873, 18891
18874, 18857
18875, 18858
18876, 18860
18877, 18860
18878, 18862
18879, 18862
18880, 18863
18881, 18863
18882, 18864
18883, 18865
18884, 18868
18885, 18869
18886, 18871
18887, 18871
18888, 18871
18889, 18873
18890, 18873
18891, 18873
18892, 18893
18892, 18897
18893, 18892
18893, 18894
18893, 18904
18894, 18893
18894, 18895
18895, 18894
18895, 18896
18895, 18898
18896, 18895
18896, 18897
18896, 18900
18897, 18892
18897, 18896
18897, 18903
18898, 18895
18898, 18899
18898, 18913
18899, 18898
18899, 18900
18899, 18914
18900, 18896
18900, 18899
18900, 18901
18901, 18900
18901, 18910
18901, 18915
18901, 18916
18902, 18905
18902, 18909
18902, 18910
18903, 18897
18903, 18917
18903, 18918
18904, 18893
18904, 18919
18904, 18920
18905, 18902
18905, 18906
18905, 18921
18906, 18905
18906, 18907
18906, 18922
18907, 18906
18907, 18908
18907, 18911
18908, 18907
18908, 18909
18908, 18923
18909, 18902
18909, 18908
18909, 18924
18910, 18901
18910, 18902
18910, 18925
18911, 18907
18911, 18912
18912, 18911
18912, 18926
18912, 18927
18912, 18928
18913, 18898
18914, 18899
18915, 18901
18916, 18901
18917, 18903
18918, 18903
18919, 18904
18920, 18904
18921, 18905
18922, 18906
18923, 18908
18924, 18909
18925, 18910
18926, 18912
18927, 18912
18928, 18912
18929, 18930
18929, 18934
18930, 18929
18930, 18931
18930, 18941
18931, 18930
18931, 18932
18932, 18931
18932, 18933
18932, 18935
18933, 18932
18933, 18934
18933, 18937
18934, 18929
18934, 18933
18934, 18940
18935, 18932
18935, 18936
18935, 18952
18936, 18935
18936, 18937
18936, 18953
18937, 18933
18937, 18936
18937, 18938
18938, 18937
18938, 18947
18938, 18954
18938, 18955
18939, 18942
18939, 18946
18939, 18947
18940, 18934
18940, 18956
18940, 18957
18941, 18930
18941, 18958
18941, 18959
18942, 18939
18942, 18943
18942, 18960
18943, 18942
18943, 18944
18943, 18950
18944, 18943
18944, 18945
18944, 18961
18945, 18944
18945, 18946
18945, 18962
18946, 18939
18946, 18945
18946, 18948
18947, 18938
18947, 18939
18947, 18963
18948, 18946
18948, 18949
18949, 18948
18949, 18964
18949, 18965
18949, 18966
18950, 18943
18950, 18951
18951, 18950
18951, 18967
18951, 18968
18951, 18969
18952, 18935
18953, 18936
18954, 18938
18955, 18938
18956, 18940
18957, 18940
18958, 18941
18959, 18941
18960, 18942
18961, 18944
18962, 18945
18963, 18947
18964, 18949
18965, 18949
18966, 18949
18967, 18951
18968, 18951
18969, 18951
19012, 19013
19012, 18970
19013, 19012
19013, 19014
19013, 18977
19014, 19013
19014, 19015
19015, 19014
19015, 19016
19015, 18971
19016, 19015
19016, 18970
19016, 18973
18970, 19012
18970, 19016
18970, 18976
18971, 19015
18971, 18972
18971, 18990
18972, 18971
18972, 18973
18972, 18991
18973, 19016
18973, 18972
18973, 18974
18974, 18973
18974, 18983
18974, 18992
18974, 18993
18975, 18978
18975, 18982
18975, 18983
18976, 18970
18976, 18994
18976, 18995
18977, 19013
18977, 18996
18977, 18997
18978, 18975
18978, 18979
18978, 18998
18979, 18978
18979, 18980
18979, 18986
18980, 18979
18980, 18981
18980, 18999
18981, 18980
18981, 18982
18981, 19000
18982, 18975
18982, 18981
18982, 18984
18983, 18974
18983, 18975
18983, 19001
18984, 18982
18984, 18985
18985, 18984
18985, 18988
18985, 19002
18985, 19003
18986, 18979
18986, 18987
18987, 18986
18987, 18989
18987, 19004
18987, 19005
18988, 18985
18988, 19006
18988, 19007
18988, 19008
18989, 18987
18989, 19009
18989, 19010
18989, 19011
18990, 18971
18991, 18972
18992, 18974
18993, 18974
18994, 18976
18995, 18976
18996, 18977
18997, 18977
18998, 18978
18999, 18980
19000, 18981
19001, 18983
19002, 18985
19003, 18985
19004, 18987
19005, 18987
19006, 18988
19007, 18988
19008, 18988
19009, 18989
19010, 18989
19011, 18989
19017, 19018
19017, 19022
19018, 19017
19018, 19019
19018, 19029
19019, 19018
19019, 19020
19020, 19019
19020, 19021
19020, 19023
19021, 19020
19021, 19022
19021, 19025
19022, 19017
19022, 19021
19022, 19028
19023, 19020
19023, 19024
19023, 19038
19024, 19023
19024, 19025
19024, 19039
19025, 19021
19025, 19024
19025, 19026
19026, 19025
19026, 19035
19026, 19040
19026, 19041
19027, 19030
19027, 19034
19027, 19035
19028, 19022
19028, 19042
19028, 19043
19029, 19018
19029, 19044
19029, 19045
19030, 19027
19030, 19031
19030, 19046
19031, 19030
19031, 19032
19031, 19047
19032, 19031
19032, 19033
19032, 19037
19033, 19032
19033, 19034
19033, 19036
19034, 19027
19034, 19033
19034, 19048
19035, 19026
19035, 19027
19035, 19049
19036, 19033
19037, 19032
19038, 19023
19039, 19024
19040, 19026
19041, 19026
19042, 19028
19043, 19028
19044, 19029
19045, 19029
19046, 19030
19047, 19031
19048, 19034
19049, 19035
19050, 19051
19050, 19055
19051, 19050
19051, 19052
19051, 19062
19052, 19051
19052, 19053
19053, 19052
19053, 19054
19053, 19056
19054, 19053
19054, 19055
19054, 19058
19055, 19050
19055, 19054
19055, 19061
19056, 19053
19056, 19057
19056, 19073
19057, 19056
19057, 19058
19057, 19074
19058, 19054
19058, 19057
19058, 19059
19059, 19058
19059, 19068
19059, 19075
19059, 19076
19060, 19063
19060, 19067
19060, 19068
19061, 19055
19061, 19077
19061, 19078
19062, 19051
19062, 19079
19062, 19080
19063, 19060
19063, 19064
19063, 19081
19064, 19063
19064, 19065
19064, 19082
19065, 19064
19065, 19066
19065, 19083
19066, 19065
19066, 19067
19066, 19069
19067, 19060
19067, 19066
19067, 19072
19068, 19059
19068, 19060
19068, 19084
19069, 19066
19069, 19070
19069, 19085
19070, 19069
19070, 19071
19070, 19086
19071, 19070
19071, 19072
19071, 19087
19072, 19067
19072, 19071
19072, 19088
19073, 19056
19074, 19057
19075, 19059
19076, 19059
19077, 19061
19078, 19061
19079, 19062
19080, 19062
19081, 19063
19082, 19064
19083, 19065
19084, 19068
19085, 19069
19086, 19070
19087, 19071
19088, 19072
19089, 19090
19089, 19094
19090, 19089
19090, 19091
19090, 19101
19091, 19090
19091, 19092
19092, 19091
19092, 19093
19092, 19095
19093, 19092
19093, 19094
19093, 19097
19094, 19089
19094, 19093
19094, 19100
19095, 19092
19095, 19096
19095, 19119
19096, 19095
19096, 19097
19096, 19120
19097, 19093
19097, 19096
19097, 19098
19098, 19097
19098, 19107
19098, 19121
19098, 19122
19099, 19102
19099, 19106
19099, 19107
19100, 19094
19100, 19123
19100, 19124
19101, 19090
19101, 19125
19101, 19126
19102, 19099
19102, 19103
19102, 19127
19103, 19102
19103, 19104
19103, 19128
19104, 19103
19104, 19105
19104, 19108
19105, 19104
19105, 19106
19105, 19129
19106, 19099
19106, 19105
19106, 19130
19107, 19098
19107, 19099
19107, 19131
19108, 19104
19108, 19109
19108, 19110
19109, 19108
19110, 19108
19110, 19111
19110, 19132
19111, 19110
19111, 19112
19111, 19116
19111, 19133
19112, 19111
19112, 19113
19112, 19134
19112, 19135
19113, 19112
19113, 19114
19113, 19115
19114, 19113
19115, 19113
19115, 19136
19116, 19111
19116, 19117
19116, 19118
19117, 19116
19118, 19116
19118, 19137
19119, 19095
19120, 19096
19121, 19098
19122, 19098
19123, 19100
19124, 19100
19125, 19101
19126, 19101
19127, 19102
19128, 19103
19129, 19105
19130, 19106
19131, 19107
19132, 19110
19133, 19111
19134, 19112
19135, 19112
19136, 19115
19137, 19118
19138, 19139
19138, 19143
19139, 19138
19139, 19140
19139, 19150
19140, 19139
19140, 19141
19141, 19140
19141, 19142
19141, 19144
19142, 19141
19142, 19143
19142, 19146
19143, 19138
19143, 19142
19143, 19149
19144, 19141
19144, 19145
19144, 19162
19145, 19144
19145, 19146
19145, 19163
19146, 19142
19146, 19145
19146, 19147
19147, 19146
19147, 19156
19147, 19164
19147, 19165
19148, 19151
19148, 19155
19148, 19156
19149, 19143
19149, 19166
19149, 19167
19150, 19139
19150, 19168
19150, 19169
19151, 19148
19151, 19152
19151, 19170
19152, 19151
19152, 19153
19152, 19159
19153, 19152
19153, 19154
19153, 19171
19154, 19153
19154, 19155
19154, 19172
19155, 19148
19155, 19154
19155, 19157
19156, 19147
19156, 19148
19156, 19161
19157, 19155
19157, 19158
19158, 19157
19158, 19173
19158, 19174
19158, 19175
19159, 19152
19159, 19160
19160, 19159
19160, 19176
19160, 19177
19160, 19178
19161, 19156
19161, 19179
19161, 19180
19161, 19181
19162, 19144
19163, 19145
19164, 19147
19165, 19147
19166, 19149
19167, 19149
19168, 19150
19169, 19150
19170, 19151
19171, 19153
19172, 19154
19173, 19158
19174, 19158
19175, 19158
19176, 19160
19177, 19160
19178, 19160
19179, 19161
19180, 19161
19181, 19161
19202, 19203
19202, 19207
19203, 19202
19203, 19204
19203, 19214
19204, 19203
19204, 19205
19205, 19204
19205, 19206
19205, 19208
19206, 19205
19206, 19207
19206, 19210
19207, 19202
19207, 19206
19207, 19213
19208, 19205
19208, 19209
19208, 19188
19209, 19208
19209, 19210
19209, 19189
19210, 19206
19210, 19209
19210, 19211
19211, 19210
19211, 19184
19211, 19190
19211, 19191
19212, 19215
19212, 19183
19212, 19184
19213, 19207
19213, 19192
19213, 19193
19214, 19203
19214, 19194
19214, 19195
19215, 19212
19215, 19216
19215, 19196
19216, 19215
19216, 19217
19216, 19197
19217, 19216
19217, 19182
19217, 19186
19182, 19217
19182, 19183
19182, 19185
19183, 19212
19183, 19182
19183, 19198
19184, 19211
19184, 19212
19184, 19187
19185, 19182
19186, 19217
19187, 19184
19187, 19199
19187, 19200
19187, 19201
19188, 19208
19189, 19209
19190, 19211
19191, 19211
19192, 19213
19193, 19213
19194, 19214
19195, 19214
19196, 19215
19197, 19216
19198, 19183
19199, 19187
19200, 19187
19201, 19187
19218, 19219
19218, 19223
19219, 19218
19219, 19220
19219, 19230
19220, 19219
19220, 19221
19221, 19220
19221, 19222
19221, 19224
19222, 19221
19222, 19223
19222, 19226
19223, 19218
19223, 19222
19223, 19229
19224, 19221
19224, 19225
19224, 19242
19225, 19224
19225, 19226
19225, 19243
19226, 19222
19226, 19225
19226, 19227
19227, 19226
19227, 19236
19227, 19244
19227, 19245
19228, 19231
19228, 19235
19228, 19236
19229, 19223
19229, 19246
19229, 19247
19230, 19219
19230, 19248
19230, 19249
19231, 19228
19231, 19232
19231, 19250
19232, 19231
19232, 19233
19232, 19251
19233, 19232
19233, 19234
19233, 19252
19234, 19233
19234, 19235
19234, 19237
19235, 19228
19235, 19234
19235, 19240
19236, 19227
19236, 19228
19236, 19241
19237, 19234
19237, 19238
19237, 19253
19238, 19237
19238, 19239
19238, 19254
19239, 19238
19239, 19240
19239, 19255
19240, 19235
19240, 19239
19240, 19256
19241, 19236
19241, 19257
19241, 19258
19241, 19259
19242, 19224
19243, 19225
19244, 19227
19245, 19227
19246, 19229
19247, 19229
19248, 19230
19249, 19230
19250, 19231
19251, 19232
19252, 19233
19253, 19237
19254, 19238
19255, 19239
19256, 19240
19257, 19241
19258, 19241
19259, 19241
19260, 19261
19260, 19265
19261, 19260
19261, 19262
19261, 19272
19262, 19261
19262, 19263
19263, 19262
19263, 19264
19263, 19266
19264, 19263
19264, 19265
19264, 19268
19265, 19260
19265, 19264
19265, 19271
19266, 19263
19266, 19267
19266, 19283
19267, 19266
19267, 19268
19267, 19284
19268, 19264
19268, 19267
19268, 19269
19269, 19268
19269, 19278
19269, 19285
19269, 19286
19270, 19273
19270, 19277
19270, 19278
19271, 19265
19271, 19287
19271, 19288
19272, 19261
19272, 19289
19272, 19290
19273, 19270
19273, 19274
19273, 19291
19274, 19273
19274, 19275
19274, 19292
19275, 19274
19275, 19276
19275, 19281
19276, 19275
19276, 19277
19276, 19279
19277, 19270
19277, 19276
19277, 19293
19278, 19269
19278, 19270
19279, 19276
19279, 19280
19280, 19279
19280, 19294
19280, 19295
19280, 19296
19281, 19275
19281, 19282
19282, 19281
19282, 19297
19282, 19298
19282, 19299
19283, 19266
19284, 19267
19285, 19269
19286, 19269
19287, 19271
19288, 19271
19289, 19272
19290, 19272
19291, 19273
19292, 19274
19293, 19277
19294, 19280
19295, 19280
19296, 19280
19297, 19282
19298, 19282
19299, 19282
19306, 19307
19306, 19311
19307, 19306
19307, 19308
19307, 19318
19308, 19307
19308, 19309
19309, 19308
19309, 19310
19309, 19312
19310, 19309
19310, 19311
19310, 19314
19311, 19306
19311, 19310
19311, 19317
19312, 19309
19312, 19313
19312, 19327
19313, 19312
19313, 19314
19313, 19328
19314, 19310
19314, 19313
19314, 19315
19315, 19314
19315, 19324
19315, 19329
19315, 19330
19316, 19319
19316, 19323
19316, 19324
19317, 19311
19317, 19331
19317, 19300
19318, 19307
19318, 19301
19318, 19302
19319, 19316
19319, 19320
19319, 19303
19320, 19319
19320, 19321
19320, 19304
19321, 19320
19321, 19322
19321, 19326
19322, 19321
19322, 19323
19322, 19325
19323, 19316
19323, 19322
19323, 19305
19324, 19315
19324, 19316
19325, 19322
19326, 19321
19327, 19312
19328, 19313
19329, 19315
19330, 19315
19331, 19317
19300, 19317
19301, 19318
19302, 19318
19303, 19319
19304, 19320
19305, 19323
19332, 19333
19332, 19337
19333, 19332
19333, 19334
19333, 19344
19334, 19333
19334, 19335
19335, 19334
19335, 19336
19335, 19338
19336, 19335
19336, 19337
19336, 19340
19337, 19332
19337, 19336
19337, 19343
19338, 19335
19338, 19339
19338, 19355
19339, 19338
19339, 19340
19339, 19356
19340, 19336
19340, 19339
19340, 19341
19341, 19340
19341, 19350
19341, 19357
19341, 19358
19342, 19345
19342, 19349
19342, 19350
19343, 19337
19343, 19359
19343, 19360
19344, 19333
19344, 19361
19344, 19362
19345, 19342
19345, 19346
19345, 19363
19346, 19345
19346, 19347
19346, 19364
19347, 19346
19347, 19348
19347, 19365
19348, 19347
19348, 19349
19348, 19351
19349, 19342
19349, 19348
19349, 19354
19350, 19341
19350, 19342
19351, 19348
19351, 19352
19351, 19366
19352, 19351
19352, 19353
19352, 19367
19353, 19352
19353, 19354
19353, 19368
19354, 19349
19354, 19353
19354, 19369
19355, 19338
19356, 19339
19357, 19341
19358, 19341
19359, 19343
19360, 19343
19361, 19344
19362, 19344
19363, 19345
19364, 19346
19365, 19347
19366, 19351
19367, 19352
19368, 19353
19369, 19354
19370, 19371
19370, 19375
19371, 19370
19371, 19372
19371, 19382
19372, 19371
19372, 19373
19373, 19372
19373, 19374
19373, 19376
19374, 19373
19374, 19375
19374, 19378
19375, 19370
19375, 19374
19375, 19381
19376, 19373
19376, 19377
19376, 19393
19377, 19376
19377, 19378
19377, 19394
19378, 19374
19378, 19377
19378, 19379
19379, 19378
19379, 19388
19379, 19395
19379, 19396
19380, 19383
19380, 19387
19380, 19388
19381, 19375
19381, 19397
19381, 19398
19382, 19371
19382, 19399
19382, 19400
19383, 19380
19383, 19384
19383, 19401
19384, 19383
19384, 19385
19384, 19402
19385, 19384
19385, 19386
19385, 19389
19386, 19385
19386, 19387
19386, 19392
19387, 19380
19387, 19386
19387, 19403
19388, 19379
19388, 19380
19389, 19385
19389, 19390
19389, 19404
19390, 19389
19390, 19391
19390, 19405
19391, 19390
19391, 19392
19391, 19406
19392, 19386
19392, 19391
19392, 19407
19393, 19376
19394, 19377
19395, 19379
19396, 19379
19397, 19381
19398, 19381
19399, 19382
19400, 19382
19401, 19383
19402, 19384
19403, 19387
19404, 19389
19405, 19390
19406, 19391
19407, 19392
19414, 19415
19414, 19419
19415, 19414
19415, 19416
19415, 19426
19416, 19415
19416, 19417
19417, 19416
19417, 19418
19417, 19420
19418, 19417
19418, 19419
19418, 19422
19419, 19414
19419, 19418
19419, 19425
19420, 19417
19420, 19421
19420, 19445
19421, 19420
19421, 19422
19421, 19446
19422, 19418
19422, 19421
19422, 19423
19423, 19422
19423, 19432
19423, 19447
19423, 19448
19424, 19427
19424, 19431
19424, 19432
19425, 19419
19425, 19449
19425, 19450
19426, 19415
19426, 19451
19426, 19452
19427, 19424
19427, 19428
19427, 19453
19428, 19427
19428, 19429
19428, 19454
19429, 19428
19429, 19430
19429, 19433
19430, 19429
19430, 19431
19430, 19455
19431, 19424
19431, 19430
19431, 19456
19432, 19423
19432, 19424
19432, 19444
19433, 19429
19433, 19434
19433, 19435
19434, 19433
19435, 19433
19435, 19436
19435, 19457
19436, 19435
19436, 19437
19436, 19441
19436, 19458
19437, 19436
19437, 19438
19437, 19459
19437, 19408
19438, 19437
19438, 19439
19438, 19440
19439, 19438
19440, 19438
19440, 19409
19441, 19436
19441, 19442
19441, 19443
19442, 19441
19443, 19441
19443, 19410
19444, 19432
19444, 19411
19444, 19412
19444, 19413
19445, 19420
19446, 19421
19447, 19423
19448, 19423
19449, 19425
19450, 19425
19451, 19426
19452, 19426
19453, 19427
19454, 19428
19455, 19430
19456, 19431
19457, 19435
19458, 19436
19459, 19437
19408, 19437
19409, 19440
19410, 19443
19411, 19444
19412, 19444
19413, 19444
19469, 19470
19469, 19474
19470, 19469
19470, 19471
19470, 19480
19471, 19470
19471, 19472
19472, 19471
19472, 19473
19472, 19475
19473, 19472
19473, 19474
19473, 19477
19474, 19469
19474, 19473
19474, 19479
19475, 19472
19475, 19476
19476, 19475
19476, 19477
19476, 19495
19477, 19473
19477, 19476
19477, 19478
19478, 19477
19478, 19481
19478, 19496
19478, 19497
19479, 19474
19479, 19498
19479, 19499
19480, 19470
19480, 19500
19480, 19501
19481, 19478
19481, 19482
19481, 19494
19482, 19481
19482, 19483
19482, 19487
19483, 19482
19483, 19484
19483, 19502
19484, 19483
19484, 19485
19484, 19492
19485, 19484
19485, 19486
19485, 19490
19486, 19485
19486, 19487
19486, 19488
19487, 19482
19487, 19486
19487, 19503
19488, 19486
19488, 19489
19489, 19488
19489, 19504
19489, 19505
19489, 19506
19490, 19485
19490, 19491
19491, 19490
19491, 19460
19491, 19461
19491, 19462
19492, 19484
19492, 19493
19493, 19492
19493, 19463
19493, 19464
19493, 19465
19494, 19481
19494, 19466
19494, 19467
19494, 19468
19495, 19476
19496, 19478
19497, 19478
19498, 19479
19499, 19479
19500, 19480
19501, 19480
19502, 19483
19503, 19487
19504, 19489
19505, 19489
19506, 19489
19460, 19491
19461, 19491
19462, 19491
19463, 19493
19464, 19493
19465, 19493
19466, 19494
19467, 19494
19468, 19494
19507, 19508
19507, 19512
19508, 19507
19508, 19509
19508, 19518
19509, 19508
19509, 19510
19510, 19509
19510, 19511
19510, 19513
19511, 19510
19511, 19512
19511, 19515
19512, 19507
19512, 19511
19512, 19517
19513, 19510
19513, 19514
19514, 19513
19514, 19515
19514, 19531
19515, 19511
19515, 19514
19515, 19516
19516, 19515
19516, 19519
19516, 19532
19516, 19533
19517, 19512
19517, 19534
19517, 19535
19518, 19508
19518, 19536
19518, 19537
19519, 19516
19519, 19520
19519, 19530
19520, 19519
19520, 19521
19520, 19525
19521, 19520
19521, 19522
19521, 19528
19522, 19521
19522, 19523
19522, 19538
19523, 19522
19523, 19524
19523, 19539
19524, 19523
19524, 19525
19524, 19526
19525, 19520
19525, 19524
19525, 19540
19526, 19524
19526, 19527
19527, 19526
19527, 19541
19527, 19542
19527, 19543
19528, 19521
19528, 19529
19529, 19528
19529, 19544
19529, 19545
19529, 19546
19530, 19519
19530, 19547
19530, 19548
19530, 19549
19531, 19514
19532, 19516
19533, 19516
19534, 19517
19535, 19517
19536, 19518
19537, 19518
19538, 19522
19539, 19523
19540, 19525
19541, 19527
19542, 19527
19543, 19527
19544, 19529
19545, 19529
19546, 19529
19547, 19530
19548, 19530
19549, 19530
19550, 19551
19550, 19555
19551, 19550
19551, 19552
19551, 19561
19552, 19551
19552, 19553
19553, 19552
19553, 19554
19553, 19556
19554, 19553
19554, 19555
19554, 19558
19555, 19550
19555, 19554
19555, 19560
19556, 19553
19556, 19557
19557, 19556
19557, 19558
19557, 19576
19558, 19554
19558, 19557
19558, 19559
19559, 19558
19559, 19562
19559, 19577
19559, 19578
19560, 19555
19560, 19579
19560, 19580
19561, 19551
19561, 19581
19561, 19582
19562, 19559
19562, 19563
19562, 19583
19563, 19562
19563, 19564
19563, 19568
19564, 19563
19564, 19565
19564, 19584
19565, 19564
19565, 19566
19565, 19570
19566, 19565
19566, 19567
19566, 19571
19567, 19566
19567, 19568
19567, 19569
19568, 19563
19568, 19567
19568, 19585
19569, 19567
19570, 19565
19571, 19566
19571, 19572
19571, 19575
19572, 19571
19572, 19573
19572, 19586
19573, 19572
19573, 19574
19573, 19587
19574, 19573
19574, 19575
19574, 19588
19575, 19571
19575, 19574
19575, 19589
19576, 19557
19577, 19559
19578, 19559
19579, 19560
19580, 19560
19581, 19561
19582, 19561
19583, 19562
19584, 19564
19585, 19568
19586, 19572
19587, 19573
19588, 19574
19589, 19575
19590, 19591
19590, 19595
19591, 19590
19591, 19592
19591, 19601
19592, 19591
19592, 19593
19593, 19592
19593, 19594
19593, 19596
19594, 19593
19594, 19595
19594, 19598
19595, 19590
19595, 19594
19595, 19600
19596, 19593
19596, 19597
19596, 19608
19597, 19596
19597, 19598
19597, 19609
19598, 19594
19598, 19597
19598, 19607
19599, 19602
19599, 19606
19599, 19607
19600, 19595
19600, 19610
19600, 19611
19601, 19591
19601, 19612
19601, 19613
19602, 19599
19602, 19603
19602, 19614
19603, 19602
19603, 19604
19603, 19615
19604, 19603
19604, 19605
19604, 19616
19605, 19604
19605, 19606
19605, 19617
19606, 19599
19606, 19605
19606, 19618
19607, 19598
19607, 19599
19607, 19619
19607, 19620
19608, 19596
19609, 19597
19610, 19600
19611, 19600
19612, 19601
19613, 19601
19614, 19602
19615, 19603
19616, 19604
19617, 19605
19618, 19606
19619, 19607
19620, 19607
19647, 19648
19647, 19621
19648, 19647
19648, 19649
19648, 19627
19649, 19648
19649, 19650
19650, 19649
19650, 19651
19650, 19622
19651, 19650
19651, 19621
19651, 19624
19621, 19647
19621, 19651
19621, 19626
19622, 19650
19622, 19623
19623, 19622
19623, 19624
19623, 19635
19624, 19651
19624, 19623
19624, 19625
19625, 19624
19625, 19628
19625, 19636
19625, 19637
19626, 19621
19626, 19638
19626, 19639
19627, 19648
19627, 19640
19627, 19641
19628, 19625
19628, 19629
19629, 19628
19629, 19630
19629, 19634
19630, 19629
19630, 19631
19630, 19642
19631, 19630
19631, 19632
19631, 19643
19632, 19631
19632, 19633
19632, 19644
19633, 19632
19633, 19634
19633, 19645
19634, 19629
19634, 19633
19634, 19646
19635, 19623
19636, 19625
19637, 19625
19638, 19626
19639, 19626
19640, 19627
19641, 19627
19642, 19630
19643, 19631
19644, 19632
19645, 19633
19646, 19634
19652, 19653
19652, 19657
19653, 19652
19653, 19654
19653, 19663
19654, 19653
19654, 19655
19655, 19654
19655, 19656
19655, 19658
19656, 19655
19656, 19657
19656, 19660
19657, 19652
19657, 19656
19657, 19662
19658, 19655
19658, 19659
19659, 19658
19659, 19660
19659, 19675
19660, 19656
19660, 19659
19660, 19661
19661, 19660
19661, 19664
19661, 19676
19661, 19677
19662, 19657
19662, 19678
19662, 19679
19663, 19653
19663, 19680
19663, 19681
19664, 19661
19664, 19665
19665, 19664
19665, 19666
19665, 19670
19666, 19665
19666, 19667
19666, 19674
19667, 19666
19667, 19668
19667, 19671
19668, 19667
19668, 19669
19668, 19682
19669, 19668
19669, 19670
19669, 19683
19670, 19665
19670, 19669
19670, 19684
19671, 19667
19671, 19672
19671, 19685
19672, 19671
19672, 19673
19672, 19686
19673, 19672
19673, 19674
19673, 19687
19674, 19666
19674, 19673
19674, 19688
19675, 19659
19676, 19661
19677, 19661
19678, 19662
19679, 19662
19680, 19663
19681, 19663
19682, 19668
19683, 19669
19684, 19670
19685, 19671
19686, 19672
19687, 19673
19688, 19674
19699, 19700
19699, 19704
19700, 19699
19700, 19701
19700, 19710
19701, 19700
19701, 19702
19702, 19701
19702, 19703
19702, 19705
19703, 19702
19703, 19704
19703, 19707
19704, 19699
19704, 19703
19704, 19709
19705, 19702
19705, 19706
19706, 19705
19706, 19707
19706, 19722
19707, 19703
19707, 19706
19707, 19708
19708, 19707
19708, 19711
19708, 19723
19708, 19724
19709, 19704
19709, 19725
19709, 19726
19710, 19700
19710, 19689
19710, 19690
19711, 19708
19711, 19712
19711, 19691
19712, 19711
19712, 19713
19712, 19717
19713, 19712
19713, 19714
19713, 19721
19714, 19713
19714, 19715
19714, 19718
19715, 19714
19715, 19716
19715, 19692
19716, 19715
19716, 19717
19716, 19693
19717, 19712
19717, 19716
19717, 19694
19718, 19714
19718, 19719
19718, 19695
19719, 19718
19719, 19720
19719, 19696
19720, 19719
19720, 19721
19720, 19697
19721, 19713
19721, 19720
19721, 19698
19722, 19706
19723, 19708
19724, 19708
19725, 19709
19726, 19709
19689, 19710
19690, 19710
19691, 19711
19692, 19715
19693, 19716
19694, 19717
19695, 19718
19696, 19719
19697, 19720
19698, 19721
19727, 19728
19727, 19732
19728, 19727
19728, 19729
19728, 19738
19729, 19728
19729, 19730
19730, 19729
19730, 19731
19730, 19733
19731, 19730
19731, 19732
19731, 19735
19732, 19727
19732, 19731
19732, 19737
19733, 19730
19733, 19734
19734, 19733
19734, 19735
19734, 19750
19735, 19731
19735, 19734
19735, 19736
19736, 19735
19736, 19739
19736, 19751
19736, 19752
19737, 19732
19737, 19753
19737, 19754
19738, 19728
19738, 19755
19738, 19756
19739, 19736
19739, 19740
19739, 19757
19740, 19739
19740, 19741
19740, 19745
19741, 19740
19741, 19742
19741, 19758
19742, 19741
19742, 19743
19742, 19749
19743, 19742
19743, 19744
19743, 19746
19744, 19743
19744, 19745
19744, 19759
19745, 19740
19745, 19744
19745, 19760
19746, 19743
19746, 19747
19746, 19761
19747, 19746
19747, 19748
19747, 19762
19748, 19747
19748, 19749
19748, 19763
19749, 19742
19749, 19748
19749, 19764
19750, 19734
19751, 19736
19752, 19736
19753, 19737
19754, 19737
19755, 19738
19756, 19738
19757, 19739
19758, 19741
19759, 19744
19760, 19745
19761, 19746
19762, 19747
19763, 19748
19764, 19749
19765, 19766
19765, 19770
19766, 19765
19766, 19767
19766, 19776
19767, 19766
19767, 19768
19768, 19767
19768, 19769
19768, 19771
19769, 19768
19769, 19770
19769, 19773
19770, 19765
19770, 19769
19770, 19775
19771, 19768
19771, 19772
19772, 19771
19772, 19773
19772, 19791
19773, 19769
19773, 19772
19773, 19774
19774, 19773
19774, 19777
19774, 19792
19774, 19793
19775, 19770
19775, 19794
19775, 19795
19776, 19766
19776, 19796
19776, 19797
19777, 19774
19777, 19778
19777, 19798
19778, 19777
19778, 19779
19778, 19783
19779, 19778
19779, 19780
19779, 19799
19780, 19779
19780, 19781
19780, 19800
19781, 19780
19781, 19782
19781, 19801
19782, 19781
19782, 19783
19782, 19802
19783, 19778
19783, 19782
19783, 19784
19784, 19783
19784, 19785
19785, 19784
19785, 19786
19785, 19790
19786, 19785
19786, 19787
19786, 19803
19787, 19786
19787, 19788
19787, 19804
19788, 19787
19788, 19789
19788, 19805
19789, 19788
19789, 19790
19789, 19806
19790, 19785
19790, 19789
19790, 19807
19791, 19772
19792, 19774
19793, 19774
19794, 19775
19795, 19775
19796, 19776
19797, 19776
19798, 19777
19799, 19779
19800, 19780
19801, 19781
19802, 19782
19803, 19786
19804, 19787
19805, 19788
19806, 19789
19807, 19790
19808, 19809
19808, 19813
19809, 19808
19809, 19810
19809, 19819
19810, 19809
19810, 19811
19811, 19810
19811, 19812
19811, 19814
19812, 19811
19812, 19813
19812, 19816
19813, 19808
19813, 19812
19813, 19818
19814, 19811
19814, 19815
19815, 19814
19815, 19816
19815, 19834
19816, 19812
19816, 19815
19816, 19817
19817, 19816
19817, 19820
19817, 19835
19817, 19836
19818, 19813
19818, 19837
19818, 19838
19819, 19809
19819, 19839
19819, 19840
19820, 19817
19820, 19821
19820, 19841
19821, 19820
19821, 19822
19821, 19826
19822, 19821
19822, 19823
19822, 19842
19823, 19822
19823, 19824
19823, 19843
19824, 19823
19824, 19825
19824, 19827
19825, 19824
19825, 19826
19825, 19844
19826, 19821
19826, 19825
19826, 19845
19827, 19824
19827, 19828
19828, 19827
19828, 19829
19828, 19833
19829, 19828
19829, 19830
19829, 19846
19830, 19829
19830, 19831
19830, 19847
19831, 19830
19831, 19832
19831, 19848
19832, 19831
19832, 19833
19832, 19849
19833, 19828
19833, 19832
19833, 19850
19834, 19815
19835, 19817
19836, 19817
19837, 19818
19838, 19818
19839, 19819
19840, 19819
19841, 19820
19842, 19822
19843, 19823
19844, 19825
19845, 19826
19846, 19829
19847, 19830
19848, 19831
19849, 19832
19850, 19833
19851, 19852
19851, 19856
19852, 19851
19852, 19853
19852, 19862
19853, 19852
19853, 19854
19854, 19853
19854, 19855
19854, 19857
19855, 19854
19855, 19856
19855, 19859
19856, 19851
19856, 19855
19856, 19861
19857, 19854
19857, 19858
19858, 19857
19858, 19859
19858, 19876
19859, 19855
19859, 19858
19859, 19860
19860, 19859
19860, 19863
19860, 19877
19860, 19878
19861, 19856
19861, 19879
19861, 19880
19862, 19852
19862, 19881
19862, 19882
19863, 19860
19863, 19864
19863, 19883
19864, 19863
19864, 19865
19864, 19869
19865, 19864
19865, 19866
19865, 19884
19866, 19865
19866, 19867
19866, 19885
19867, 19866
19867, 19868
19867, 19886
19868, 19867
19868, 19869
19868, 19887
19869, 19864
19869, 19868
19869, 19870
19870, 19869
19870, 19871
19870, 19875
19871, 19870
19871, 19872
19871, 19888
19872, 19871
19872, 19873
19872, 19889
19873, 19872
19873, 19874
19873, 19890
19874, 19873
19874, 19875
19874, 19891
19875, 19870
19875, 19874
19875, 19892
19876, 19858
19877, 19860
19878, 19860
19879, 19861
19880, 19861
19881, 19862
19882, 19862
19883, 19863
19884, 19865
19885, 19866
19886, 19867
19887, 19868
19888, 19871
19889, 19872
19890, 19873
19891, 19874
19892, 19875
19893, 19894
19893, 19898
19894, 19893
19894, 19895
19894, 19904
19895, 19894
19895, 19896
19896, 19895
19896, 19897
19896, 19899
19897, 19896
19897, 19898
19897, 19901
19898, 19893
19898, 19897
19898, 19903
19899, 19896
19899, 19900
19900, 19899
19900, 19901
19900, 19917
19901, 19897
19901, 19900
19901, 19902
19902, 19901
19902, 19905
19902, 19918
19902, 19919
19903, 19898
19903, 19920
19903, 19921
19904, 19894
19904, 19922
19904, 19923
19905, 19902
19905, 19906
19905, 19916
19906, 19905
19906, 19907
19906, 19911
19907, 19906
19907, 19908
19907, 19924
19908, 19907
19908, 19909
19908, 19915
19909, 19908
19909, 19910
19909, 19912
19910, 19909
19910, 19911
19910, 19925
19911, 19906
19911, 19910
19911, 19926
19912, 19909
19912, 19913
19912, 19927
19913, 19912
19913, 19914
19913, 19928
19914, 19913
19914, 19915
19914, 19929
19915, 19908
19915, 19914
19915, 19930
19916, 19905
19916, 19931
19916, 19932
19916, 19933
19917, 19900
19918, 19902
19919, 19902
19920, 19903
19921, 19903
19922, 19904
19923, 19904
19924, 19907
19925, 19910
19926, 19911
19927, 19912
19928, 19913
19929, 19914
19930, 19915
19931, 19916
19932, 19916
19933, 19916
19934, 19935
19934, 19939
19935, 19934
19935, 19936
19935, 19945
19936, 19935
19936, 19937
19937, 19936
19937, 19938
19937, 19940
19938, 19937
19938, 19939
19938, 19942
19939, 19934
19939, 19938
19939, 19944
19940, 19937
19940, 19941
19941, 19940
19941, 19942
19941, 19956
19942, 19938
19942, 19941
19942, 19943
19943, 19942
19943, 19946
19943, 19957
19943, 19958
19944, 19939
19944, 19959
19944, 19960
19945, 19935
19945, 19961
19945, 19962
19946, 19943
19946, 19947
19946, 19953
19947, 19946
19947, 19948
19947, 19952
19948, 19947
19948, 19949
19948, 19963
19949, 19948
19949, 19950
19949, 19954
19950, 19949
19950, 19951
19950, 19955
19951, 19950
19951, 19952
19951, 19964
19952, 19947
19952, 19951
19952, 19965
19953, 19946
19953, 19966
19953, 19967
19953, 19968
19954, 19949
19955, 19950
19956, 19941
19957, 19943
19958, 19943
19959, 19944
19960, 19944
19961, 19945
19962, 19945
19963, 19948
19964, 19951
19965, 19952
19966, 19953
19967, 19953
19968, 19953
19977, 19978
19977, 19982
19978, 19977
19978, 19979
19978, 19988
19979, 19978
19979, 19980
19980, 19979
19980, 19981
19980, 19983
19981, 19980
19981, 19982
19981, 19985
19982, 19977
19982, 19981
19982, 19987
19983, 19980
19983, 19984
19984, 19983
19984, 19985
19984, 19998
19985, 19981
19985, 19984
19985, 19986
19986, 19985
19986, 19989
19986, 19999
19986, 20000
19987, 19982
19987, 20001
19987, 20002
19988, 19978
19988, 20003
19988, 20004
19989, 19986
19989, 19990
19989, 19969
19990, 19989
19990, 19991
19990, 19995
19991, 19990
19991, 19992
19991, 19970
19992, 19991
19992, 19993
19992, 19971
19993, 19992
19993, 19994
19993, 19996
19994, 19993
19994, 19995
19994, 19972
19995, 19990
19995, 19994
19995, 19973
19996, 19993
19996, 19997
19997, 19996
19997, 19974
19997, 19975
19997, 19976
19998, 19984
19999, 19986
20000, 19986
20001, 19987
20002, 19987
20003, 19988
20004, 19988
19969, 19989
19970, 19991
19971, 19992
19972, 19994
19973, 19995
19974, 19997
19975, 19997
19976, 19997
20005, 20006
20005, 20010
20006, 20005
20006, 20007
20006, 20017
20007, 20006
20007, 20008
20008, 20007
20008, 20009
20008, 20011
20009, 20008
20009, 20010
20009, 20013
20010, 20005
20010, 20009
20010, 20016
20011, 20008
20011, 20012
20011, 20036
20012, 20011
20012, 20013
20012, 20037
20013, 20009
20013, 20012
20013, 20014
20014, 20013
20014, 20023
20014, 20038
20014, 20039
20015, 20018
20015, 20022
20015, 20023
20016, 20010
20016, 20040
20016, 20041
20017, 20006
20017, 20042
20017, 20043
20018, 20015
20018, 20019
20018, 20044
20019, 20018
20019, 20020
20019, 20045
20020, 20019
20020, 20021
20020, 20024
20021, 20020
20021, 20022
20021, 20046
20022, 20015
20022, 20021
20022, 20047
20023, 20014
20023, 20015
20023, 20048
20023, 20049
20024, 20020
20024, 20025
20024, 20026
20025, 20024
20026, 20024
20026, 20027
20026, 20050
20027, 20026
20027, 20028
20027, 20029
20027, 20051
20028, 20027
20028, 20030
20028, 20031
20029, 20027
20029, 20032
20029, 20052
20029, 20053
20030, 20028
20030, 20054
20031, 20028
20032, 20029
20032, 20033
20032, 20055
20032, 20056
20033, 20032
20033, 20034
20033, 20035
20034, 20033
20034, 20057
20035, 20033
20036, 20011
20037, 20012
20038, 20014
20039, 20014
20040, 20016
20041, 20016
20042, 20017
20043, 20017
20044, 20018
20045, 20019
20046, 20021
20047, 20022
20048, 20023
20049, 20023
20050, 20026
20051, 20027
20052, 20029
20053, 20029
20054, 20030
20055, 20032
20056, 20032
20057, 20034
20097, 20098
20097, 20102
20098, 20097
20098, 20099
20098, 20109
20099, 20098
20099, 20100
20100, 20099
20100, 20101
20100, 20103
20101, 20100
20101, 20102
20101, 20105
20102, 20097
20102, 20101
20102, 20108
20103, 20100
20103, 20104
20103, 20065
20104, 20103
20104, 20105
20104, 20071
20105, 20101
20105, 20104
20105, 20106
20106, 20105
20106, 20115
20106, 20072
20106, 20073
20107, 20110
20107, 20114
20107, 20115
20108, 20102
20108, 20074
20108, 20075
20109, 20098
20109, 20076
20109, 20077
20110, 20107
20110, 20111
20110, 20078
20111, 20110
20111, 20112
20111, 20079
20112, 20111
20112, 20113
20112, 20116
20113, 20112
20113, 20114
20113, 20080
20114, 20107
20114, 20113
20114, 20081
20115, 20106
20115, 20107
20115, 20082
20115, 20083
20116, 20112
20116, 20117
20116, 20118
20117, 20116
20118, 20116
20118, 20119
20118, 20084
20119, 20118
20119, 20120
20119, 20058
20119, 20085
20120, 20119
20120, 20059
20120, 20060
20058, 20119
20058, 20061
20058, 20086
20058, 20087
20059, 20120
20059, 20088
20060, 20120
20061, 20058
20061, 20062
20061, 20089
20061, 20090
20062, 20061
20062, 20063
20062, 20064
20063, 20062
20063, 20091
20064, 20062
20065, 20103
20065, 20066
20065, 20070
20066, 20065
20066, 20067
20066, 20092
20067, 20066
20067, 20068
20067, 20093
20068, 20067
20068, 20069
20068, 20094
20069, 20068
20069, 20070
20069, 20095
20070, 20065
20070, 20069
20070, 20096
20071, 20104
20072, 20106
20073, 20106
20074, 20108
20075, 20108
20076, 20109
20077, 20109
20078, 20110
20079, 20111
20080, 20113
20081, 20114
20082, 20115
20083, 20115
20084, 20118
20085, 20119
20086, 20058
20087, 20058
20088, 20059
20089, 20061
20090, 20061
20091, 20063
20092, 20066
20093, 20067
20094, 20068
20095, 20069
20096, 20070
20121, 20122
20121, 20126
20122, 20121
20122, 20123
20122, 20132
20123, 20122
20123, 20124
20124, 20123
20124, 20125
20124, 20127
20125, 20124
20125, 20126
20125, 20129
20126, 20121
20126, 20125
20126, 20131
20127, 20124
20127, 20128
20128, 20127
20128, 20129
20128, 20133
20129, 20125
20129, 20128
20129, 20130
20130, 20129
20130, 20143
20130, 20144
20130, 20145
20131, 20126
20131, 20146
20131, 20147
20132, 20122
20132, 20148
20132, 20149
20133, 20128
20133, 20134
20133, 20138
20134, 20133
20134, 20135
20134, 20150
20135, 20134
20135, 20136
20135, 20141
20136, 20135
20136, 20137
20136, 20151
20137, 20136
20137, 20138
20137, 20152
20138, 20133
20138, 20137
20138, 20139
20139, 20138
20139, 20140
20140, 20139
20140, 20153
20140, 20154
20140, 20155
20141, 20135
20141, 20142
20142, 20141
20142, 20156
20142, 20157
20142, 20158
20143, 20130
20144, 20130
20145, 20130
20146, 20131
20147, 20131
20148, 20132
20149, 20132
20150, 20134
20151, 20136
20152, 20137
20153, 20140
20154, 20140
20155, 20140
20156, 20142
20157, 20142
20158, 20142
20159, 20160
20159, 20164
20160, 20159
20160, 20161
20160, 20170
20161, 20160
20161, 20162
20162, 20161
20162, 20163
20162, 20165
20163, 20162
20163, 20164
20163, 20167
20164, 20159
20164, 20163
20164, 20169
20165, 20162
20165, 20166
20166, 20165
20166, 20167
20166, 20181
20167, 20163
20167, 20166
20167, 20168
20168, 20167
20168, 20182
20168, 20183
20168, 20184
20169, 20164
20169, 20185
20169, 20186
20170, 20160
20170, 20187
20170, 20188
20171, 20172
20171, 20176
20171, 20181
20172, 20171
20172, 20173
20172, 20189
20173, 20172
20173, 20174
20173, 20179
20174, 20173
20174, 20175
20174, 20190
20175, 20174
20175, 20176
20175, 20191
20176, 20171
20176, 20175
20176, 20177
20177, 20176
20177, 20178
20178, 20177
20178, 20192
20178, 20193
20178, 20194
20179, 20173
20179, 20180
20180, 20179
20180, 20195
20180, 20196
20180, 20197
20181, 20166
20181, 20171
20181, 20198
20181, 20199
20182, 20168
20183, 20168
20184, 20168
20185, 20169
20186, 20169
20187, 20170
20188, 20170
20189, 20172
20190, 20174
20191, 20175
20192, 20178
20193, 20178
20194, 20178
20195, 20180
20196, 20180
20197, 20180
20198, 20181
20199, 20181
20234, 20235
20234, 20239
20235, 20234
20235, 20236
20235, 20201
20236, 20235
20236, 20237
20237, 20236
20237, 20238
20237, 20240
20238, 20237
20238, 20239
20238, 20242
20239, 20234
20239, 20238
20239, 20200
20240, 20237
20240, 20241
20241, 20240
20241, 20242
20241, 20212
20242, 20238
20242, 20241
20242, 20243
20243, 20242
20243, 20214
20243, 20215
20243, 20216
20200, 20239
20200, 20217
20200, 20218
20201, 20235
20201, 20219
20201, 20220
20202, 20203
20202, 20207
20202, 20213
20203, 20202
20203, 20204
20203, 20221
20204, 20203
20204, 20205
20204, 20210
20205, 20204
20205, 20206
20205, 20222
20206, 20205
20206, 20207
20206, 20223
20207, 20202
20207, 20206
20207, 20208
20208, 20207
20208, 20209
20209, 20208
20209, 20224
20209, 20225
20209, 20226
20210, 20204
20210, 20211
20211, 20210
20211, 20227
20211, 20228
20211, 20229
20212, 20241
20212, 20213
20212, 20230
20212, 20231
20213, 20202
20213, 20212
20213, 20232
20213, 20233
20214, 20243
20215, 20243
20216, 20243
20217, 20200
20218, 20200
20219, 20201
20220, 20201
20221, 20203
20222, 20205
20223, 20206
20224, 20209
20225, 20209
20226, 20209
20227, 20211
20228, 20211
20229, 20211
20230, 20212
20231, 20212
20232, 20213
20233, 20213
20244, 20245
20244, 20249
20245, 20244
20245, 20246
20245, 20255
20246, 20245
20246, 20247
20247, 20246
20247, 20248
20247, 20250
20248, 20247
20248, 20249
20248, 20252
20249, 20244
20249, 20248
20249, 20254
20250, 20247
20250, 20251
20251, 20250
20251, 20252
20251, 20256
20252, 20248
20252, 20251
20252, 20253
20253, 20252
20253, 20268
20253, 20269
20253, 20270
20254, 20249
20254, 20271
20254, 20272
20255, 20245
20255, 20273
20255, 20274
20256, 20251
20256, 20257
20256, 20261
20257, 20256
20257, 20258
20257, 20275
20258, 20257
20258, 20259
20258, 20262
20259, 20258
20259, 20260
20259, 20266
20260, 20259
20260, 20261
20260, 20264
20261, 20256
20261, 20260
20261, 20276
20262, 20258
20262, 20263
20263, 20262
20263, 20277
20263, 20278
20263, 20279
20264, 20260
20264, 20265
20265, 20264
20265, 20280
20265, 20281
20265, 20282
20266, 20259
20266, 20267
20267, 20266
20267, 20283
20267, 20284
20267, 20285
20268, 20253
20269, 20253
20270, 20253
20271, 20254
20272, 20254
20273, 20255
20274, 20255
20275, 20257
20276, 20261
20277, 20263
20278, 20263
20279, 20263
20280, 20265
20281, 20265
20282, 20265
20283, 20267
20284, 20267
20285, 20267
20286, 20287
20286, 20291
20287, 20286
20287, 20288
20287, 20297
20288, 20287
20288, 20289
20289, 20288
20289, 20290
20289, 20292
20290, 20289
20290, 20291
20290, 20294
20291, 20286
20291, 20290
20291, 20296
20292, 20289
20292, 20293
20293, 20292
20293, 20294
20293, 20310
20294, 20290
20294, 20293
20294, 20295
20295, 20294
20295, 20311
20295, 20312
20295, 20313
20296, 20291
20296, 20314
20296, 20315
20297, 20287
20297, 20316
20297, 20317
20298, 20299
20298, 20303
20298, 20310
20299, 20298
20299, 20300
20299, 20318
20300, 20299
20300, 20301
20300, 20304
20301, 20300
20301, 20302
20301, 20308
20302, 20301
20302, 20303
20302, 20306
20303, 20298
20303, 20302
20303, 20319
20304, 20300
20304, 20305
20305, 20304
20305, 20320
20305, 20321
20305, 20322
20306, 20302
20306, 20307
20307, 20306
20307, 20323
20307, 20324
20307, 20325
20308, 20301
20308, 20309
20309, 20308
20309, 20326
20309, 20327
20309, 20328
20310, 20293
20310, 20298
20310, 20329
20310, 20330
20311, 20295
20312, 20295
20313, 20295
20314, 20296
20315, 20296
20316, 20297
20317, 20297
20318, 20299
20319, 20303
20320, 20305
20321, 20305
20322, 20305
20323, 20307
20324, 20307
20325, 20307
20326, 20309
20327, 20309
20328, 20309
20329, 20310
20330, 20310
20372, 20373
20372, 20377
20373, 20372
20373, 20374
20373, 20335
20374, 20373
20374, 20375
20375, 20374
20375, 20376
20375, 20378
20376, 20375
20376, 20377
20376, 20332
20377, 20372
20377, 20376
20377, 20334
20378, 20375
20378, 20331
20331, 20378
20331, 20332
20331, 20348
20332, 20376
20332, 20331
20332, 20333
20333, 20332
20333, 20350
20333, 20351
20333, 20352
20334, 20377
20334, 20353
20334, 20354
20335, 20373
20335, 20355
20335, 20356
20336, 20337
20336, 20341
20336, 20349
20337, 20336
20337, 20338
20337, 20357
20338, 20337
20338, 20339
20338, 20342
20339, 20338
20339, 20340
20339, 20346
20340, 20339
20340, 20341
20340, 20344
20341, 20336
20341, 20340
20341, 20358
20342, 20338
20342, 20343
20343, 20342
20343, 20359
20343, 20360
20343, 20361
20344, 20340
20344, 20345
20345, 20344
20345, 20362
20345, 20363
20345, 20364
20346, 20339
20346, 20347
20347, 20346
20347, 20365
20347, 20366
20347, 20367
20348, 20331
20348, 20349
20348, 20368
20348, 20369
20349, 20336
20349, 20348
20349, 20370
20349, 20371
20350, 20333
20351, 20333
20352, 20333
20353, 20334
20354, 20334
20355, 20335
20356, 20335
20357, 20337
20358, 20341
20359, 20343
20360, 20343
20361, 20343
20362, 20345
20363, 20345
20364, 20345
20365, 20347
20366, 20347
20367, 20347
20368, 20348
20369, 20348
20370, 20349
20371, 20349
20379, 20380
20379, 20384
20380, 20379
20380, 20381
20380, 20389
20381, 20380
20381, 20382
20382, 20381
20382, 20383
20382, 20385
20383, 20382
20383, 20384
20383, 20387
20384, 20379
20384, 20383
20384, 20388
20385, 20382
20385, 20386
20386, 20385
20386, 20387
20386, 20402
20387, 20383
20387, 20386
20387, 20400
20388, 20384
20388, 20403
20388, 20404
20389, 20380
20389, 20405
20389, 20406
20390, 20391
20390, 20395
20390, 20401
20391, 20390
20391, 20392
20391, 20407
20392, 20391
20392, 20393
20392, 20398
20393, 20392
20393, 20394
20393, 20408
20394, 20393
20394, 20395
20394, 20409
20395, 20390
20395, 20394
20395, 20396
20396, 20395
20396, 20397
20397, 20396
20397, 20410
20397, 20411
20397, 20412
20398, 20392
20398, 20399
20399, 20398
20399, 20413
20399, 20414
20399, 20415
20400, 20387
20400, 20401
20400, 20416
20400, 20417
20401, 20390
20401, 20400
20401, 20418
20401, 20419
20402, 20386
20403, 20388
20404, 20388
20405, 20389
20406, 20389
20407, 20391
20408, 20393
20409, 20394
20410, 20397
20411, 20397
20412, 20397
20413, 20399
20414, 20399
20415, 20399
20416, 20400
20417, 20400
20418, 20401
20419, 20401
20420, 20421
20420, 20425
20421, 20420
20421, 20422
20421, 20430
20422, 20421
20422, 20423
20423, 20422
20423, 20424
20423, 20426
20424, 20423
20424, 20425
20424, 20428
20425, 20420
20425, 20424
20425, 20429
20426, 20423
20426, 20427
20427, 20426
20427, 20428
20427, 20444
20428, 20424
20428, 20427
20428, 20443
20429, 20425
20429, 20445
20429, 20446
20430, 20421
20430, 20447
20430, 20448
20431, 20432
20431, 20436
20431, 20441
20432, 20431
20432, 20433
20432, 20449
20433, 20432
20433, 20434
20433, 20439
20434, 20433
20434, 20435
20434, 20450
20435, 20434
20435, 20436
20435, 20451
20436, 20431
20436, 20435
20436, 20437
20437, 20436
20437, 20438
20438, 20437
20438, 20452
20438, 20453
20438, 20454
20439, 20433
20439, 20440
20440, 20439
20440, 20455
20440, 20456
20440, 20457
20441, 20431
20441, 20442
20441, 20458
20441, 20459
20442, 20441
20442, 20443
20442, 20460
20442, 20461
20443, 20428
20443, 20442
20443, 20462
20443, 20463
20444, 20427
20445, 20429
20446, 20429
20447, 20430
20448, 20430
20449, 20432
20450, 20434
20451, 20435
20452, 20438
20453, 20438
20454, 20438
20455, 20440
20456, 20440
20457, 20440
20458, 20441
20459, 20441
20460, 20442
20461, 20442
20462, 20443
20463, 20443
20492, 20493
20492, 20467
20493, 20492
20493, 20464
20493, 20473
20464, 20493
20464, 20465
20465, 20464
20465, 20466
20465, 20468
20466, 20465
20466, 20467
20466, 20470
20467, 20492
20467, 20466
20467, 20472
20468, 20465
20468, 20469
20469, 20468
20469, 20470
20469, 20474
20470, 20466
20470, 20469
20470, 20471
20471, 20470
20471, 20480
20471, 20481
20471, 20482
20472, 20467
20472, 20483
20472, 20484
20473, 20493
20473, 20485
20473, 20486
20474, 20469
20474, 20475
20474, 20479
20475, 20474
20475, 20476
20475, 20487
20476, 20475
20476, 20477
20476, 20488
20477, 20476
20477, 20478
20477, 20489
20478, 20477
20478, 20479
20478, 20490
20479, 20474
20479, 20478
20479, 20491
20480, 20471
20481, 20471
20482, 20471
20483, 20472
20484, 20472
20485, 20473
20486, 20473
20487, 20475
20488, 20476
20489, 20477
20490, 20478
20491, 20479
20494, 20495
20494, 20499
20495, 20494
20495, 20496
20495, 20505
20496, 20495
20496, 20497
20497, 20496
20497, 20498
20497, 20500
20498, 20497
20498, 20499
20498, 20502
20499, 20494
20499, 20498
20499, 20504
20500, 20497
20500, 20501
20501, 20500
20501, 20502
20501, 20512
20502, 20498
20502, 20501
20502, 20503
20503, 20502
20503, 20513
20503, 20514
20503, 20515
20504, 20499
20504, 20516
20504, 20517
20505, 20495
20505, 20518
20505, 20519
20506, 20507
20506, 20511
20506, 20512
20507, 20506
20507, 20508
20507, 20520
20508, 20507
20508, 20509
20508, 20521
20509, 20508
20509, 20510
20509, 20522
20510, 20509
20510, 20511
20510, 20523
20511, 20506
20511, 20510
20511, 20524
20512, 20501
20512, 20506
20512, 20525
20512, 20526
20513, 20503
20514, 20503
20515, 20503
20516, 20504
20517, 20504
20518, 20505
20519, 20505
20520, 20507
20521, 20508
20522, 20509
20523, 20510
20524, 20511
20525, 20512
20526, 20512
20527, 20528
20527, 20532
20528, 20527
20528, 20529
20528, 20537
20529, 20528
20529, 20530
20530, 20529
20530, 20531
20530, 20533
20531, 20530
20531, 20532
20531, 20535
20532, 20527
20532, 20531
20532, 20536
20533, 20530
20533, 20534
20534, 20533
20534, 20535
20534, 20544
20535, 20531
20535, 20534
20535, 20538
20536, 20532
20536, 20546
20536, 20547
20537, 20528
20537, 20548
20537, 20549
20538, 20535
20538, 20539
20538, 20543
20539, 20538
20539, 20540
20539, 20550
20540, 20539
20540, 20541
20540, 20551
20541, 20540
20541, 20542
20541, 20545
20542, 20541
20542, 20543
20542, 20552
20543, 20538
20543, 20542
20543, 20553
20544, 20534
20544, 20554
20544, 20555
20544, 20556
20545, 20541
20546, 20536
20547, 20536
20548, 20537
20549, 20537
20550, 20539
20551, 20540
20552, 20542
20553, 20543
20554, 20544
20555, 20544
20556, 20544
20583, 20584
20583, 20588
20584, 20583
20584, 20585
20584, 20560
20585, 20584
20585, 20586
20586, 20585
20586, 20587
20586, 20589
20587, 20586
20587, 20588
20587, 20558
20588, 20583
20588, 20587
20588, 20559
20589, 20586
20589, 20557
20557, 20589
20557, 20558
20557, 20567
20558, 20587
20558, 20557
20558, 20568
20559, 20588
20559, 20569
20559, 20570
20560, 20584
20560, 20571
20560, 20572
20561, 20562
20561, 20566
20561, 20568
20562, 20561
20562, 20563
20562, 20573
20563, 20562
20563, 20564
20563, 20574
20564, 20563
20564, 20565
20564, 20575
20565, 20564
20565, 20566
20565, 20576
20566, 20561
20566, 20565
20566, 20577
20567, 20557
20567, 20578
20567, 20579
20567, 20580
20568, 20558
20568, 20561
20568, 20581
20568, 20582
20569, 20559
20570, 20559
20571, 20560
20572, 20560
20573, 20562
20574, 20563
20575, 20564
20576, 20565
20577, 20566
20578, 20567
20579, 20567
20580, 20567
20581, 20568
20582, 20568
20590, 20591
20590, 20595
20591, 20590
20591, 20592
20591, 20600
20592, 20591
20592, 20593
20593, 20592
20593, 20594
20593, 20596
20594, 20593
20594, 20595
20594, 20598
20595, 20590
20595, 20594
20595, 20599
20596, 20593
20596, 20597
20597, 20596
20597, 20598
20597, 20602
20598, 20594
20598, 20597
20598, 20601
20599, 20595
20599, 20605
20599, 20606
20600, 20591
20600, 20607
20600, 20608
20601, 20598
20601, 20604
20601, 20609
20601, 20610
20602, 20597
20602, 20603
20602, 20611
20602, 20612
20603, 20602
20603, 20604
20603, 20613
20603, 20614
20604, 20601
20604, 20603
20604, 20615
20604, 20616
20605, 20599
20606, 20599
20607, 20600
20608, 20600
20609, 20601
20610, 20601
20611, 20602
20612, 20602
20613, 20603
20614, 20603
20615, 20604
20616, 20604
20617, 20618
20617, 20622
20618, 20617
20618, 20619
20618, 20627
20619, 20618
20619, 20620
20620, 20619
20620, 20621
20620, 20623
20621, 20620
20621, 20622
20621, 20625
20622, 20617
20622, 20621
20622, 20626
20623, 20620
20623, 20624
20624, 20623
20624, 20625
20624, 20628
20625, 20621
20625, 20624
20625, 20632
20626, 20622
20626, 20633
20626, 20634
20627, 20618
20627, 20635
20627, 20636
20628, 20624
20628, 20629
20628, 20637
20628, 20638
20629, 20628
20629, 20630
20629, 20639
20629, 20640
20630, 20629
20630, 20631
20630, 20641
20630, 20642
20631, 20630
20631, 20632
20631, 20643
20631, 20644
20632, 20625
20632, 20631
20632, 20645
20632, 20646
20633, 20626
20634, 20626
20635, 20627
20636, 20627
20637, 20628
20638, 20628
20639, 20629
20640, 20629
20641, 20630
20642, 20630
20643, 20631
20644, 20631
20645, 20632
20646, 20632
20647, 20648
20647, 20652
20648, 20647
20648, 20649
20648, 20657
20649, 20648
20649, 20650
20650, 20649
20650, 20651
20650, 20653
20651, 20650
20651, 20652
20651, 20655
20652, 20647
20652, 20651
20652, 20656
20653, 20650
20653, 20654
20654, 20653
20654, 20655
20654, 20659
20655, 20651
20655, 20654
20655, 20658
20656, 20652
20656, 20664
20656, 20665
20657, 20648
20657, 20666
20657, 20667
20658, 20655
20658, 20663
20658, 20668
20658, 20669
20659, 20654
20659, 20660
20659, 20670
20659, 20671
20660, 20659
20660, 20661
20660, 20672
20660, 20673
20661, 20660
20661, 20662
20661, 20674
20661, 20675
20662, 20661
20662, 20663
20662, 20676
20662, 20677
20663, 20658
20663, 20662
20663, 20678
20663, 20679
20664, 20656
20665, 20656
20666, 20657
20667, 20657
20668, 20658
20669, 20658
20670, 20659
20671, 20659
20672, 20660
20673, 20660
20674, 20661
20675, 20661
20676, 20662
20677, 20662
20678, 20663
20679, 20663
20713, 20714
20713, 20718
20714, 20713
20714, 20715
20714, 20723
20715, 20714
20715, 20716
20716, 20715
20716, 20717
20716, 20719
20717, 20716
20717, 20718
20717, 20721
20718, 20713
20718, 20717
20718, 20722
20719, 20716
20719, 20720
20720, 20719
20720, 20721
20720, 20688
20721, 20717
20721, 20720
20721, 20724
20722, 20718
20722, 20689
20722, 20690
20723, 20714
20723, 20691
20723, 20692
20724, 20721
20724, 20680
20724, 20693
20724, 20694
20680, 20724
20680, 20681
20680, 20695
20680, 20696
20681, 20680
20681, 20682
20681, 20697
20681, 20698
20682, 20681
20682, 20683
20682, 20699
20682, 20700
20683, 20682
20683, 20684
20683, 20701
20683, 20702
20684, 20683
20684, 20685
20684, 20703
20684, 20704
20685, 20684
20685, 20686
20685, 20705
20685, 20706
20686, 20685
20686, 20687
20686, 20707
20686, 20708
20687, 20686
20687, 20688
20687, 20709
20687, 20710
20688, 20720
20688, 20687
20688, 20711
20688, 20712
20689, 20722
20690, 20722
20691, 20723
20692, 20723
20693, 20724
20694, 20724
20695, 20680
20696, 20680
20697, 20681
20698, 20681
20699, 20682
20700, 20682
20701, 20683
20702, 20683
20703, 20684
20704, 20684
20705, 20685
20706, 20685
20707, 20686
20708, 20686
20709, 20687
20710, 20687
20711, 20688
20712, 20688
20725, 20726
20725, 20730
20726, 20725
20726, 20727
20726, 20735
20727, 20726
20727, 20728
20728, 20727
20728, 20729
20728, 20731
20729, 20728
20729, 20730
20729, 20733
20730, 20725
20730, 20729
20730, 20734
20731, 20728
20731, 20732
20732, 20731
20732, 20733
20732, 20737
20733, 20729
20733, 20732
20733, 20736
20734, 20730
20734, 20746
20734, 20747
20735, 20726
20735, 20748
20735, 20749
20736, 20733
20736, 20739
20736, 20750
20736, 20751
20737, 20732
20737, 20738
20737, 20752
20737, 20753
20738, 20737
20738, 20739
20738, 20740
20739, 20736
20739, 20738
20739, 20754
20739, 20755
20740, 20738
20740, 20741
20740, 20745
20741, 20740
20741, 20742
20741, 20756
20742, 20741
20742, 20743
20742, 20757
20743, 20742
20743, 20744
20743, 20758
20744, 20743
20744, 20745
20744, 20759
20745, 20740
20745, 20744
20745, 20760
20746, 20734
20747, 20734
20748, 20735
20749, 20735
20750, 20736
20751, 20736
20752, 20737
20753, 20737
20754, 20739
20755, 20739
20756, 20741
20757, 20742
20758, 20743
20759, 20744
20760, 20745
20792, 20793
20792, 20797
20793, 20792
20793, 20794
20793, 20802
20794, 20793
20794, 20795
20795, 20794
20795, 20796
20795, 20798
20796, 20795
20796, 20797
20796, 20800
20797, 20792
20797, 20796
20797, 20801
20798, 20795
20798, 20799
20799, 20798
20799, 20800
20799, 20773
20800, 20796
20800, 20799
20800, 20771
20801, 20797
20801, 20774
20801, 20775
20802, 20793
20802, 20776
20802, 20777
20803, 20804
20803, 20763
20803, 20772
20804, 20803
20804, 20805
20804, 20764
20805, 20804
20805, 20761
20805, 20769
20761, 20805
20761, 20762
20761, 20767
20762, 20761
20762, 20763
20762, 20765
20763, 20803
20763, 20762
20763, 20778
20764, 20804
20765, 20762
20765, 20766
20766, 20765
20766, 20779
20766, 20780
20766, 20781
20767, 20761
20767, 20768
20768, 20767
20768, 20782
20768, 20783
20768, 20784
20769, 20805
20769, 20770
20770, 20769
20770, 20785
20770, 20786
20770, 20787
20771, 20800
20771, 20772
20771, 20788
20771, 20789
20772, 20803
20772, 20771
20772, 20790
20772, 20791
20773, 20799
20774, 20801
20775, 20801
20776, 20802
20777, 20802
20778, 20763
20779, 20766
20780, 20766
20781, 20766
20782, 20768
20783, 20768
20784, 20768
20785, 20770
20786, 20770
20787, 20770
20788, 20771
20789, 20771
20790, 20772
20791, 20772
20806, 20807
20806, 20811
20807, 20806
20807, 20808
20807, 20817
20808, 20807
20808, 20809
20809, 20808
20809, 20810
20809, 20812
20810, 20809
20810, 20811
20810, 20814
20811, 20806
20811, 20810
20811, 20816
20812, 20809
20812, 20813
20812, 20823
20813, 20812
20813, 20814
20813, 20824
20814, 20810
20814, 20813
20814, 20815
20815, 20814
20815, 20818
20815, 20822
20816, 20811
20816, 20825
20816, 20826
20817, 20807
20817, 20827
20817, 20828
20818, 20815
20818, 20819
20818, 20829
20819, 20818
20819, 20820
20819, 20830
20820, 20819
20820, 20821
20820, 20831
20821, 20820
20821, 20822
20821, 20832
20822, 20815
20822, 20821
20822, 20833
20823, 20812
20824, 20813
20825, 20816
20826, 20816
20827, 20817
20828, 20817
20829, 20818
20830, 20819
20831, 20820
20832, 20821
20833, 20822
20863, 20864
20863, 20868
20864, 20863
20864, 20865
20864, 20834
20865, 20864
20865, 20866
20866, 20865
20866, 20867
20866, 20869
20867, 20866
20867, 20868
20867, 20871
20868, 20863
20868, 20867
20868, 20873
20869, 20866
20869, 20870
20869, 20846
20870, 20869
20870, 20871
20870, 20847
20871, 20867
20871, 20870
20871, 20872
20872, 20871
20872, 20835
20872, 20839
20873, 20868
20873, 20848
20873, 20849
20834, 20864
20834, 20850
20834, 20851
20835, 20872
20835, 20836
20835, 20852
20836, 20835
20836, 20837
20836, 20842
20837, 20836
20837, 20838
20837, 20840
20838, 20837
20838, 20839
20838, 20844
20839, 20872
20839, 20838
20839, 20853
20840, 20837
20840, 20841
20841, 20840
20841, 20854
20841, 20855
20841, 20856
20842, 20836
20842, 20843
20843, 20842
20843, 20857
20843, 20858
20843, 20859
20844, 20838
20844, 20845
20845, 20844
20845, 20860
20845, 20861
20845, 20862
20846, 20869
20847, 20870
20848, 20873
20849, 20873
20850, 20834
20851, 20834
20852, 20835
20853, 20839
20854, 20841
20855, 20841
20856, 20841
20857, 20843
20858, 20843
20859, 20843
20860, 20845
20861, 20845
20862, 20845
20874, 20875
20874, 20879
20875, 20874
20875, 20876
20875, 20885
20876, 20875
20876, 20877
20877, 20876
20877, 20878
20877, 20880
20878, 20877
20878, 20879
20878, 20882
20879, 20874
20879, 20878
20879, 20884
20880, 20877
20880, 20881
20881, 20880
20881, 20882
20881, 20901
20882, 20878
20882, 20881
20882, 20883
20883, 20882
20883, 20886
20883, 20902
20883, 20903
20884, 20879
20884, 20904
20884, 20905
20885, 20875
20885, 20906
20885, 20907
20886, 20883
20886, 20887
20886, 20908
20887, 20886
20887, 20888
20887, 20892
20888, 20887
20888, 20889
20888, 20893
20889, 20888
20889, 20890
20889, 20896
20890, 20889
20890, 20891
20890, 20909
20891, 20890
20891, 20892
20891, 20910
20892, 20887
20892, 20891
20892, 20911
20893, 20888
20893, 20894
20893, 20912
20894, 20893
20894, 20895
20894, 20897
20895, 20894
20895, 20896
20895, 20900
20896, 20889
20896, 20895
20896, 20913
20897, 20894
20897, 20898
20897, 20914
20898, 20897
20898, 20899
20898, 20915
20899, 20898
20899, 20900
20899, 20916
20900, 20895
20900, 20899
20900, 20917
20901, 20881
20902, 20883
20903, 20883
20904, 20884
20905, 20884
20906, 20885
20907, 20885
20908, 20886
20909, 20890
20910, 20891
20911, 20892
20912, 20893
20913, 20896
20914, 20897
20915, 20898
20916, 20899
20917, 20900
20918, 20919
20918, 20923
20919, 20918
20919, 20920
20919, 20929
20920, 20919
20920, 20921
20921, 20920
20921, 20922
20921, 20924
20922, 20921
20922, 20923
20922, 20926
20923, 20918
20923, 20922
20923, 20928
20924, 20921
20924, 20925
20925, 20924
20925, 20926
20925, 20945
20926, 20922
20926, 20925
20926, 20927
20927, 20926
20927, 20930
20927, 20946
20927, 20947
20928, 20923
20928, 20948
20928, 20949
20929, 20919
20929, 20950
20929, 20951
20930, 20927
20930, 20931
20930, 20952
20931, 20930
20931, 20932
20931, 20936
20932, 20931
20932, 20933
20932, 20953
20933, 20932
20933, 20934
20933, 20937
20934, 20933
20934, 20935
20934, 20940
20935, 20934
20935, 20936
20935, 20954
20936, 20931
20936, 20935
20936, 20955
20937, 20933
20937, 20938
20937, 20956
20938, 20937
20938, 20939
20938, 20941
20939, 20938
20939, 20940
20939, 20944
20940, 20934
20940, 20939
20940, 20957
20941, 20938
20941, 20942
20941, 20958
20942, 20941
20942, 20943
20942, 20959
20943, 20942
20943, 20944
20943, 20960
20944, 20939
20944, 20943
20944, 20961
20945, 20925
20946, 20927
20947, 20927
20948, 20928
20949, 20928
20950, 20929
20951, 20929
20952, 20930
20953, 20932
20954, 20935
20955, 20936
20956, 20937
20957, 20940
20958, 20941
20959, 20942
20960, 20943
20961, 20944
20994, 20995
20994, 20999
20995, 20994
20995, 20996
20995, 20962
20996, 20995
20996, 20997
20997, 20996
20997, 20998
20997, 21000
20998, 20997
20998, 20999
20998, 21002
20999, 20994
20999, 20998
20999, 21004
21000, 20997
21000, 21001
21001, 21000
21001, 21002
21001, 20977
21002, 20998
21002, 21001
21002, 21003
21003, 21002
21003, 20963
21003, 20978
21003, 20979
21004, 20999
21004, 20980
21004, 20981
20962, 20995
20962, 20982
20962, 20983
20963, 21003
20963, 20964
20963, 20984
20964, 20963
20964, 20965
20964, 20969
20965, 20964
20965, 20966
20965, 20970
20966, 20965
20966, 20967
20966, 20972
20967, 20966
20967, 20968
20967, 20985
20968, 20967
20968, 20969
20968, 20986
20969, 20964
20969, 20968
20969, 20987
20970, 20965
20970, 20971
20970, 20988
20970, 20989
20971, 20970
20971, 20972
20971, 20973
20972, 20966
20972, 20971
20972, 20976
20973, 20971
20973, 20974
20973, 20990
20974, 20973
20974, 20975
20974, 20991
20975, 20974
20975, 20976
20975, 20992
20976, 20972
20976, 20975
20976, 20993
20977, 21001
20978, 21003
20979, 21003
20980, 21004
20981, 21004
20982, 20962
20983, 20962
20984, 20963
20985, 20967
20986, 20968
20987, 20969
20988, 20970
20989, 20970
20990, 20973
20991, 20974
20992, 20975
20993, 20976
21005, 21006
21005, 21010
21006, 21005
21006, 21007
21006, 21016
21007, 21006
21007, 21008
21008, 21007
21008, 21009
21008, 21011
21009, 21008
21009, 21010
21009, 21013
21010, 21005
21010, 21009
21010, 21015
21011, 21008
21011, 21012
21012, 21011
21012, 21013
21012, 21031
21013, 21009
21013, 21012
21013, 21014
21014, 21013
21014, 21017
21014, 21032
21014, 21033
21015, 21010
21015, 21034
21015, 21035
21016, 21006
21016, 21036
21016, 21037
21017, 21014
21017, 21023
21017, 21038
21018, 21019
21018, 21023
21018, 21039
21019, 21018
21019, 21020
21019, 21024
21020, 21019
21020, 21021
21020, 21026
21021, 21020
21021, 21022
21021, 21040
21022, 21021
21022, 21023
21022, 21041
21023, 21017
21023, 21018
21023, 21022
21024, 21019
21024, 21025
21024, 21042
21024, 21043
21025, 21024
21025, 21026
21025, 21027
21026, 21020
21026, 21025
21026, 21030
21027, 21025
21027, 21028
21027, 21044
21028, 21027
21028, 21029
21028, 21045
21029, 21028
21029, 21030
21029, 21046
21030, 21026
21030, 21029
21030, 21047
21031, 21012
21032, 21014
21033, 21014
21034, 21015
21035, 21015
21036, 21016
21037, 21016
21038, 21017
21039, 21018
21040, 21021
21041, 21022
21042, 21024
21043, 21024
21044, 21027
21045, 21028
21046, 21029
21047, 21030
21048, 21049
21048, 21053
21049, 21048
21049, 21050
21049, 21059
21050, 21049
21050, 21051
21051, 21050
21051, 21052
21051, 21054
21052, 21051
21052, 21053
21052, 21056
21053, 21048
21053, 21052
21053, 21058
21054, 21051
21054, 21055
21055, 21054
21055, 21056
21055, 21076
21056, 21052
21056, 21055
21056, 21057
21057, 21056
21057, 21060
21057, 21077
21057, 21078
21058, 21053
21058, 21079
21058, 21080
21059, 21049
21059, 21081
21059, 21082
21060, 21057
21060, 21066
21060, 21083
21061, 21062
21061, 21066
21061, 21084
21062, 21061
21062, 21063
21062, 21067
21063, 21062
21063, 21064
21063, 21069
21064, 21063
21064, 21065
21064, 21085
21065, 21064
21065, 21066
21065, 21074
21066, 21060
21066, 21061
21066, 21065
21067, 21062
21067, 21068
21068, 21067
21068, 21069
21068, 21070
21069, 21063
21069, 21068
21069, 21073
21070, 21068
21070, 21071
21070, 21086
21071, 21070
21071, 21072
21071, 21087
21072, 21071
21072, 21073
21072, 21088
21073, 21069
21073, 21072
21073, 21089
21074, 21065
21074, 21075
21075, 21074
21075, 21090
21075, 21091
21075, 21092
21076, 21055
21077, 21057
21078, 21057
21079, 21058
21080, 21058
21081, 21059
21082, 21059
21083, 21060
21084, 21061
21085, 21064
21086, 21070
21087, 21071
21088, 21072
21089, 21073
21090, 21075
21091, 21075
21092, 21075
21133, 21134
21133, 21138
21134, 21133
21134, 21135
21134, 21096
21135, 21134
21135, 21136
21136, 21135
21136, 21137
21136, 21139
21137, 21136
21137, 21138
21137, 21093
21138, 21133
21138, 21137
21138, 21095
21139, 21136
21139, 21140
21140, 21139
21140, 21093
21140, 21113
21093, 21137
21093, 21140
21093, 21094
21094, 21093
21094, 21097
21094, 21114
21094, 21115
21095, 21138
21095, 21116
21095, 21117
21096, 21134
21096, 21118
21096, 21119
21097, 21094
21097, 21102
21097, 21120
21098, 21099
21098, 21103
21098, 21121
21099, 21098
21099, 21100
21099, 21104
21100, 21099
21100, 21101
21100, 21106
21101, 21100
21101, 21102
21101, 21122
21102, 21097
21102, 21101
21102, 21103
21103, 21098
21103, 21102
21103, 21123
21104, 21099
21104, 21105
21104, 21111
21105, 21104
21105, 21106
21105, 21107
21106, 21100
21106, 21105
21106, 21110
21107, 21105
21107, 21108
21107, 21124
21108, 21107
21108, 21109
21108, 21125
21109, 21108
21109, 21110
21109, 21126
21110, 21106
21110, 21109
21110, 21127
21111, 21104
21111, 21112
21111, 21128
21111, 21129
21112, 21111
21112, 21130
21112, 21131
21112, 21132
21113, 21140
21114, 21094
21115, 21094
21116, 21095
21117, 21095
21118, 21096
21119, 21096
21120, 21097
21121, 21098
21122, 21101
21123, 21103
21124, 21107
21125, 21108
21126, 21109
21127, 21110
21128, 21111
21129, 21111
21130, 21112
21131, 21112
21132, 21112
21141, 21142
21141, 21146
21142, 21141
21142, 21143
21142, 21152
21143, 21142
21143, 21144
21144, 21143
21144, 21145
21144, 21147
21145, 21144
21145, 21146
21145, 21149
21146, 21141
21146, 21145
21146, 21151
21147, 21144
21147, 21148
21148, 21147
21148, 21149
21148, 21168
21149, 21145
21149, 21148
21149, 21150
21150, 21149
21150, 21153
21150, 21169
21150, 21170
21151, 21146
21151, 21171
21151, 21172
21152, 21142
21152, 21173
21152, 21174
21153, 21150
21153, 21159
21153, 21175
21154, 21155
21154, 21159
21154, 21176
21155, 21154
21155, 21156
21155, 21160
21156, 21155
21156, 21157
21156, 21162
21157, 21156
21157, 21158
21157, 21177
21158, 21157
21158, 21159
21158, 21178
21159, 21153
21159, 21154
21159, 21158
21160, 21155
21160, 21161
21160, 21167
21160, 21179
21161, 21160
21161, 21162
21161, 21163
21162, 21156
21162, 21161
21162, 21166
21163, 21161
21163, 21164
21163, 21180
21164, 21163
21164, 21165
21164, 21181
21165, 21164
21165, 21166
21165, 21182
21166, 21162
21166, 21165
21166, 21183
21167, 21160
21167, 21184
21168, 21148
21169, 21150
21170, 21150
21171, 21151
21172, 21151
21173, 21152
21174, 21152
21175, 21153
21176, 21154
21177, 21157
21178, 21158
21179, 21160
21180, 21163
21181, 21164
21182, 21165
21183, 21166
21184, 21167
21185, 21186
21185, 21190
21186, 21185
21186, 21187
21186, 21196
21187, 21186
21187, 21188
21188, 21187
21188, 21189
21188, 21191
21189, 21188
21189, 21190
21189, 21193
21190, 21185
21190, 21189
21190, 21195
21191, 21188
21191, 21192
21192, 21191
21192, 21193
21192, 21212
21193, 21189
21193, 21192
21193, 21194
21194, 21193
21194, 21197
21194, 21213
21194, 21214
21195, 21190
21195, 21215
21195, 21216
21196, 21186
21196, 21217
21196, 21218
21197, 21194
21197, 21203
21197, 21219
21198, 21199
21198, 21203
21198, 21220
21199, 21198
21199, 21200
21199, 21204
21200, 21199
21200, 21201
21200, 21206
21201, 21200
21201, 21202
21201, 21221
21202, 21201
21202, 21203
21202, 21222
21203, 21197
21203, 21198
21203, 21202
21204, 21199
21204, 21205
21204, 21211
21205, 21204
21205, 21206
21205, 21207
21206, 21200
21206, 21205
21206, 21210
21207, 21205
21207, 21208
21207, 21223
21208, 21207
21208, 21209
21208, 21224
21209, 21208
21209, 21210
21209, 21225
21210, 21206
21210, 21209
21210, 21226
21211, 21204
21212, 21192
21213, 21194
21214, 21194
21215, 21195
21216, 21195
21217, 21196
21218, 21196
21219, 21197
21220, 21198
21221, 21201
21222, 21202
21223, 21207
21224, 21208
21225, 21209
21226, 21210
21267, 21268
21267, 21230
21268, 21267
21268, 21227
21268, 21236
21227, 21268
21227, 21228
21228, 21227
21228, 21229
21228, 21231
21229, 21228
21229, 21230
21229, 21233
21230, 21267
21230, 21229
21230, 21235
21231, 21228
21231, 21232
21232, 21231
21232, 21233
21232, 21252
21233, 21229
21233, 21232
21233, 21234
21234, 21233
21234, 21237
21234, 21253
21234, 21254
21235, 21230
21235, 21255
21235, 21256
21236, 21268
21236, 21257
21236, 21258
21237, 21234
21237, 21241
21237, 21259
21238, 21239
21238, 21243
21238, 21260
21239, 21238
21239, 21240
21239, 21244
21240, 21239
21240, 21241
21240, 21246
21241, 21237
21241, 21240
21241, 21242
21242, 21241
21242, 21243
21242, 21261
21243, 21238
21243, 21242
21243, 21262
21244, 21239
21244, 21245
21244, 21251
21245, 21244
21245, 21246
21245, 21247
21246, 21240
21246, 21245
21246, 21250
21247, 21245
21247, 21248
21247, 21263
21248, 21247
21248, 21249
21248, 21264
21249, 21248
21249, 21250
21249, 21265
21250, 21246
21250, 21249
21250, 21266
21251, 21244
21252, 21232
21253, 21234
21254, 21234
21255, 21235
21256, 21235
21257, 21236
21258, 21236
21259, 21237
21260, 21238
21261, 21242
21262, 21243
21263, 21247
21264, 21248
21265, 21249
21266, 21250
21269, 21270
21269, 21274
21270, 21269
21270, 21271
21270, 21280
21271, 21270
21271, 21272
21272, 21271
21272, 21273
21272, 21275
21273, 21272
21273, 21274
21273, 21277
21274, 21269
21274, 21273
21274, 21279
21275, 21272
21275, 21276
21276, 21275
21276, 21277
21276, 21298
21277, 21273
21277, 21276
21277, 21278
21278, 21277
21278, 21281
21278, 21299
21278, 21300
21279, 21274
21279, 21301
21279, 21302
21280, 21270
21280, 21303
21280, 21304
21281, 21278
21281, 21287
21281, 21297
21282, 21283
21282, 21287
21282, 21305
21283, 21282
21283, 21284
21283, 21288
21284, 21283
21284, 21285
21284, 21290
21285, 21284
21285, 21286
21285, 21306
21286, 21285
21286, 21287
21286, 21295
21287, 21281
21287, 21282
21287, 21286
21288, 21283
21288, 21289
21289, 21288
21289, 21290
21289, 21291
21290, 21284
21290, 21289
21290, 21294
21291, 21289
21291, 21292
21291, 21307
21292, 21291
21292, 21293
21292, 21308
21293, 21292
21293, 21294
21293, 21309
21294, 21290
21294, 21293
21294, 21310
21295, 21286
21295, 21296
21296, 21295
21296, 21311
21296, 21312
21296, 21313
21297, 21281
21297, 21314
21297, 21315
21297, 21316
21298, 21276
21299, 21278
21300, 21278
21301, 21279
21302, 21279
21303, 21280
21304, 21280
21305, 21282
21306, 21285
21307, 21291
21308, 21292
21309, 21293
21310, 21294
21311, 21296
21312, 21296
21313, 21296
21314, 21297
21315, 21297
21316, 21297
21328, 21329
21328, 21333
21329, 21328
21329, 21330
21329, 21339
21330, 21329
21330, 21331
21331, 21330
21331, 21332
21331, 21334
21332, 21331
21332, 21333
21332, 21336
21333, 21328
21333, 21332
21333, 21338
21334, 21331
21334, 21335
21335, 21334
21335, 21336
21335, 21357
21336, 21332
21336, 21335
21336, 21337
21337, 21336
21337, 21340
21337, 21358
21337, 21359
21338, 21333
21338, 21360
21338, 21361
21339, 21329
21339, 21362
21339, 21363
21340, 21337
21340, 21345
21340, 21356
21341, 21342
21341, 21346
21341, 21364
21342, 21341
21342, 21343
21342, 21347
21343, 21342
21343, 21344
21343, 21349
21344, 21343
21344, 21345
21344, 21365
21345, 21340
21345, 21344
21345, 21346
21346, 21341
21346, 21345
21346, 21366
21347, 21342
21347, 21348
21347, 21354
21348, 21347
21348, 21349
21348, 21350
21349, 21343
21349, 21348
21349, 21353
21350, 21348
21350, 21351
21350, 21367
21351, 21350
21351, 21352
21351, 21317
21352, 21351
21352, 21353
21352, 21318
21353, 21349
21353, 21352
21353, 21319
21354, 21347
21354, 21355
21354, 21320
21354, 21321
21355, 21354
21355, 21322
21355, 21323
21355, 21324
21356, 21340
21356, 21325
21356, 21326
21356, 21327
21357, 21335
21358, 21337
21359, 21337
21360, 21338
21361, 21338
21362, 21339
21363, 21339
21364, 21341
21365, 21344
21366, 21346
21367, 21350
21317, 21351
21318, 21352
21319, 21353
21320, 21354
21321, 21354
21322, 21355
21323, 21355
21324, 21355
21325, 21356
21326, 21356
21327, 21356
21368, 21369
21368, 21373
21369, 21368
21369, 21370
21369, 21379
21370, 21369
21370, 21371
21371, 21370
21371, 21372
21371, 21374
21372, 21371
21372, 21373
21372, 21376
21373, 21368
21373, 21372
21373, 21378
21374, 21371
21374, 21375
21375, 21374
21375, 21376
21375, 21393
21376, 21372
21376, 21375
21376, 21377
21377, 21376
21377, 21380
21377, 21394
21377, 21395
21378, 21373
21378, 21396
21378, 21397
21379, 21369
21379, 21398
21379, 21399
21380, 21377
21380, 21381
21381, 21380
21381, 21382
21381, 21386
21382, 21381
21382, 21383
21382, 21387
21383, 21382
21383, 21384
21383, 21400
21384, 21383
21384, 21385
21384, 21401
21385, 21384
21385, 21386
21385, 21402
21386, 21381
21386, 21385
21386, 21403
21387, 21382
21387, 21388
21387, 21392
21388, 21387
21388, 21389
21388, 21404
21389, 21388
21389, 21390
21389, 21405
21390, 21389
21390, 21391
21390, 21406
21391, 21390
21391, 21392
21391, 21407
21392, 21387
21392, 21391
21392, 21408
21393, 21375
21394, 21377
21395, 21377
21396, 21378
21397, 21378
21398, 21379
21399, 21379
21400, 21383
21401, 21384
21402, 21385
21403, 21386
21404, 21388
21405, 21389
21406, 21390
21407, 21391
21408, 21392
21409, 21410
21409, 21414
21410, 21409
21410, 21411
21410, 21420
21411, 21410
21411, 21412
21412, 21411
21412, 21413
21412, 21415
21413, 21412
21413, 21414
21413, 21417
21414, 21409
21414, 21413
21414, 21419
21415, 21412
21415, 21416
21416, 21415
21416, 21417
21416, 21434
21417, 21413
21417, 21416
21417, 21418
21418, 21417
21418, 21421
21418, 21435
21418, 21436
21419, 21414
21419, 21437
21419, 21438
21420, 21410
21420, 21439
21420, 21440
21421, 21418
21421, 21422
21422, 21421
21422, 21423
21422, 21427
21423, 21422
21423, 21424
21423, 21441
21424, 21423
21424, 21425
21424, 21428
21425, 21424
21425, 21426
21425, 21442
21426, 21425
21426, 21427
21426, 21443
21427, 21422
21427, 21426
21427, 21444
21428, 21424
21428, 21429
21428, 21433
21429, 21428
21429, 21430
21429, 21445
21430, 21429
21430, 21431
21430, 21446
21431, 21430
21431, 21432
21431, 21447
21432, 21431
21432, 21433
21432, 21448
21433, 21428
21433, 21432
21433, 21449
21434, 21416
21435, 21418
21436, 21418
21437, 21419
21438, 21419
21439, 21420
21440, 21420
21441, 21423
21442, 21425
21443, 21426
21444, 21427
21445, 21429
21446, 21430
21447, 21431
21448, 21432
21449, 21433
21456, 21457
21456, 21461
21457, 21456
21457, 21458
21457, 21467
21458, 21457
21458, 21459
21459, 21458
21459, 21460
21459, 21462
21460, 21459
21460, 21461
21460, 21464
21461, 21456
21461, 21460
21461, 21466
21462, 21459
21462, 21463
21463, 21462
21463, 21464
21463, 21481
21464, 21460
21464, 21463
21464, 21465
21465, 21464
21465, 21468
21465, 21482
21465, 21483
21466, 21461
21466, 21484
21466, 21485
21467, 21457
21467, 21486
21467, 21487
21468, 21465
21468, 21469
21469, 21468
21469, 21470
21469, 21474
21470, 21469
21470, 21471
21470, 21488
21471, 21470
21471, 21472
21471, 21489
21472, 21471
21472, 21473
21472, 21475
21473, 21472
21473, 21474
21473, 21490
21474, 21469
21474, 21473
21474, 21450
21475, 21472
21475, 21476
21475, 21480
21476, 21475
21476, 21477
21476, 21451
21477, 21476
21477, 21478
21477, 21452
21478, 21477
21478, 21479
21478, 21453
21479, 21478
21479, 21480
21479, 21454
21480, 21475
21480, 21479
21480, 21455
21481, 21463
21482, 21465
21483, 21465
21484, 21466
21485, 21466
21486, 21467
21487, 21467
21488, 21470
21489, 21471
21490, 21473
21450, 21474
21451, 21476
21452, 21477
21453, 21478
21454, 21479
21455, 21480
21491, 21492
21491, 21496
21492, 21491
21492, 21493
21492, 21502
21493, 21492
21493, 21494
21494, 21493
21494, 21495
21494, 21497
21495, 21494
21495, 21496
21495, 21499
21496, 21491
21496, 21495
21496, 21501
21497, 21494
21497, 21498
21498, 21497
21498, 21499
21498, 21517
21499, 21495
21499, 21498
21499, 21500
21500, 21499
21500, 21503
21500, 21518
21500, 21519
21501, 21496
21501, 21520
21501, 21521
21502, 21492
21502, 21522
21502, 21523
21503, 21500
21503, 21504
21504, 21503
21504, 21505
21504, 21509
21505, 21504
21505, 21506
21505, 21524
21506, 21505
21506, 21507
21506, 21516
21507, 21506
21507, 21508
21507, 21525
21508, 21507
21508, 21509
21508, 21526
21509, 21504
21509, 21508
21509, 21527
21510, 21511
21510, 21515
21510, 21516
21511, 21510
21511, 21512
21511, 21528
21512, 21511
21512, 21513
21512, 21529
21513, 21512
21513, 21514
21513, 21530
21514, 21513
21514, 21515
21514, 21531
21515, 21510
21515, 21514
21515, 21532
21516, 21506
21516, 21510
21517, 21498
21518, 21500
21519, 21500
21520, 21501
21521, 21501
21522, 21502
21523, 21502
21524, 21505
21525, 21507
21526, 21508
21527, 21509
21528, 21511
21529, 21512
21530, 21513
21531, 21514
21532, 21515
21533, 21534
21533, 21538
21534, 21533
21534, 21535
21534, 21544
21535, 21534
21535, 21536
21536, 21535
21536, 21537
21536, 21539
21537, 21536
21537, 21538
21537, 21541
21538, 21533
21538, 21537
21538, 21543
21539, 21536
21539, 21540
21540, 21539
21540, 21541
21540, 21559
21541, 21537
21541, 21540
21541, 21542
21542, 21541
21542, 21545
21542, 21560
21542, 21561
21543, 21538
21543, 21562
21543, 21563
21544, 21534
21544, 21564
21544, 21565
21545, 21542
21545, 21546
21546, 21545
21546, 21547
21546, 21551
21547, 21546
21547, 21548
21547, 21558
21548, 21547
21548, 21549
21548, 21566
21549, 21548
21549, 21550
21549, 21567
21550, 21549
21550, 21551
21550, 21568
21551, 21546
21551, 21550
21551, 21569
21552, 21553
21552, 21557
21552, 21558
21553, 21552
21553, 21554
21553, 21570
21554, 21553
21554, 21555
21554, 21571
21555, 21554
21555, 21556
21555, 21572
21556, 21555
21556, 21557
21556, 21573
21557, 21552
21557, 21556
21557, 21574
21558, 21547
21558, 21552
21559, 21540
21560, 21542
21561, 21542
21562, 21543
21563, 21543
21564, 21544
21565, 21544
21566, 21548
21567, 21549
21568, 21550
21569, 21551
21570, 21553
21571, 21554
21572, 21555
21573, 21556
21574, 21557
21579, 21580
21579, 21584
21580, 21579
21580, 21581
21580, 21590
21581, 21580
21581, 21582
21582, 21581
21582, 21583
21582, 21585
21583, 21582
21583, 21584
21583, 21587
21584, 21579
21584, 21583
21584, 21589
21585, 21582
21585, 21586
21586, 21585
21586, 21587
21586, 21605
21587, 21583
21587, 21586
21587, 21588
21588, 21587
21588, 21591
21588, 21606
21588, 21607
21589, 21584
21589, 21608
21589, 21609
21590, 21580
21590, 21610
21590, 21611
21591, 21588
21591, 21592
21592, 21591
21592, 21593
21592, 21597
21593, 21592
21593, 21594
21593, 21612
21594, 21593
21594, 21595
21594, 21613
21595, 21594
21595, 21596
21595, 21604
21596, 21595
21596, 21597
21596, 21614
21597, 21592
21597, 21596
21597, 21615
21598, 21599
21598, 21603
21598, 21604
21599, 21598
21599, 21600
21599, 21616
21600, 21599
21600, 21601
21600, 21575
21601, 21600
21601, 21602
21601, 21576
21602, 21601
21602, 21603
21602, 21577
21603, 21598
21603, 21602
21603, 21578
21604, 21595
21604, 21598
21605, 21586
21606, 21588
21607, 21588
21608, 21589
21609, 21589
21610, 21590
21611, 21590
21612, 21593
21613, 21594
21614, 21596
21615, 21597
21616, 21599
21575, 21600
21576, 21601
21577, 21602
21578, 21603
21617, 21618
21617, 21622
21617, 21637
21618, 21617
21618, 21619
21618, 21628
21619, 21618
21619, 21620
21620, 21619
21620, 21621
21620, 21623
21621, 21620
21621, 21622
21621, 21625
21622, 21617
21622, 21621
21622, 21627
21623, 21620
21623, 21624
21623, 21638
21624, 21623
21624, 21625
21624, 21630
21625, 21621
21625, 21624
21625, 21626
21626, 21625
21626, 21629
21627, 21622
21628, 21618
21628, 21639
21628, 21640
21629, 21626
21629, 21631
21629, 21635
21630, 21624
21630, 21641
21630, 21642
21630, 21643
21631, 21629
21631, 21632
21631, 21644
21632, 21631
21632, 21633
21632, 21645
21633, 21632
21633, 21634
21633, 21636
21634, 21633
21634, 21635
21634, 21646
21635, 21629
21635, 21634
21635, 21647
21636, 21633
21637, 21617
21638, 21623
21639, 21628
21640, 21628
21641, 21630
21642, 21630
21643, 21630
21644, 21631
21645, 21632
21646, 21634
21647, 21635
21648, 21649
21648, 21653
21648, 21670
21649, 21648
21649, 21650
21649, 21659
21650, 21649
21650, 21651
21651, 21650
21651, 21652
21651, 21654
21652, 21651
21652, 21653
21652, 21656
21653, 21648
21653, 21652
21653, 21658
21654, 21651
21654, 21655
21654, 21671
21655, 21654
21655, 21656
21655, 21661
21656, 21652
21656, 21655
21656, 21657
21657, 21656
21657, 21660
21658, 21653
21659, 21649
21659, 21672
21659, 21673
21660, 21657
21660, 21662
21660, 21666
21661, 21655
21661, 21674
21661, 21675
21661, 21676
21662, 21660
21662, 21663
21662, 21677
21663, 21662
21663, 21664
21663, 21678
21664, 21663
21664, 21665
21664, 21667
21665, 21664
21665, 21666
21665, 21679
21666, 21660
21666, 21665
21666, 21680
21667, 21664
21667, 21668
21667, 21669
21668, 21667
21669, 21667
21670, 21648
21671, 21654
21672, 21659
21673, 21659
21674, 21661
21675, 21661
21676, 21661
21677, 21662
21678, 21663
21679, 21665
21680, 21666
21691, 21692
21691, 21696
21691, 21714
21692, 21691
21692, 21693
21692, 21702
21693, 21692
21693, 21694
21694, 21693
21694, 21695
21694, 21697
21695, 21694
21695, 21696
21695, 21699
21696, 21691
21696, 21695
21696, 21701
21697, 21694
21697, 21698
21697, 21715
21698, 21697
21698, 21699
21698, 21704
21699, 21695
21699, 21698
21699, 21700
21700, 21699
21700, 21703
21701, 21696
21702, 21692
21702, 21716
21702, 21717
21703, 21700
21703, 21705
21703, 21709
21704, 21698
21704, 21718
21704, 21719
21704, 21681
21705, 21703
21705, 21706
21705, 21682
21706, 21705
21706, 21707
21706, 21683
21707, 21706
21707, 21708
21707, 21710
21708, 21707
21708, 21709
21708, 21712
21709, 21703
21709, 21708
21709, 21684
21710, 21707
21710, 21711
21711, 21710
21711, 21685
21711, 21686
21711, 21687
21712, 21708
21712, 21713
21713, 21712
21713, 21688
21713, 21689
21713, 21690
21714, 21691
21715, 21697
21716, 21702
21717, 21702
21718, 21704
21719, 21704
21681, 21704
21682, 21705
21683, 21706
21684, 21709
21685, 21711
21686, 21711
21687, 21711
21688, 21713
21689, 21713
21690, 21713
21720, 21721
21720, 21725
21720, 21744
21721, 21720
21721, 21722
21721, 21730
21722, 21721
21722, 21723
21723, 21722
21723, 21724
21723, 21726
21724, 21723
21724, 21725
21724, 21728
21725, 21720
21725, 21724
21725, 21729
21726, 21723
21726, 21727
21726, 21745
21727, 21726
21727, 21728
21727, 21732
21728, 21724
21728, 21727
21728, 21738
21729, 21725
21730, 21721
21730, 21746
21730, 21747
21731, 21733
21731, 21737
21731, 21739
21732, 21727
21732, 21748
21732, 21749
21732, 21750
21733, 21731
21733, 21734
21733, 21740
21734, 21733
21734, 21735
21734, 21751
21735, 21734
21735, 21736
21735, 21752
21736, 21735
21736, 21737
21736, 21742
21737, 21731
21737, 21736
21737, 21753
21738, 21728
21738, 21739
21738, 21754
21738, 21755
21739, 21731
21739, 21738
21739, 21756
21740, 21733
21740, 21741
21741, 21740
21741, 21757
21741, 21758
21741, 21759
21742, 21736
21742, 21743
21743, 21742
21743, 21760
21743, 21761
21743, 21762
21744, 21720
21745, 21726
21746, 21730
21747, 21730
21748, 21732
21749, 21732
21750, 21732
21751, 21734
21752, 21735
21753, 21737
21754, 21738
21755, 21738
21756, 21739
21757, 21741
21758, 21741
21759, 21741
21760, 21743
21761, 21743
21762, 21743
21763, 21764
21763, 21768
21763, 21787
21764, 21763
21764, 21765
21764, 21773
21765, 21764
21765, 21766
21766, 21765
21766, 21767
21766, 21769
21767, 21766
21767, 21768
21767, 21771
21768, 21763
21768, 21767
21768, 21772
21769, 21766
21769, 21770
21769, 21788
21770, 21769
21770, 21771
21770, 21775
21771, 21767
21771, 21770
21771, 21781
21772, 21768
21773, 21764
21773, 21789
21773, 21790
21774, 21776
21774, 21780
21774, 21782
21775, 21770
21775, 21791
21775, 21792
21775, 21793
21776, 21774
21776, 21777
21776, 21794
21777, 21776
21777, 21778
21777, 21785
21778, 21777
21778, 21779
21778, 21795
21779, 21778
21779, 21780
21779, 21783
21780, 21774
21780, 21779
21780, 21796
21781, 21771
21781, 21782
21781, 21797
21781, 21798
21782, 21774
21782, 21781
21782, 21799
21783, 21779
21783, 21784
21784, 21783
21784, 21800
21784, 21801
21784, 21802
21785, 21777
21785, 21786
21786, 21785
21786, 21803
21786, 21804
21786, 21805
21787, 21763
21788, 21769
21789, 21773
21790, 21773
21791, 21775
21792, 21775
21793, 21775
21794, 21776
21795, 21778
21796, 21780
21797, 21781
21798, 21781
21799, 21782
21800, 21784
21801, 21784
21802, 21784
21803, 21786
21804, 21786
21805, 21786
21817, 21818
21817, 21822
21817, 21841
21818, 21817
21818, 21819
21818, 21827
21819, 21818
21819, 21820
21820, 21819
21820, 21821
21820, 21823
21821, 21820
21821, 21822
21821, 21825
21822, 21817
21822, 21821
21822, 21826
21823, 21820
21823, 21824
21823, 21842
21824, 21823
21824, 21825
21824, 21829
21825, 21821
21825, 21824
21825, 21835
21826, 21822
21827, 21818
21827, 21843
21827, 21844
21828, 21830
21828, 21834
21828, 21836
21829, 21824
21829, 21845
21829, 21846
21829, 21847
21830, 21828
21830, 21831
21830, 21837
21831, 21830
21831, 21832
21831, 21848
21832, 21831
21832, 21833
21832, 21839
21833, 21832
21833, 21834
21833, 21806
21834, 21828
21834, 21833
21834, 21807
21835, 21825
21835, 21836
21835, 21808
21835, 21809
21836, 21828
21836, 21835
21836, 21810
21837, 21830
21837, 21838
21838, 21837
21838, 21811
21838, 21812
21838, 21813
21839, 21832
21839, 21840
21840, 21839
21840, 21814
21840, 21815
21840, 21816
21841, 21817
21842, 21823
21843, 21827
21844, 21827
21845, 21829
21846, 21829
21847, 21829
21848, 21831
21806, 21833
21807, 21834
21808, 21835
21809, 21835
21810, 21836
21811, 21838
21812, 21838
21813, 21838
21814, 21840
21815, 21840
21816, 21840
21849, 21850
21849, 21854
21849, 21875
21850, 21849
21850, 21851
21850, 21859
21851, 21850
21851, 21852
21852, 21851
21852, 21853
21852, 21855
21853, 21852
21853, 21854
21853, 21857
21854, 21849
21854, 21853
21854, 21858
21855, 21852
21855, 21856
21855, 21876
21856, 21855
21856, 21857
21856, 21861
21857, 21853
21857, 21856
21857, 21867
21858, 21854
21859, 21850
21859, 21877
21859, 21878
21860, 21862
21860, 21866
21860, 21868
21861, 21856
21861, 21879
21861, 21880
21861, 21881
21862, 21860
21862, 21863
21862, 21882
21863, 21862
21863, 21864
21863, 21871
21864, 21863
21864, 21865
21864, 21869
21865, 21864
21865, 21866
21865, 21873
21866, 21860
21866, 21865
21866, 21883
21867, 21857
21867, 21868
21867, 21884
21867, 21885
21868, 21860
21868, 21867
21868, 21886
21869, 21864
21869, 21870
21870, 21869
21870, 21887
21870, 21888
21870, 21889
21871, 21863
21871, 21872
21872, 21871
21872, 21890
21872, 21891
21872, 21892
21873, 21865
21873, 21874
21874, 21873
21874, 21893
21874, 21894
21874, 21895
21875, 21849
21876, 21855
21877, 21859
21878, 21859
21879, 21861
21880, 21861
21881, 21861
21882, 21862
21883, 21866
21884, 21867
21885, 21867
21886, 21868
21887, 21870
21888, 21870
21889, 21870
21890, 21872
21891, 21872
21892, 21872
21893, 21874
21894, 21874
21895, 21874
21896, 21897
21896, 21901
21896, 21918
21897, 21896
21897, 21898
21897, 21906
21898, 21897
21898, 21899
21899, 21898
21899, 21900
21899, 21902
21900, 21899
21900, 21901
21900, 21904
21901, 21896
21901, 21900
21901, 21905
21902, 21899
21902, 21903
21902, 21919
21903, 21902
21903, 21904
21903, 21908
21904, 21900
21904, 21903
21904, 21914
21905, 21901
21906, 21897
21906, 21920
21906, 21921
21907, 21909
21907, 21913
21907, 21915
21908, 21903
21908, 21922
21908, 21923
21908, 21924
21909, 21907
21909, 21910
21909, 21916
21910, 21909
21910, 21911
21910, 21925
21911, 21910
21911, 21912
21911, 21926
21912, 21911
21912, 21913
21912, 21917
21913, 21907
21913, 21912
21913, 21927
21914, 21904
21914, 21915
21914, 21928
21914, 21929
21915, 21907
21915, 21914
21915, 21930
21916, 21909
21917, 21912
21918, 21896
21919, 21902
21920, 21906
21921, 21906
21922, 21908
21923, 21908
21924, 21908
21925, 21910
21926, 21911
21927, 21913
21928, 21914
21929, 21914
21930, 21915
21931, 21932
21931, 21936
21931, 21956
21932, 21931
21932, 21933
21932, 21941
21933, 21932
21933, 21934
21934, 21933
21934, 21935
21934, 21937
21935, 21934
21935, 21936
21935, 21939
21936, 21931
21936, 21935
21936, 21940
21937, 21934
21937, 21938
21937, 21957
21938, 21937
21938, 21939
21938, 21943
21939, 21935
21939, 21938
21939, 21949
21940, 21936
21941, 21932
21941, 21958
21941, 21959
21942, 21944
21942, 21948
21942, 21950
21943, 21938
21943, 21960
21943, 21961
21943, 21962
21944, 21942
21944, 21945
21944, 21951
21945, 21944
21945, 21946
21945, 21963
21946, 21945
21946, 21947
21946, 21964
21947, 21946
21947, 21948
21947, 21953
21948, 21942
21948, 21947
21948, 21965
21949, 21939
21949, 21950
21949, 21966
21949, 21967
21950, 21942
21950, 21949
21950, 21955
21951, 21944
21951, 21952
21952, 21951
21952, 21968
21952, 21969
21952, 21970
21953, 21947
21953, 21954
21954, 21953
21954, 21971
21954, 21972
21954, 21973
21955, 21950
21955, 21974
21955, 21975
21955, 21976
21956, 21931
21957, 21937
21958, 21941
21959, 21941
21960, 21943
21961, 21943
21962, 21943
21963, 21945
21964, 21946
21965, 21948
21966, 21949
21967, 21949
21968, 21952
21969, 21952
21970, 21952
21971, 21954
21972, 21954
21973, 21954
21974, 21955
21975, 21955
21976, 21955
22011, 22012
22011, 22016
22011, 21990
22012, 22011
22012, 22013
22012, 22021
22013, 22012
22013, 22014
22014, 22013
22014, 22015
22014, 22017
22015, 22014
22015, 22016
22015, 22019
22016, 22011
22016, 22015
22016, 22020
22017, 22014
22017, 22018
22017, 21991
22018, 22017
22018, 22019
22018, 21977
22019, 22015
22019, 22018
22019, 21983
22020, 22016
22021, 22012
22021, 21992
22021, 21993
22022, 21978
22022, 21982
22022, 21984
21977, 22018
21977, 21994
21977, 21995
21977, 21996
21978, 22022
21978, 21979
21978, 21997
21979, 21978
21979, 21980
21979, 21987
21980, 21979
21980, 21981
21980, 21998
21981, 21980
21981, 21982
21981, 21985
21982, 22022
21982, 21981
21982, 21999
21983, 22019
21983, 21984
21983, 22000
21983, 22001
21984, 22022
21984, 21983
21984, 21989
21985, 21981
21985, 21986
21986, 21985
21986, 22002
21986, 22003
21986, 22004
21987, 21979
21987, 21988
21988, 21987
21988, 22005
21988, 22006
21988, 22007
21989, 21984
21989, 22008
21989, 22009
21989, 22010
21990, 22011
21991, 22017
21992, 22021
21993, 22021
21994, 21977
21995, 21977
21996, 21977
21997, 21978
21998, 21980
21999, 21982
22000, 21983
22001, 21983
22002, 21986
22003, 21986
22004, 21986
22005, 21988
22006, 21988
22007, 21988
22008, 21989
22009, 21989
22010, 21989
22023, 22024
22023, 22028
22023, 22050
22024, 22023
22024, 22025
22024, 22033
22025, 22024
22025, 22026
22026, 22025
22026, 22027
22026, 22029
22027, 22026
22027, 22028
22027, 22031
22028, 22023
22028, 22027
22028, 22032
22029, 22026
22029, 22030
22029, 22051
22030, 22029
22030, 22031
22030, 22035
22031, 22027
22031, 22030
22031, 22041
22032, 22028
22033, 22024
22033, 22052
22033, 22053
22034, 22036
22034, 22040
22034, 22042
22035, 22030
22035, 22054
22035, 22055
22035, 22056
22036, 22034
22036, 22037
22036, 22057
22037, 22036
22037, 22038
22037, 22045
22038, 22037
22038, 22039
22038, 22043
22039, 22038
22039, 22040
22039, 22047
22040, 22034
22040, 22039
22040, 22058
22041, 22031
22041, 22042
22041, 22059
22041, 22060
22042, 22034
22042, 22041
22042, 22049
22043, 22038
22043, 22044
22044, 22043
22044, 22061
22044, 22062
22044, 22063
22045, 22037
22045, 22046
22046, 22045
22046, 22064
22046, 22065
22046, 22066
22047, 22039
22047, 22048
22048, 22047
22048, 22067
22048, 22068
22048, 22069
22049, 22042
22049, 22070
22049, 22071
22049, 22072
22050, 22023
22051, 22029
22052, 22033
22053, 22033
22054, 22035
22055, 22035
22056, 22035
22057, 22036
22058, 22040
22059, 22041
22060, 22041
22061, 22044
22062, 22044
22063, 22044
22064, 22046
22065, 22046
22066, 22046
22067, 22048
22068, 22048
22069, 22048
22070, 22049
22071, 22049
22072, 22049
22073, 22074
22073, 22078
22074, 22073
22074, 22075
22074, 22083
22075, 22074
22075, 22076
22076, 22075
22076, 22077
22076, 22079
22077, 22076
22077, 22078
22077, 22081
22078, 22073
22078, 22077
22078, 22082
22079, 22076
22079, 22080
22079, 22090
22080, 22079
22080, 22081
22080, 22084
22081, 22077
22081, 22080
22082, 22078
22082, 22091
22082, 22092
22083, 22074
22083, 22093
22083, 22094
22084, 22080
22084, 22085
22084, 22089
22085, 22084
22085, 22086
22085, 22095
22086, 22085
22086, 22087
22086, 22096
22087, 22086
22087, 22088
22087, 22097
22088, 22087
22088, 22089
22088, 22098
22089, 22084
22089, 22088
22089, 22099
22090, 22079
22091, 22082
22092, 22082
22093, 22083
22094, 22083
22095, 22085
22096, 22086
22097, 22087
22098, 22088
22099, 22089
22122, 22123
22122, 22127
22123, 22122
22123, 22124
22123, 22132
22124, 22123
22124, 22125
22125, 22124
22125, 22126
22125, 22128
22126, 22125
22126, 22127
22126, 22130
22127, 22122
22127, 22126
22127, 22131
22128, 22125
22128, 22129
22128, 22106
22129, 22128
22129, 22130
22129, 22133
22130, 22126
22130, 22129
22131, 22127
22131, 22107
22131, 22108
22132, 22123
22132, 22109
22132, 22110
22133, 22129
22133, 22134
22133, 22138
22134, 22133
22134, 22135
22134, 22111
22135, 22134
22135, 22136
22135, 22104
22136, 22135
22136, 22137
22136, 22102
22137, 22136
22137, 22138
22137, 22100
22138, 22133
22138, 22137
22138, 22112
22100, 22137
22100, 22101
22101, 22100
22101, 22113
22101, 22114
22101, 22115
22102, 22136
22102, 22103
22103, 22102
22103, 22116
22103, 22117
22103, 22118
22104, 22135
22104, 22105
22105, 22104
22105, 22119
22105, 22120
22105, 22121
22106, 22128
22107, 22131
22108, 22131
22109, 22132
22110, 22132
22111, 22134
22112, 22138
22113, 22101
22114, 22101
22115, 22101
22116, 22103
22117, 22103
22118, 22103
22119, 22105
22120, 22105
22121, 22105
22139, 22140
22139, 22144
22140, 22139
22140, 22141
22140, 22149
22141, 22140
22141, 22142
22142, 22141
22142, 22143
22142, 22145
22143, 22142
22143, 22144
22143, 22147
22144, 22139
22144, 22143
22144, 22148
22145, 22142
22145, 22146
22145, 22162
22146, 22145
22146, 22147
22146, 22150
22147, 22143
22147, 22146
22148, 22144
22148, 22163
22148, 22164
22149, 22140
22149, 22165
22149, 22166
22150, 22146
22150, 22151
22150, 22155
22151, 22150
22151, 22152
22151, 22167
22152, 22151
22152, 22153
22152, 22168
22153, 22152
22153, 22154
22153, 22158
22154, 22153
22154, 22155
22154, 22156
22155, 22150
22155, 22154
22155, 22160
22156, 22154
22156, 22157
22157, 22156
22157, 22169
22157, 22170
22157, 22171
22158, 22153
22158, 22159
22159, 22158
22159, 22172
22159, 22173
22159, 22174
22160, 22155
22160, 22161
22161, 22160
22161, 22175
22161, 22176
22161, 22177
22162, 22145
22163, 22148
22164, 22148
22165, 22149
22166, 22149
22167, 22151
22168, 22152
22169, 22157
22170, 22157
22171, 22157
22172, 22159
22173, 22159
22174, 22159
22175, 22161
22176, 22161
22177, 22161
22178, 22179
22178, 22183
22179, 22178
22179, 22180
22179, 22188
22180, 22179
22180, 22181
22181, 22180
22181, 22182
22181, 22184
22182, 22181
22182, 22183
22182, 22186
22183, 22178
22183, 22182
22183, 22187
22184, 22181
22184, 22185
22184, 22201
22185, 22184
22185, 22186
22185, 22189
22186, 22182
22186, 22185
22187, 22183
22187, 22202
22187, 22203
22188, 22179
22188, 22204
22188, 22205
22189, 22185
22189, 22190
22189, 22194
22190, 22189
22190, 22191
22190, 22199
22191, 22190
22191, 22192
22191, 22206
22192, 22191
22192, 22193
22192, 22195
22193, 22192
22193, 22194
22193, 22207
22194, 22189
22194, 22193
22194, 22197
22195, 22192
22195, 22196
22196, 22195
22196, 22208
22196, 22209
22196, 22210
22197, 22194
22197, 22198
22198, 22197
22198, 22211
22198, 22212
22198, 22213
22199, 22190
22199, 22200
22200, 22199
22200, 22214
22200, 22215
22200, 22216
22201, 22184
22202, 22187
22203, 22187
22204, 22188
22205, 22188
22206, 22191
22207, 22193
22208, 22196
22209, 22196
22210, 22196
22211, 22198
22212, 22198
22213, 22198
22214, 22200
22215, 22200
22216, 22200
22228, 22229
22228, 22233
22229, 22228
22229, 22230
22229, 22238
22230, 22229
22230, 22231
22231, 22230
22231, 22232
22231, 22234
22232, 22231
22232, 22233
22232, 22236
22233, 22228
22233, 22232
22233, 22237
22234, 22231
22234, 22235
22234, 22251
22235, 22234
22235, 22236
22235, 22239
22236, 22232
22236, 22235
22237, 22233
22237, 22252
22237, 22253
22238, 22229
22238, 22254
22238, 22255
22239, 22235
22239, 22240
22239, 22244
22240, 22239
22240, 22241
22240, 22217
22241, 22240
22241, 22242
22241, 22249
22242, 22241
22242, 22243
22242, 22245
22243, 22242
22243, 22244
22243, 22218
22244, 22239
22244, 22243
22244, 22247
22245, 22242
22245, 22246
22246, 22245
22246, 22219
22246, 22220
22246, 22221
22247, 22244
22247, 22248
22248, 22247
22248, 22222
22248, 22223
22248, 22224
22249, 22241
22249, 22250
22250, 22249
22250, 22225
22250, 22226
22250, 22227
22251, 22234
22252, 22237
22253, 22237
22254, 22238
22255, 22238
22217, 22240
22218, 22243
22219, 22246
22220, 22246
22221, 22246
22222, 22248
22223, 22248
22224, 22248
22225, 22250
22226, 22250
22227, 22250
22256, 22257
22256, 22261
22257, 22256
22257, 22258
22257, 22266
22258, 22257
22258, 22259
22259, 22258
22259, 22260
22259, 22262
22260, 22259
22260, 22261
22260, 22264
22261, 22256
22261, 22260
22261, 22265
22262, 22259
22262, 22263
22262, 22277
22263, 22262
22263, 22264
22263, 22267
22264, 22260
22264, 22263
22265, 22261
22265, 22278
22265, 22279
22266, 22257
22266, 22280
22266, 22281
22267, 22263
22267, 22268
22267, 22272
22268, 22267
22268, 22269
22268, 22282
22269, 22268
22269, 22270
22269, 22275
22270, 22269
22270, 22271
22270, 22283
22271, 22270
22271, 22272
22271, 22284
22272, 22267
22272, 22271
22272, 22273
22273, 22272
22273, 22274
22274, 22273
22274, 22285
22274, 22286
22274, 22287
22275, 22269
22275, 22276
22276, 22275
22276, 22288
22276, 22289
22276, 22290
22277, 22262
22278, 22265
22279, 22265
22280, 22266
22281, 22266
22282, 22268
22283, 22270
22284, 22271
22285, 22274
22286, 22274
22287, 22274
22288, 22276
22289, 22276
22290, 22276
22291, 22292
22291, 22296
22292, 22291
22292, 22293
22292, 22301
22293, 22292
22293, 22294
22294, 22293
22294, 22295
22294, 22297
22295, 22294
22295, 22296
22295, 22299
22296, 22291
22296, 22295
22296, 22300
22297, 22294
22297, 22298
22297, 22312
22298, 22297
22298, 22299
22298, 22302
22299, 22295
22299, 22298
22300, 22296
22300, 22313
22300, 22314
22301, 22292
22301, 22315
22301, 22316
22302, 22298
22302, 22303
22302, 22307
22303, 22302
22303, 22304
22303, 22317
22304, 22303
22304, 22305
22304, 22308
22305, 22304
22305, 22306
22305, 22318
22306, 22305
22306, 22307
22306, 22310
22307, 22302
22307, 22306
22307, 22319
22308, 22304
22308, 22309
22309, 22308
22309, 22320
22309, 22321
22309, 22322
22310, 22306
22310, 22311
22311, 22310
22311, 22323
22311, 22324
22311, 22325
22312, 22297
22313, 22300
22314, 22300
22315, 22301
22316, 22301
22317, 22303
22318, 22305
22319, 22307
22320, 22309
22321, 22309
22322, 22309
22323, 22311
22324, 22311
22325, 22311
22326, 22327
22326, 22331
22327, 22326
22327, 22328
22327, 22336
22328, 22327
22328, 22329
22329, 22328
22329, 22330
22329, 22332
22330, 22329
22330, 22331
22330, 22334
22331, 22326
22331, 22330
22331, 22335
22332, 22329
22332, 22333
22332, 22347
22333, 22332
22333, 22334
22333, 22337
22334, 22330
22334, 22333
22335, 22331
22335, 22348
22335, 22349
22336, 22327
22336, 22350
22336, 22351
22337, 22333
22337, 22338
22337, 22342
22338, 22337
22338, 22339
22338, 22352
22339, 22338
22339, 22340
22339, 22353
22340, 22339
22340, 22341
22340, 22345
22341, 22340
22341, 22342
22341, 22343
22342, 22337
22342, 22341
22342, 22354
22343, 22341
22343, 22344
22344, 22343
22344, 22355
22344, 22356
22344, 22357
22345, 22340
22345, 22346
22346, 22345
22346, 22358
22346, 22359
22346, 22360
22347, 22332
22348, 22335
22349, 22335
22350, 22336
22351, 22336
22352, 22338
22353, 22339
22354, 22342
22355, 22344
22356, 22344
22357, 22344
22358, 22346
22359, 22346
22360, 22346
22384, 22385
22384, 22389
22385, 22384
22385, 22386
22385, 22394
22386, 22385
22386, 22387
22387, 22386
22387, 22388
22387, 22390
22388, 22387
22388, 22389
22388, 22392
22389, 22384
22389, 22388
22389, 22393
22390, 22387
22390, 22391
22390, 22370
22391, 22390
22391, 22392
22391, 22395
22392, 22388
22392, 22391
22393, 22389
22393, 22371
22393, 22372
22394, 22385
22394, 22373
22394, 22374
22395, 22391
22395, 22361
22395, 22365
22361, 22395
22361, 22362
22361, 22375
22362, 22361
22362, 22363
22362, 22376
22363, 22362
22363, 22364
22363, 22366
22364, 22363
22364, 22365
22364, 22377
22365, 22395
22365, 22364
22365, 22368
22366, 22363
22366, 22367
22367, 22366
22367, 22378
22367, 22379
22367, 22380
22368, 22365
22368, 22369
22369, 22368
22369, 22381
22369, 22382
22369, 22383
22370, 22390
22371, 22393
22372, 22393
22373, 22394
22374, 22394
22375, 22361
22376, 22362
22377, 22364
22378, 22367
22379, 22367
22380, 22367
22381, 22369
22382, 22369
22383, 22369
22396, 22397
22396, 22401
22397, 22396
22397, 22398
22397, 22406
22398, 22397
22398, 22399
22399, 22398
22399, 22400
22399, 22402
22400, 22399
22400, 22401
22400, 22404
22401, 22396
22401, 22400
22401, 22405
22402, 22399
22402, 22403
22402, 22418
22403, 22402
22403, 22404
22403, 22407
22404, 22400
22404, 22403
22405, 22401
22405, 22419
22405, 22420
22406, 22397
22406, 22421
22406, 22422
22407, 22403
22407, 22408
22407, 22412
22408, 22407
22408, 22409
22408, 22423
22409, 22408
22409, 22410
22409, 22416
22410, 22409
22410, 22411
22410, 22415
22411, 22410
22411, 22412
22411, 22413
22412, 22407
22412, 22411
22412, 22424
22413, 22411
22413, 22414
22414, 22413
22414, 22425
22414, 22426
22414, 22427
22415, 22410
22415, 22428
22416, 22409
22416, 22417
22417, 22416
22417, 22429
22417, 22430
22417, 22431
22418, 22402
22419, 22405
22420, 22405
22421, 22406
22422, 22406
22423, 22408
22424, 22412
22425, 22414
22426, 22414
22427, 22414
22428, 22415
22429, 22417
22430, 22417
22431, 22417
22454, 22455
22454, 22459
22455, 22454
22455, 22456
22455, 22464
22456, 22455
22456, 22457
22457, 22456
22457, 22458
22457, 22460
22458, 22457
22458, 22459
22458, 22462
22459, 22454
22459, 22458
22459, 22463
22460, 22457
22460, 22461
22460, 22441
22461, 22460
22461, 22462
22461, 22465
22462, 22458
22462, 22461
22463, 22459
22463, 22442
22463, 22443
22464, 22455
22464, 22444
22464, 22445
22465, 22461
22465, 22466
22465, 22433
22466, 22465
22466, 22467
22466, 22446
22467, 22466
22467, 22468
22467, 22436
22468, 22467
22468, 22432
22468, 22434
22432, 22468
22432, 22433
22432, 22447
22433, 22465
22433, 22432
22433, 22438
22434, 22468
22434, 22435
22435, 22434
22435, 22448
22435, 22449
22435, 22450
22436, 22467
22436, 22437
22437, 22436
22437, 22451
22437, 22452
22437, 22453
22438, 22433
22438, 22439
22438, 22440
22439, 22438
22440, 22438
22441, 22460
22442, 22463
22443, 22463
22444, 22464
22445, 22464
22446, 22466
22447, 22432
22448, 22435
22449, 22435
22450, 22435
22451, 22437
22452, 22437
22453, 22437
22469, 22470
22469, 22474
22470, 22469
22470, 22471
22470, 22479
22471, 22470
22471, 22472
22472, 22471
22472, 22473
22472, 22475
22473, 22472
22473, 22474
22473, 22477
22474, 22469
22474, 22473
22474, 22478
22475, 22472
22475, 22476
22475, 22492
22476, 22475
22476, 22477
22476, 22480
22477, 22473
22477, 22476
22478, 22474
22478, 22493
22478, 22494
22479, 22470
22479, 22495
22479, 22496
22480, 22476
22480, 22481
22480, 22485
22481, 22480
22481, 22482
22481, 22497
22482, 22481
22482, 22483
22482, 22498
22483, 22482
22483, 22484
22483, 22486
22484, 22483
22484, 22485
22484, 22499
22485, 22480
22485, 22484
22485, 22500
22486, 22483
22486, 22487
22486, 22491
22487, 22486
22487, 22488
22487, 22501
22488, 22487
22488, 22489
22488, 22502
22489, 22488
22489, 22490
22489, 22503
22490, 22489
22490, 22491
22490, 22504
22491, 22486
22491, 22490
22491, 22505
22492, 22475
22493, 22478
22494, 22478
22495, 22479
22496, 22479
22497, 22481
22498, 22482
22499, 22484
22500, 22485
22501, 22487
22502, 22488
22503, 22489
22504, 22490
22505, 22491
22506, 22507
22506, 22511
22507, 22506
22507, 22508
22507, 22516
22508, 22507
22508, 22509
22509, 22508
22509, 22510
22509, 22512
22510, 22509
22510, 22511
22510, 22514
22511, 22506
22511, 22510
22511, 22515
22512, 22509
22512, 22513
22512, 22523
22513, 22512
22513, 22514
22513, 22517
22514, 22510
22514, 22513
22515, 22511
22515, 22524
22515, 22525
22516, 22507
22516, 22526
22516, 22527
22517, 22513
22517, 22518
22517, 22522
22518, 22517
22518, 22519
22518, 22528
22519, 22518
22519, 22520
22519, 22529
22520, 22519
22520, 22521
22521, 22520
22521, 22522
22521, 22530
22522, 22517
22522, 22521
22522, 22531
22523, 22512
22524, 22515
22525, 22515
22526, 22516
22527, 22516
22528, 22518
22529, 22519
22530, 22521
22531, 22522
22532, 22533
22532, 22537
22533, 22532
22533, 22534
22533, 22542
22534, 22533
22534, 22535
22535, 22534
22535, 22536
22535, 22538
22536, 22535
22536, 22537
22536, 22540
22537, 22532
22537, 22536
22537, 22541
22538, 22535
22538, 22539
22538, 22553
22539, 22538
22539, 22540
22539, 22543
22540, 22536
22540, 22539
22541, 22537
22541, 22554
22541, 22555
22542, 22533
22542, 22556
22542, 22557
22543, 22539
22543, 22544
22543, 22548
22544, 22543
22544, 22545
22544, 22558
22545, 22544
22545, 22546
22545, 22559
22546, 22545
22546, 22547
22546, 22549
22547, 22546
22547, 22548
22547, 22552
22548, 22543
22548, 22547
22548, 22560
22549, 22546
22549, 22550
22549, 22561
22550, 22549
22550, 22551
22550, 22562
22551, 22550
22551, 22552
22551, 22563
22552, 22547
22552, 22551
22552, 22564
22553, 22538
22554, 22541
22555, 22541
22556, 22542
22557, 22542
22558, 22544
22559, 22545
22560, 22548
22561, 22549
22562, 22550
22563, 22551
22564, 22552
22592, 22593
22592, 22597
22593, 22592
22593, 22594
22593, 22565
22594, 22593
22594, 22595
22595, 22594
22595, 22596
22595, 22598
22596, 22595
22596, 22597
22596, 22600
22597, 22592
22597, 22596
22597, 22601
22598, 22595
22598, 22599
22598, 22578
22599, 22598
22599, 22600
22599, 22566
22600, 22596
22600, 22599
22601, 22597
22601, 22579
22601, 22580
22565, 22593
22565, 22581
22565, 22582
22566, 22599
22566, 22567
22566, 22571
22567, 22566
22567, 22568
22567, 22583
22568, 22567
22568, 22569
22568, 22584
22569, 22568
22569, 22570
22569, 22576
22570, 22569
22570, 22571
22570, 22572
22571, 22566
22571, 22570
22571, 22575
22572, 22570
22572, 22573
22572, 22585
22573, 22572
22573, 22574
22573, 22586
22574, 22573
22574, 22575
22574, 22587
22575, 22571
22575, 22574
22575, 22588
22576, 22569
22576, 22577
22577, 22576
22577, 22589
22577, 22590
22577, 22591
22578, 22598
22579, 22601
22580, 22601
22581, 22565
22582, 22565
22583, 22567
22584, 22568
22585, 22572
22586, 22573
22587, 22574
22588, 22575
22589, 22577
22590, 22577
22591, 22577
22602, 22603
22602, 22610
22602, 22626
22603, 22602
22603, 22604
22603, 22611
22604, 22603
22604, 22605
22605, 22604
22605, 22606
22605, 22610
22606, 22605
22606, 22607
22607, 22606
22607, 22608
22607, 22625
22608, 22607
22608, 22609
22609, 22608
22609, 22610
22609, 22624
22610, 22602
22610, 22605
22610, 22609
22611, 22603
22611, 22612
22611, 22623
22611, 22627
22612, 22611
22612, 22613
22612, 22617
22612, 22628
22613, 22612
22613, 22614
22613, 22629
22614, 22613
22614, 22615
22614, 22630
22615, 22614
22615, 22616
22615, 22631
22616, 22615
22616, 22617
22616, 22632
22617, 22612
22617, 22616
22617, 22618
22617, 22633
22618, 22617
22618, 22619
22618, 22623
22618, 22634
22619, 22618
22619, 22620
22619, 22635
22620, 22619
22620, 22621
22620, 22636
22621, 22620
22621, 22622
22621, 22637
22622, 22621
22622, 22623
22622, 22638
22623, 22611
22623, 22618
22623, 22622
22623, 22639
22624, 22609
22624, 22640
22624, 22641
22625, 22607
22625, 22642
22625, 22643
22626, 22602
22627, 22611
22628, 22612
22629, 22613
22630, 22614
22631, 22615
22632, 22616
22633, 22617
22634, 22618
22635, 22619
22636, 22620
22637, 22621
22638, 22622
22639, 22623
22640, 22624
22641, 22624
22642, 22625
22643, 22625
22644, 22645
22644, 22649
22645, 22644
22645, 22646
22645, 22654
22646, 22645
22646, 22647
22647, 22646
22647, 22648
22647, 22650
22648, 22647
22648, 22649
22648, 22652
22649, 22644
22649, 22648
22649, 22653
22650, 22647
22650, 22651
22650, 22662
22651, 22650
22651, 22652
22651, 22661
22652, 22648
22652, 22651
22653, 22649
22653, 22663
22653, 22664
22654, 22645
22654, 22665
22654, 22666
22655, 22656
22655, 22660
22655, 22661
22656, 22655
22656, 22657
22656, 22667
22657, 22656
22657, 22658
22657, 22668
22658, 22657
22658, 22659
22658, 22669
22659, 22658
22659, 22660
22659, 22670
22660, 22655
22660, 22659
22660, 22671
22661, 22651
22661, 22655
22661, 22672
22661, 22673
22662, 22650
22663, 22653
22664, 22653
22665, 22654
22666, 22654
22667, 22656
22668, 22657
22669, 22658
22670, 22659
22671, 22660
22672, 22661
22673, 22661
22689, 22690
22689, 22694
22690, 22689
22690, 22691
22690, 22699
22691, 22690
22691, 22692
22692, 22691
22692, 22693
22692, 22695
22693, 22692
22693, 22694
22693, 22697
22694, 22689
22694, 22693
22694, 22698
22695, 22692
22695, 22696
22695, 22714
22696, 22695
22696, 22697
22696, 22706
22697, 22693
22697, 22696
22698, 22694
22698, 22715
22698, 22716
22699, 22690
22699, 22717
22699, 22674
22700, 22701
22700, 22705
22700, 22707
22701, 22700
22701, 22702
22701, 22675
22702, 22701
22702, 22703
22702, 22712
22703, 22702
22703, 22704
22703, 22710
22704, 22703
22704, 22705
22704, 22708
22705, 22700
22705, 22704
22705, 22676
22706, 22696
22706, 22707
22706, 22677
22706, 22678
22707, 22700
22707, 22706
22707, 22679
22708, 22704
22708, 22709
22709, 22708
22709, 22680
22709, 22681
22709, 22682
22710, 22703
22710, 22711
22711, 22710
22711, 22683
22711, 22684
22711, 22685
22712, 22702
22712, 22713
22713, 22712
22713, 22686
22713, 22687
22713, 22688
22714, 22695
22715, 22698
22716, 22698
22717, 22699
22674, 22699
22675, 22701
22676, 22705
22677, 22706
22678, 22706
22679, 22707
22680, 22709
22681, 22709
22682, 22709
22683, 22711
22684, 22711
22685, 22711
22686, 22713
22687, 22713
22688, 22713
22718, 22719
22718, 22723
22719, 22718
22719, 22720
22719, 22728
22720, 22719
22720, 22721
22721, 22720
22721, 22722
22721, 22724
22722, 22721
22722, 22723
22722, 22726
22723, 22718
22723, 22722
22723, 22727
22724, 22721
22724, 22725
22724, 22741
22725, 22724
22725, 22726
22725, 22735
22726, 22722
22726, 22725
22727, 22723
22727, 22742
22727, 22743
22728, 22719
22728, 22744
22728, 22745
22729, 22730
22729, 22734
22729, 22736
22730, 22729
22730, 22731
22730, 22746
22731, 22730
22731, 22732
22731, 22737
22732, 22731
22732, 22733
22732, 22747
22733, 22732
22733, 22734
22733, 22748
22734, 22729
22734, 22733
22734, 22739
22735, 22725
22735, 22736
22735, 22749
22735, 22750
22736, 22729
22736, 22735
22736, 22751
22737, 22731
22737, 22738
22738, 22737
22738, 22752
22738, 22753
22738, 22754
22739, 22734
22739, 22740
22740, 22739
22740, 22755
22740, 22756
22740, 22757
22741, 22724
22742, 22727
22743, 22727
22744, 22728
22745, 22728
22746, 22730
22747, 22732
22748, 22733
22749, 22735
22750, 22735
22751, 22736
22752, 22738
22753, 22738
22754, 22738
22755, 22740
22756, 22740
22757, 22740
22758, 22759
22758, 22763
22759, 22758
22759, 22760
22759, 22768
22760, 22759
22760, 22761
22761, 22760
22761, 22762
22761, 22764
22762, 22761
22762, 22763
22762, 22766
22763, 22758
22763, 22762
22763, 22767
22764, 22761
22764, 22765
22764, 22781
22765, 22764
22765, 22766
22765, 22775
22766, 22762
22766, 22765
22767, 22763
22767, 22782
22767, 22783
22768, 22759
22768, 22784
22768, 22785
22769, 22770
22769, 22774
22769, 22776
22770, 22769
22770, 22771
22770, 22786
22771, 22770
22771, 22772
22771, 22787
22772, 22771
22772, 22773
22772, 22777
22773, 22772
22773, 22774
22773, 22780
22774, 22769
22774, 22773
22774, 22788
22775, 22765
22775, 22776
22775, 22789
22775, 22790
22776, 22769
22776, 22775
22777, 22772
22777, 22778
22777, 22791
22778, 22777
22778, 22779
22778, 22792
22779, 22778
22779, 22780
22779, 22793
22780, 22773
22780, 22779
22780, 22794
22781, 22764
22782, 22767
22783, 22767
22784, 22768
22785, 22768
22786, 22770
22787, 22771
22788, 22774
22789, 22775
22790, 22775
22791, 22777
22792, 22778
22793, 22779
22794, 22780
22805, 22806
22805, 22810
22806, 22805
22806, 22807
22806, 22817
22807, 22806
22807, 22808
22808, 22807
22808, 22809
22808, 22811
22809, 22808
22809, 22810
22809, 22813
22810, 22805
22810, 22809
22810, 22816
22811, 22808
22811, 22812
22811, 22829
22811, 22830
22812, 22811
22812, 22813
22812, 22831
22812, 22832
22813, 22809
22813, 22812
22813, 22814
22813, 22833
22814, 22813
22814, 22815
22814, 22834
22814, 22835
22815, 22814
22815, 22818
22815, 22822
22816, 22810
22816, 22836
22816, 22837
22817, 22806
22817, 22838
22817, 22839
22818, 22815
22818, 22819
22818, 22840
22819, 22818
22819, 22820
22819, 22827
22820, 22819
22820, 22821
22820, 22825
22821, 22820
22821, 22822
22821, 22823
22822, 22815
22822, 22821
22822, 22795
22823, 22821
22823, 22824
22824, 22823
22824, 22796
22824, 22797
22824, 22798
22825, 22820
22825, 22826
22826, 22825
22826, 22799
22826, 22800
22826, 22801
22827, 22819
22827, 22828
22828, 22827
22828, 22802
22828, 22803
22828, 22804
22829, 22811
22830, 22811
22831, 22812
22832, 22812
22833, 22813
22834, 22814
22835, 22814
22836, 22816
22837, 22816
22838, 22817
22839, 22817
22840, 22818
22795, 22822
22796, 22824
22797, 22824
22798, 22824
22799, 22826
22800, 22826
22801, 22826
22802, 22828
22803, 22828
22804, 22828
22841, 22842
22841, 22846
22842, 22841
22842, 22843
22842, 22852
22843, 22842
22843, 22844
22844, 22843
22844, 22845
22844, 22847
22845, 22844
22845, 22846
22845, 22849
22846, 22841
22846, 22845
22846, 22851
22847, 22844
22847, 22848
22847, 22866
22847, 22867
22848, 22847
22848, 22849
22848, 22868
22848, 22869
22849, 22845
22849, 22848
22849, 22864
22849, 22870
22850, 22853
22850, 22857
22850, 22865
22851, 22846
22851, 22871
22851, 22872
22852, 22842
22852, 22873
22852, 22874
22853, 22850
22853, 22854
22853, 22875
22854, 22853
22854, 22855
22854, 22862
22855, 22854
22855, 22856
22855, 22860
22856, 22855
22856, 22857
22856, 22858
22857, 22850
22857, 22856
22857, 22876
22858, 22856
22858, 22859
22859, 22858
22859, 22877
22859, 22878
22859, 22879
22860, 22855
22860, 22861
22861, 22860
22861, 22880
22861, 22881
22861, 22882
22862, 22854
22862, 22863
22863, 22862
22863, 22883
22863, 22884
22863, 22885
22864, 22849
22864, 22865
22864, 22886
22864, 22887
22865, 22850
22865, 22864
22865, 22888
22865, 22889
22866, 22847
22867, 22847
22868, 22848
22869, 22848
22870, 22849
22871, 22851
22872, 22851
22873, 22852
22874, 22852
22875, 22853
22876, 22857
22877, 22859
22878, 22859
22879, 22859
22880, 22861
22881, 22861
22882, 22861
22883, 22863
22884, 22863
22885, 22863
22886, 22864
22887, 22864
22888, 22865
22889, 22865
22890, 22891
22890, 22895
22891, 22890
22891, 22892
22891, 22901
22892, 22891
22892, 22893
22893, 22892
22893, 22894
22893, 22896
22894, 22893
22894, 22895
22894, 22898
22895, 22890
22895, 22894
22895, 22900
22896, 22893
22896, 22897
22896, 22916
22896, 22917
22897, 22896
22897, 22898
22897, 22918
22897, 22919
22898, 22894
22898, 22897
22898, 22914
22898, 22920
22899, 22902
22899, 22906
22899, 22913
22900, 22895
22900, 22921
22900, 22922
22901, 22891
22901, 22923
22901, 22924
22902, 22899
22902, 22903
22902, 22925
22903, 22902
22903, 22904
22903, 22911
22904, 22903
22904, 22905
22904, 22909
22905, 22904
22905, 22906
22905, 22907
22906, 22899
22906, 22905
22906, 22926
22907, 22905
22907, 22908
22908, 22907
22908, 22927
22908, 22928
22908, 22929
22909, 22904
22909, 22910
22910, 22909
22910, 22930
22910, 22931
22910, 22932
22911, 22903
22911, 22912
22912, 22911
22912, 22933
22912, 22934
22912, 22935
22913, 22899
22913, 22915
22913, 22936
22913, 22937
22914, 22898
22914, 22915
22914, 22938
22914, 22939
22915, 22913
22915, 22914
22915, 22940
22915, 22941
22916, 22896
22917, 22896
22918, 22897
22919, 22897
22920, 22898
22921, 22900
22922, 22900
22923, 22901
22924, 22901
22925, 22902
22926, 22906
22927, 22908
22928, 22908
22929, 22908
22930, 22910
22931, 22910
22932, 22910
22933, 22912
22934, 22912
22935, 22912
22936, 22913
22937, 22913
22938, 22914
22939, 22914
22940, 22915
22941, 22915
22968, 22969
22968, 22973
22969, 22968
22969, 22970
22969, 22982
22970, 22969
22970, 22971
22971, 22970
22971, 22972
22971, 22949
22972, 22971
22972, 22973
22972, 22974
22973, 22968
22973, 22972
22973, 22981
22974, 22972
22974, 22975
22974, 22950
22974, 22951
22975, 22974
22975, 22976
22975, 22980
22976, 22975
22976, 22977
22976, 22952
22977, 22976
22977, 22978
22977, 22943
22978, 22977
22978, 22979
22978, 22942
22979, 22978
22979, 22980
22979, 22983
22980, 22975
22980, 22979
22980, 22953
22981, 22973
22981, 22954
22981, 22955
22982, 22969
22982, 22956
22982, 22957
22983, 22979
22983, 22984
22984, 22983
22984, 22958
22984, 22959
22984, 22960
22942, 22978
22942, 22945
22942, 22948
22943, 22977
22943, 22944
22944, 22943
22944, 22961
22944, 22962
22944, 22963
22945, 22942
22945, 22946
22945, 22964
22946, 22945
22946, 22947
22946, 22965
22947, 22946
22947, 22948
22947, 22966
22948, 22942
22948, 22947
22948, 22967
22949, 22971
22950, 22974
22951, 22974
22952, 22976
22953, 22980
22954, 22981
22955, 22981
22956, 22982
22957, 22982
22958, 22984
22959, 22984
22960, 22984
22961, 22944
22962, 22944
22963, 22944
22964, 22945
22965, 22946
22966, 22947
22967, 22948
22985, 22986
22985, 22990
22986, 22985
22986, 22987
22986, 22999
22987, 22986
22987, 22988
22988, 22987
22988, 22989
22988, 23009
22989, 22988
22989, 22990
22989, 22991
22990, 22985
22990, 22989
22990, 22998
22991, 22989
22991, 22992
22991, 23010
22991, 23011
22992, 22991
22992, 22993
22992, 22997
22993, 22992
22993, 22994
22993, 23012
22994, 22993
22994, 22995
22994, 23003
22995, 22994
22995, 22996
22995, 23002
22996, 22995
22996, 22997
22996, 23000
22997, 22992
22997, 22996
22997, 23013
22998, 22990
22998, 23014
22998, 23015
22999, 22986
22999, 23016
22999, 23017
23000, 22996
23000, 23001
23001, 23000
23001, 23018
23001, 23019
23001, 23020
23002, 22995
23002, 23005
23002, 23008
23003, 22994
23003, 23004
23004, 23003
23004, 23021
23004, 23022
23004, 23023
23005, 23002
23005, 23006
23005, 23024
23005, 23025
23006, 23005
23006, 23007
23006, 23026
23006, 23027
23007, 23006
23007, 23008
23007, 23028
23007, 23029
23008, 23002
23008, 23007
23008, 23030
23008, 23031
23009, 22988
23010, 22991
23011, 22991
23012, 22993
23013, 22997
23014, 22998
23015, 22998
23016, 22999
23017, 22999
23018, 23001
23019, 23001
23020, 23001
23021, 23004
23022, 23004
23023, 23004
23024, 23005
23025, 23005
23026, 23006
23027, 23006
23028, 23007
23029, 23007
23030, 23008
23031, 23008
23032, 23033
23032, 23037
23033, 23032
23033, 23034
23033, 23046
23034, 23033
23034, 23035
23035, 23034
23035, 23036
23035, 23054
23036, 23035
23036, 23037
23036, 23038
23037, 23032
23037, 23036
23037, 23045
23038, 23036
23038, 23039
23038, 23055
23038, 23056
23039, 23038
23039, 23040
23039, 23044
23040, 23039
23040, 23041
23040, 23057
23041, 23040
23041, 23042
23041, 23049
23042, 23041
23042, 23043
23042, 23048
23043, 23042
23043, 23044
23043, 23047
23044, 23039
23044, 23043
23044, 23058
23045, 23037
23045, 23059
23045, 23060
23046, 23033
23046, 23061
23046, 23062
23047, 23043
23048, 23042
23048, 23050
23048, 23053
23049, 23041
23050, 23048
23050, 23051
23050, 23063
23051, 23050
23051, 23052
23051, 23064
23052, 23051
23052, 23053
23052, 23065
23053, 23048
23053, 23052
23053, 23066
23054, 23035
23055, 23038
23056, 23038
23057, 23040
23058, 23044
23059, 23045
23060, 23045
23061, 23046
23062, 23046
23063, 23050
23064, 23051
23065, 23052
23066, 23053
23067, 23068
23067, 23072
23068, 23067
23068, 23069
23068, 23081
23069, 23068
23069, 23070
23070, 23069
23070, 23071
23070, 23091
23071, 23070
23071, 23072
23071, 23073
23072, 23067
23072, 23071
23072, 23080
23073, 23071
23073, 23074
23073, 23092
23073, 23093
23074, 23073
23074, 23075
23074, 23079
23075, 23074
23075, 23076
23075, 23094
23076, 23075
23076, 23077
23076, 23084
23077, 23076
23077, 23078
23077, 23089
23078, 23077
23078, 23079
23078, 23082
23079, 23074
23079, 23078
23079, 23095
23080, 23072
23080, 23096
23080, 23097
23081, 23068
23081, 23098
23081, 23099
23082, 23078
23082, 23083
23083, 23082
23083, 23100
23083, 23101
23083, 23102
23084, 23076
23084, 23085
23084, 23088
23085, 23084
23085, 23086
23085, 23103
23086, 23085
23086, 23087
23086, 23104
23087, 23086
23087, 23088
23087, 23105
23088, 23084
23088, 23087
23088, 23106
23089, 23077
23089, 23090
23090, 23089
23090, 23107
23090, 23108
23090, 23109
23091, 23070
23092, 23073
23093, 23073
23094, 23075
23095, 23079
23096, 23080
23097, 23080
23098, 23081
23099, 23081
23100, 23083
23101, 23083
23102, 23083
23103, 23085
23104, 23086
23105, 23087
23106, 23088
23107, 23090
23108, 23090
23109, 23090
23110, 23111
23110, 23115
23111, 23110
23111, 23112
23111, 23124
23112, 23111
23112, 23113
23113, 23112
23113, 23114
23113, 23140
23114, 23113
23114, 23115
23114, 23116
23115, 23110
23115, 23114
23115, 23123
23116, 23114
23116, 23117
23116, 23141
23116, 23142
23117, 23116
23117, 23118
23117, 23122
23118, 23117
23118, 23119
23118, 23143
23119, 23118
23119, 23120
23119, 23126
23120, 23119
23120, 23121
23120, 23131
23121, 23120
23121, 23122
23121, 23125
23122, 23117
23122, 23121
23122, 23144
23123, 23115
23123, 23145
23123, 23146
23124, 23111
23124, 23147
23124, 23148
23125, 23121
23125, 23132
23125, 23135
23126, 23119
23126, 23127
23126, 23130
23127, 23126
23127, 23128
23127, 23139
23128, 23127
23128, 23129
23128, 23149
23129, 23128
23129, 23130
23129, 23150
23130, 23126
23130, 23129
23130, 23138
23131, 23120
23131, 23151
23131, 23152
23131, 23153
23132, 23125
23132, 23133
23132, 23137
23133, 23132
23133, 23134
23133, 23154
23134, 23133
23134, 23135
23134, 23155
23135, 23125
23135, 23134
23135, 23136
23136, 23135
23136, 23156
23136, 23157
23136, 23158
23137, 23132
23137, 23159
23137, 23160
23137, 23161
23138, 23130
23138, 23162
23138, 23163
23138, 23164
23139, 23127
23139, 23165
23139, 23166
23139, 23167
23140, 23113
23141, 23116
23142, 23116
23143, 23118
23144, 23122
23145, 23123
23146, 23123
23147, 23124
23148, 23124
23149, 23128
23150, 23129
23151, 23131
23152, 23131
23153, 23131
23154, 23133
23155, 23134
23156, 23136
23157, 23136
23158, 23136
23159, 23137
23160, 23137
23161, 23137
23162, 23138
23163, 23138
23164, 23138
23165, 23139
23166, 23139
23167, 23139
23211, 23212
23211, 23169
23212, 23211
23212, 23213
23212, 23178
23213, 23212
23213, 23214
23214, 23213
23214, 23168
23214, 23191
23168, 23214
23168, 23169
23168, 23170
23169, 23211
23169, 23168
23169, 23177
23170, 23168
23170, 23171
23170, 23192
23170, 23193
23171, 23170
23171, 23172
23171, 23176
23172, 23171
23172, 23173
23172, 23194
23173, 23172
23173, 23174
23173, 23180
23174, 23173
23174, 23175
23174, 23189
23175, 23174
23175, 23176
23175, 23179
23176, 23171
23176, 23175
23176, 23195
23177, 23169
23177, 23196
23177, 23197
23178, 23212
23178, 23198
23178, 23199
23179, 23175
23179, 23185
23179, 23188
23180, 23173
23180, 23181
23180, 23184
23181, 23180
23181, 23182
23181, 23200
23182, 23181
23182, 23183
23182, 23201
23183, 23182
23183, 23184
23183, 23202
23184, 23180
23184, 23183
23184, 23203
23185, 23179
23185, 23186
23185, 23204
23186, 23185
23186, 23187
23186, 23205
23187, 23186
23187, 23188
23187, 23206
23188, 23179
23188, 23187
23188, 23207
23189, 23174
23189, 23190
23190, 23189
23190, 23208
23190, 23209
23190, 23210
23191, 23214
23192, 23170
23193, 23170
23194, 23172
23195, 23176
23196, 23177
23197, 23177
23198, 23178
23199, 23178
23200, 23181
23201, 23182
23202, 23183
23203, 23184
23204, 23185
23205, 23186
23206, 23187
23207, 23188
23208, 23190
23209, 23190
23210, 23190
23215, 23216
23215, 23220
23216, 23215
23216, 23217
23216, 23229
23217, 23216
23217, 23218
23218, 23217
23218, 23219
23218, 23245
23219, 23218
23219, 23220
23219, 23221
23220, 23215
23220, 23219
23220, 23228
23221, 23219
23221, 23222
23221, 23246
23221, 23247
23222, 23221
23222, 23223
23222, 23227
23223, 23222
23223, 23224
23223, 23248
23224, 23223
23224, 23225
23224, 23233
23225, 23224
23225, 23226
23225, 23232
23226, 23225
23226, 23227
23226, 23230
23227, 23222
23227, 23226
23227, 23249
23228, 23220
23228, 23250
23228, 23251
23229, 23216
23229, 23252
23229, 23253
23230, 23226
23230, 23231
23231, 23230
23231, 23254
23231, 23255
23231, 23256
23232, 23225
23232, 23235
23232, 23238
23233, 23224
23233, 23234
23234, 23233
23234, 23239
23234, 23257
23234, 23258
23235, 23232
23235, 23236
23235, 23259
23236, 23235
23236, 23237
23236, 23260
23237, 23236
23237, 23238
23237, 23261
23238, 23232
23238, 23237
23238, 23262
23239, 23234
23239, 23240
23239, 23244
23240, 23239
23240, 23241
23240, 23263
23241, 23240
23241, 23242
23241, 23264
23242, 23241
23242, 23243
23242, 23265
23243, 23242
23243, 23244
23243, 23266
23244, 23239
23244, 23243
23244, 23267
23245, 23218
23246, 23221
23247, 23221
23248, 23223
23249, 23227
23250, 23228
23251, 23228
23252, 23229
23253, 23229
23254, 23231
23255, 23231
23256, 23231
23257, 23234
23258, 23234
23259, 23235
23260, 23236
23261, 23237
23262, 23238
23263, 23240
23264, 23241
23265, 23242
23266, 23243
23267, 23244
23285, 23286
23285, 23290
23286, 23285
23286, 23287
23286, 23299
23287, 23286
23287, 23288
23288, 23287
23288, 23289
23288, 23311
23289, 23288
23289, 23290
23289, 23291
23290, 23285
23290, 23289
23290, 23298
23291, 23289
23291, 23292
23291, 23312
23291, 23313
23292, 23291
23292, 23293
23292, 23297
23293, 23292
23293, 23294
23293, 23314
23294, 23293
23294, 23295
23294, 23303
23295, 23294
23295, 23296
23295, 23302
23296, 23295
23296, 23297
23296, 23300
23297, 23292
23297, 23296
23297, 23315
23298, 23290
23298, 23316
23298, 23268
23299, 23286
23299, 23269
23299, 23270
23300, 23296
23300, 23301
23301, 23300
23301, 23310
23301, 23271
23301, 23272
23302, 23295
23302, 23305
23302, 23308
23303, 23294
23303, 23304
23304, 23303
23304, 23309
23304, 23273
23304, 23274
23305, 23302
23305, 23306
23305, 23275
23306, 23305
23306, 23307
23306, 23276
23307, 23306
23307, 23308
23307, 23277
23308, 23302
23308, 23307
23308, 23278
23309, 23304
23309, 23279
23309, 23280
23309, 23281
23310, 23301
23310, 23282
23310, 23283
23310, 23284
23311, 23288
23312, 23291
23313, 23291
23314, 23293
23315, 23297
23316, 23298
23268, 23298
23269, 23299
23270, 23299
23271, 23301
23272, 23301
23273, 23304
23274, 23304
23275, 23305
23276, 23306
23277, 23307
23278, 23308
23279, 23309
23280, 23309
23281, 23309
23282, 23310
23283, 23310
23284, 23310
23317, 23318
23317, 23322
23318, 23317
23318, 23319
23318, 23331
23319, 23318
23319, 23320
23320, 23319
23320, 23321
23320, 23340
23321, 23320
23321, 23322
23321, 23323
23322, 23317
23322, 23321
23322, 23330
23323, 23321
23323, 23324
23323, 23341
23323, 23342
23324, 23323
23324, 23325
23324, 23329
23325, 23324
23325, 23326
23325, 23343
23326, 23325
23326, 23327
23326, 23333
23327, 23326
23327, 23328
23327, 23336
23328, 23327
23328, 23329
23328, 23332
23329, 23324
23329, 23328
23329, 23335
23330, 23322
23330, 23344
23330, 23345
23331, 23318
23331, 23346
23331, 23347
23332, 23328
23332, 23338
23333, 23326
23333, 23334
23334, 23333
23334, 23348
23334, 23349
23334, 23350
23335, 23329
23335, 23339
23335, 23351
23336, 23327
23336, 23337
23337, 23336
23337, 23352
23337, 23353
23337, 23354
23338, 23332
23338, 23339
23338, 23355
23338, 23356
23339, 23335
23339, 23338
23339, 23357
23340, 23320
23341, 23323
23342, 23323
23343, 23325
23344, 23330
23345, 23330
23346, 23331
23347, 23331
23348, 23334
23349, 23334
23350, 23334
23351, 23335
23352, 23337
23353, 23337
23354, 23337
23355, 23338
23356, 23338
23357, 23339
23358, 23359
23358, 23363
23359, 23358
23359, 23360
23359, 23372
23360, 23359
23360, 23361
23361, 23360
23361, 23362
23361, 23381
23362, 23361
23362, 23363
23362, 23364
23363, 23358
23363, 23362
23363, 23371
23364, 23362
23364, 23365
23364, 23382
23364, 23383
23365, 23364
23365, 23366
23365, 23370
23366, 23365
23366, 23367
23366, 23384
23367, 23366
23367, 23368
23367, 23373
23368, 23367
23368, 23369
23368, 23385
23369, 23368
23369, 23370
23369, 23386
23370, 23365
23370, 23369
23370, 23379
23371, 23363
23371, 23387
23371, 23388
23372, 23359
23372, 23389
23372, 23390
23373, 23367
23373, 23374
23374, 23373
23374, 23375
23374, 23391
23374, 23392
23375, 23374
23375, 23376
23375, 23393
23375, 23394
23376, 23375
23376, 23377
23376, 23395
23376, 23396
23377, 23376
23377, 23378
23377, 23397
23377, 23398
23378, 23377
23378, 23399
23378, 23400
23378, 23401
23379, 23370
23379, 23380
23380, 23379
23380, 23402
23380, 23403
23380, 23404
23381, 23361
23382, 23364
23383, 23364
23384, 23366
23385, 23368
23386, 23369
23387, 23371
23388, 23371
23389, 23372
23390, 23372
23391, 23374
23392, 23374
23393, 23375
23394, 23375
23395, 23376
23396, 23376
23397, 23377
23398, 23377
23399, 23378
23400, 23378
23401, 23378
23402, 23380
23403, 23380
23404, 23380
23405, 23406
23405, 23410
23406, 23405
23406, 23407
23406, 23419
23407, 23406
23407, 23408
23408, 23407
23408, 23409
23408, 23429
23409, 23408
23409, 23410
23409, 23411
23410, 23405
23410, 23409
23410, 23418
23411, 23409
23411, 23412
23411, 23430
23411, 23431
23412, 23411
23412, 23413
23412, 23417
23413, 23412
23413, 23414
23413, 23432
23414, 23413
23414, 23415
23414, 23420
23415, 23414
23415, 23416
23415, 23433
23416, 23415
23416, 23417
23416, 23434
23417, 23412
23417, 23416
23417, 23426
23418, 23410
23418, 23435
23418, 23436
23419, 23406
23419, 23437
23419, 23438
23420, 23414
23420, 23421
23421, 23420
23421, 23422
23421, 23439
23421, 23440
23422, 23421
23422, 23423
23422, 23441
23422, 23442
23423, 23422
23423, 23424
23423, 23443
23423, 23444
23424, 23423
23424, 23425
23424, 23445
23424, 23446
23425, 23424
23425, 23428
23425, 23447
23425, 23448
23426, 23417
23426, 23427
23427, 23426
23427, 23449
23427, 23450
23427, 23451
23428, 23425
23428, 23452
23428, 23453
23428, 23454
23429, 23408
23430, 23411
23431, 23411
23432, 23413
23433, 23415
23434, 23416
23435, 23418
23436, 23418
23437, 23419
23438, 23419
23439, 23421
23440, 23421
23441, 23422
23442, 23422
23443, 23423
23444, 23423
23445, 23424
23446, 23424
23447, 23425
23448, 23425
23449, 23427
23450, 23427
23451, 23427
23452, 23428
23453, 23428
23454, 23428
23485, 23486
23485, 23490
23486, 23485
23486, 23487
23486, 23499
23487, 23486
23487, 23488
23488, 23487
23488, 23489
23488, 23457
23489, 23488
23489, 23490
23489, 23491
23490, 23485
23490, 23489
23490, 23498
23491, 23489
23491, 23492
23491, 23458
23491, 23459
23492, 23491
23492, 23493
23492, 23497
23493, 23492
23493, 23494
23493, 23460
23494, 23493
23494, 23495
23494, 23500
23495, 23494
23495, 23496
23495, 23461
23496, 23495
23496, 23497
23496, 23462
23497, 23492
23497, 23496
23497, 23506
23498, 23490
23498, 23463
23498, 23464
23499, 23486
23499, 23465
23499, 23466
23500, 23494
23500, 23501
23501, 23500
23501, 23502
23501, 23467
23501, 23468
23502, 23501
23502, 23503
23502, 23469
23502, 23470
23503, 23502
23503, 23504
23503, 23471
23503, 23472
23504, 23503
23504, 23505
23504, 23473
23504, 23474
23505, 23504
23505, 23455
23505, 23475
23505, 23476
23506, 23497
23506, 23507
23507, 23506
23507, 23477
23507, 23478
23507, 23479
23455, 23505
23455, 23456
23455, 23480
23455, 23481
23456, 23455
23456, 23482
23456, 23483
23456, 23484
23457, 23488
23458, 23491
23459, 23491
23460, 23493
23461, 23495
23462, 23496
23463, 23498
23464, 23498
23465, 23499
23466, 23499
23467, 23501
23468, 23501
23469, 23502
23470, 23502
23471, 23503
23472, 23503
23473, 23504
23474, 23504
23475, 23505
23476, 23505
23477, 23507
23478, 23507
23479, 23507
23480, 23455
23481, 23455
23482, 23456
23483, 23456
23484, 23456
23508, 23509
23508, 23513
23509, 23508
23509, 23510
23509, 23522
23510, 23509
23510, 23511
23511, 23510
23511, 23512
23511, 23534
23512, 23511
23512, 23513
23512, 23514
23513, 23508
23513, 23512
23513, 23521
23514, 23512
23514, 23515
23514, 23535
23514, 23536
23515, 23514
23515, 23516
23515, 23520
23516, 23515
23516, 23517
23516, 23537
23517, 23516
23517, 23518
23517, 23523
23518, 23517
23518, 23519
23518, 23538
23519, 23518
23519, 23520
23519, 23539
23520, 23515
23520, 23519
23520, 23529
23521, 23513
23521, 23540
23521, 23541
23522, 23509
23522, 23542
23522, 23543
23523, 23517
23523, 23524
23524, 23523
23524, 23525
23524, 23544
23524, 23545
23525, 23524
23525, 23526
23525, 23546
23525, 23547
23526, 23525
23526, 23527
23526, 23548
23526, 23549
23527, 23526
23527, 23528
23527, 23550
23527, 23551
23528, 23527
23528, 23531
23528, 23552
23528, 23553
23529, 23520
23529, 23530
23530, 23529
23530, 23554
23530, 23555
23530, 23556
23531, 23528
23531, 23532
23531, 23557
23531, 23558
23532, 23531
23532, 23533
23532, 23559
23532, 23560
23533, 23532
23533, 23561
23533, 23562
23533, 23563
23534, 23511
23535, 23514
23536, 23514
23537, 23516
23538, 23518
23539, 23519
23540, 23521
23541, 23521
23542, 23522
23543, 23522
23544, 23524
23545, 23524
23546, 23525
23547, 23525
23548, 23526
23549, 23526
23550, 23527
23551, 23527
23552, 23528
23553, 23528
23554, 23530
23555, 23530
23556, 23530
23557, 23531
23558, 23531
23559, 23532
23560, 23532
23561, 23533
23562, 23533
23563, 23533
23581, 23582
23581, 23586
23582, 23581
23582, 23583
23582, 23595
23583, 23582
23583, 23584
23584, 23583
23584, 23585
23584, 23608
23585, 23584
23585, 23586
23585, 23587
23586, 23581
23586, 23585
23586, 23594
23587, 23585
23587, 23588
23587, 23609
23587, 23610
23588, 23587
23588, 23589
23588, 23593
23589, 23588
23589, 23590
23589, 23611
23590, 23589
23590, 23591
23590, 23596
23591, 23590
23591, 23592
23591, 23612
23592, 23591
23592, 23593
23592, 23613
23593, 23588
23593, 23592
23593, 23602
23594, 23586
23594, 23614
23594, 23615
23595, 23582
23595, 23616
23595, 23617
23596, 23590
23596, 23597
23597, 23596
23597, 23598
23597, 23618
23597, 23619
23598, 23597
23598, 23599
23598, 23620
23598, 23621
23599, 23598
23599, 23600
23599, 23622
23599, 23564
23600, 23599
23600, 23601
23600, 23565
23600, 23566
23601, 23600
23601, 23604
23601, 23567
23601, 23568
23602, 23593
23602, 23603
23603, 23602
23603, 23569
23603, 23570
23603, 23571
23604, 23601
23604, 23605
23604, 23572
23604, 23573
23605, 23604
23605, 23606
23605, 23574
23605, 23575
23606, 23605
23606, 23607
23606, 23576
23606, 23577
23607, 23606
23607, 23578
23607, 23579
23607, 23580
23608, 23584
23609, 23587
23610, 23587
23611, 23589
23612, 23591
23613, 23592
23614, 23594
23615, 23594
23616, 23595
23617, 23595
23618, 23597
23619, 23597
23620, 23598
23621, 23598
23622, 23599
23564, 23599
23565, 23600
23566, 23600
23567, 23601
23568, 23601
23569, 23603
23570, 23603
23571, 23603
23572, 23604
23573, 23604
23574, 23605
23575, 23605
23576, 23606
23577, 23606
23578, 23607
23579, 23607
23580, 23607
23623, 23624
23623, 23628
23624, 23623
23624, 23625
23624, 23637
23625, 23624
23625, 23626
23626, 23625
23626, 23627
23626, 23648
23627, 23626
23627, 23628
23627, 23629
23628, 23623
23628, 23627
23628, 23636
23629, 23627
23629, 23630
23629, 23649
23629, 23650
23630, 23629
23630, 23631
23630, 23635
23631, 23630
23631, 23632
23631, 23651
23632, 23631
23632, 23633
23632, 23638
23633, 23632
23633, 23634
23633, 23652
23634, 23633
23634, 23635
23634, 23653
23635, 23630
23635, 23634
23635, 23643
23636, 23628
23636, 23654
23636, 23655
23637, 23624
23637, 23656
23637, 23657
23638, 23632
23638, 23639
23639, 23638
23639, 23640
23639, 23658
23639, 23659
23640, 23639
23640, 23641
23640, 23660
23640, 23661
23641, 23640
23641, 23642
23641, 23662
23641, 23663
23642, 23641
23642, 23645
23642, 23664
23642, 23665
23643, 23635
23643, 23644
23644, 23643
23644, 23666
23644, 23667
23644, 23668
23645, 23642
23645, 23646
23645, 23647
23646, 23645
23647, 23645
23647, 23669
23648, 23626
23649, 23629
23650, 23629
23651, 23631
23652, 23633
23653, 23634
23654, 23636
23655, 23636
23656, 23637
23657, 23637
23658, 23639
23659, 23639
23660, 23640
23661, 23640
23662, 23641
23663, 23641
23664, 23642
23665, 23642
23666, 23644
23667, 23644
23668, 23644
23669, 23647
23670, 23671
23670, 23675
23671, 23670
23671, 23672
23671, 23684
23672, 23671
23672, 23673
23673, 23672
23673, 23674
23673, 23697
23674, 23673
23674, 23675
23674, 23676
23675, 23670
23675, 23674
23675, 23683
23676, 23674
23676, 23677
23676, 23698
23676, 23699
23677, 23676
23677, 23678
23677, 23682
23678, 23677
23678, 23679
23678, 23700
23679, 23678
23679, 23680
23679, 23685
23680, 23679
23680, 23681
23680, 23701
23681, 23680
23681, 23682
23681, 23702
23682, 23677
23682, 23681
23682, 23689
23683, 23675
23683, 23703
23683, 23704
23684, 23671
23684, 23705
23684, 23706
23685, 23679
23685, 23695
23686, 23687
23686, 23694
23686, 23707
23686, 23708
23687, 23686
23687, 23688
23687, 23709
23687, 23710
23688, 23687
23688, 23691
23688, 23711
23688, 23712
23689, 23682
23689, 23690
23690, 23689
23690, 23713
23690, 23714
23690, 23715
23691, 23688
23691, 23692
23691, 23693
23692, 23691
23693, 23691
23693, 23716
23694, 23686
23694, 23696
23694, 23717
23694, 23718
23695, 23685
23695, 23696
23695, 23719
23695, 23720
23696, 23694
23696, 23695
23696, 23721
23696, 23722
23697, 23673
23698, 23676
23699, 23676
23700, 23678
23701, 23680
23702, 23681
23703, 23683
23704, 23683
23705, 23684
23706, 23684
23707, 23686
23708, 23686
23709, 23687
23710, 23687
23711, 23688
23712, 23688
23713, 23690
23714, 23690
23715, 23690
23716, 23693
23717, 23694
23718, 23694
23719, 23695
23720, 23695
23721, 23696
23722, 23696
23762, 23763
23762, 23767
23763, 23762
23763, 23764
23763, 23726
23764, 23763
23764, 23765
23765, 23764
23765, 23766
23765, 23738
23766, 23765
23766, 23767
23766, 23768
23767, 23762
23767, 23766
23767, 23725
23768, 23766
23768, 23769
23768, 23739
23768, 23740
23769, 23768
23769, 23770
23769, 23724
23770, 23769
23770, 23771
23770, 23741
23771, 23770
23771, 23772
23771, 23727
23772, 23771
23772, 23723
23772, 23742
23723, 23772
23723, 23724
23723, 23743
23724, 23769
23724, 23723
23724, 23731
23725, 23767
23725, 23744
23725, 23745
23726, 23763
23726, 23746
23726, 23747
23727, 23771
23727, 23736
23728, 23729
23728, 23737
23728, 23748
23728, 23749
23729, 23728
23729, 23730
23729, 23750
23729, 23751
23730, 23729
23730, 23733
23730, 23752
23730, 23753
23731, 23724
23731, 23732
23732, 23731
23732, 23754
23732, 23755
23732, 23756
23733, 23730
23733, 23734
23733, 23735
23734, 23733
23735, 23733
23735, 23757
23736, 23727
23736, 23737
23736, 23758
23736, 23759
23737, 23728
23737, 23736
23737, 23760
23737, 23761
23738, 23765
23739, 23768
23740, 23768
23741, 23770
23742, 23772
23743, 23723
23744, 23725
23745, 23725
23746, 23726
23747, 23726
23748, 23728
23749, 23728
23750, 23729
23751, 23729
23752, 23730
23753, 23730
23754, 23732
23755, 23732
23756, 23732
23757, 23735
23758, 23736
23759, 23736
23760, 23737
23761, 23737
23773, 23774
23773, 23778
23774, 23773
23774, 23775
23774, 23787
23775, 23774
23775, 23776
23776, 23775
23776, 23777
23776, 23801
23777, 23776
23777, 23778
23777, 23779
23778, 23773
23778, 23777
23778, 23786
23779, 23777
23779, 23780
23779, 23802
23779, 23803
23780, 23779
23780, 23781
23780, 23785
23781, 23780
23781, 23782
23781, 23804
23782, 23781
23782, 23783
23782, 23788
23783, 23782
23783, 23784
23783, 23805
23784, 23783
23784, 23785
23784, 23806
23785, 23780
23785, 23784
23785, 23792
23786, 23778
23786, 23807
23786, 23808
23787, 23774
23787, 23809
23787, 23810
23788, 23782
23788, 23798
23789, 23790
23789, 23797
23789, 23811
23789, 23812
23790, 23789
23790, 23791
23790, 23813
23790, 23814
23791, 23790
23791, 23794
23791, 23815
23791, 23816
23792, 23785
23792, 23793
23793, 23792
23793, 23817
23793, 23818
23793, 23819
23794, 23791
23794, 23795
23794, 23796
23795, 23794
23796, 23794
23796, 23820
23797, 23789
23797, 23799
23797, 23821
23797, 23822
23798, 23788
23798, 23800
23798, 23823
23798, 23824
23799, 23797
23799, 23800
23799, 23825
23799, 23826
23800, 23798
23800, 23799
23800, 23827
23800, 23828
23801, 23776
23802, 23779
23803, 23779
23804, 23781
23805, 23783
23806, 23784
23807, 23786
23808, 23786
23809, 23787
23810, 23787
23811, 23789
23812, 23789
23813, 23790
23814, 23790
23815, 23791
23816, 23791
23817, 23793
23818, 23793
23819, 23793
23820, 23796
23821, 23797
23822, 23797
23823, 23798
23824, 23798
23825, 23799
23826, 23799
23827, 23800
23828, 23800
23855, 23856
23855, 23860
23856, 23855
23856, 23857
23856, 23869
23857, 23856
23857, 23858
23858, 23857
23858, 23859
23858, 23884
23859, 23858
23859, 23860
23859, 23861
23860, 23855
23860, 23859
23860, 23868
23861, 23859
23861, 23862
23861, 23885
23861, 23886
23862, 23861
23862, 23863
23862, 23867
23863, 23862
23863, 23864
23863, 23887
23864, 23863
23864, 23865
23864, 23870
23865, 23864
23865, 23866
23865, 23829
23866, 23865
23866, 23867
23866, 23830
23867, 23862
23867, 23866
23867, 23874
23868, 23860
23868, 23831
23868, 23832
23869, 23856
23869, 23833
23869, 23834
23870, 23864
23870, 23882
23871, 23872
23871, 23879
23871, 23835
23871, 23836
23872, 23871
23872, 23873
23872, 23837
23872, 23838
23873, 23872
23873, 23876
23873, 23839
23873, 23840
23874, 23867
23874, 23875
23875, 23874
23875, 23841
23875, 23842
23875, 23843
23876, 23873
23876, 23877
23876, 23878
23877, 23876
23878, 23876
23878, 23844
23879, 23871
23879, 23880
23879, 23845
23879, 23846
23880, 23879
23880, 23881
23880, 23847
23880, 23848
23881, 23880
23881, 23883
23881, 23849
23881, 23850
23882, 23870
23882, 23883
23882, 23851
23882, 23852
23883, 23881
23883, 23882
23883, 23853
23883, 23854
23884, 23858
23885, 23861
23886, 23861
23887, 23863
23829, 23865
23830, 23866
23831, 23868
23832, 23868
23833, 23869
23834, 23869
23835, 23871
23836, 23871
23837, 23872
23838, 23872
23839, 23873
23840, 23873
23841, 23875
23842, 23875
23843, 23875
23844, 23878
23845, 23879
23846, 23879
23847, 23880
23848, 23880
23849, 23881
23850, 23881
23851, 23882
23852, 23882
23853, 23883
23854, 23883
23888, 23889
23888, 23893
23889, 23888
23889, 23890
23889, 23902
23890, 23889
23890, 23891
23891, 23890
23891, 23892
23891, 23912
23892, 23891
23892, 23893
23892, 23894
23893, 23888
23893, 23892
23893, 23901
23894, 23892
23894, 23895
23894, 23913
23894, 23914
23895, 23894
23895, 23896
23895, 23900
23896, 23895
23896, 23897
23896, 23915
23897, 23896
23897, 23898
23897, 23903
23898, 23897
23898, 23899
23898, 23916
23899, 23898
23899, 23900
23899, 23917
23900, 23895
23900, 23899
23900, 23907
23901, 23893
23901, 23918
23901, 23919
23902, 23889
23902, 23920
23902, 23921
23903, 23897
23903, 23904
23904, 23903
23904, 23905
23904, 23922
23904, 23923
23905, 23904
23905, 23906
23905, 23924
23905, 23925
23906, 23905
23906, 23909
23906, 23926
23906, 23927
23907, 23900
23907, 23908
23908, 23907
23908, 23928
23908, 23929
23908, 23930
23909, 23906
23909, 23910
23909, 23911
23910, 23909
23911, 23909
23911, 23931
23912, 23891
23913, 23894
23914, 23894
23915, 23896
23916, 23898
23917, 23899
23918, 23901
23919, 23901
23920, 23902
23921, 23902
23922, 23904
23923, 23904
23924, 23905
23925, 23905
23926, 23906
23927, 23906
23928, 23908
23929, 23908
23930, 23908
23931, 23911
23932, 23933
23932, 23937
23933, 23932
23933, 23934
23933, 23946
23934, 23933
23934, 23935
23935, 23934
23935, 23936
23935, 23955
23936, 23935
23936, 23937
23936, 23938
23937, 23932
23937, 23936
23937, 23945
23938, 23936
23938, 23939
23938, 23956
23938, 23957
23939, 23938
23939, 23940
23939, 23944
23940, 23939
23940, 23941
23940, 23958
23941, 23940
23941, 23942
23941, 23950
23942, 23941
23942, 23943
23942, 23949
23943, 23942
23943, 23944
23943, 23947
23944, 23939
23944, 23943
23944, 23959
23945, 23937
23945, 23960
23945, 23961
23946, 23933
23946, 23962
23946, 23963
23947, 23943
23947, 23948
23948, 23947
23948, 23964
23948, 23965
23948, 23966
23949, 23942
23950, 23941
23950, 23954
23951, 23952
23951, 23953
23951, 23954
23952, 23951
23953, 23951
23953, 23967
23953, 23968
23954, 23950
23954, 23951
23954, 23969
23954, 23970
23955, 23935
23956, 23938
23957, 23938
23958, 23940
23959, 23944
23960, 23945
23961, 23945
23962, 23946
23963, 23946
23964, 23948
23965, 23948
23966, 23948
23967, 23953
23968, 23953
23969, 23954
23970, 23954
24003, 24004
24003, 24012
24003, 24017
24004, 24003
24004, 24005
24004, 23981
24005, 24004
24005, 24006
24005, 24014
24006, 24005
24006, 24007
24006, 24015
24007, 24006
24007, 24008
24007, 24012
24008, 24007
24008, 24009
24008, 23982
24008, 23983
24009, 24008
24009, 24010
24009, 23984
24009, 23985
24010, 24009
24010, 24011
24010, 24018
24011, 24010
24011, 24012
24011, 23986
24011, 23987
24012, 24003
24012, 24007
24012, 24011
24013, 24014
24013, 24016
24013, 23979
24014, 24005
24014, 24013
24015, 24006
24015, 24016
24015, 23980
24016, 24013
24016, 24015
24017, 24003
24018, 24010
24018, 24019
24018, 23972
24019, 24018
24019, 24020
24019, 23988
24020, 24019
24020, 24021
24020, 23977
24021, 24020
24021, 23971
24021, 23975
23971, 24021
23971, 23972
23971, 23973
23972, 24018
23972, 23971
23972, 23989
23973, 23971
23973, 23974
23974, 23973
23974, 23990
23974, 23991
23974, 23992
23975, 24021
23975, 23976
23976, 23975
23976, 23993
23976, 23994
23976, 23995
23977, 24020
23977, 23978
23978, 23977
23978, 23996
23978, 23997
23978, 23998
23979, 24013
23979, 23999
23979, 24000
23980, 24015
23980, 24001
23980, 24002
23981, 24004
23982, 24008
23983, 24008
23984, 24009
23985, 24009
23986, 24011
23987, 24011
23988, 24019
23989, 23972
23990, 23974
23991, 23974
23992, 23974
23993, 23976
23994, 23976
23995, 23976
23996, 23978
23997, 23978
23998, 23978
23999, 23979
24000, 23979
24001, 23980
24002, 23980
24022, 24023
24022, 24031
24022, 24036
24023, 24022
24023, 24024
24024, 24023
24024, 24025
24024, 24033
24025, 24024
24025, 24026
24025, 24034
24026, 24025
24026, 24027
24026, 24031
24027, 24026
24027, 24028
24027, 24051
24027, 24052
24028, 24027
24028, 24029
24028, 24053
24028, 24054
24029, 24028
24029, 24030
24029, 24037
24030, 24029
24030, 24031
24030, 24055
24031, 24022
24031, 24026
24031, 24030
24032, 24033
24032, 24035
24032, 24049
24033, 24024
24033, 24032
24034, 24025
24034, 24035
24034, 24050
24035, 24032
24035, 24034
24036, 24022
24037, 24029
24037, 24038
24037, 24042
24038, 24037
24038, 24039
24038, 24056
24039, 24038
24039, 24040
24039, 24047
24040, 24039
24040, 24041
24040, 24045
24041, 24040
24041, 24042
24041, 24043
24042, 24037
24042, 24041
24042, 24057
24043, 24041
24043, 24044
24044, 24043
24044, 24058
24044, 24059
24044, 24060
24045, 24040
24045, 24046
24046, 24045
24046, 24061
24046, 24062
24046, 24063
24047, 24039
24047, 24048
24048, 24047
24048, 24064
24048, 24065
24048, 24066
24049, 24032
24049, 24067
24049, 24068
24050, 24034
24050, 24069
24050, 24070
24051, 24027
24052, 24027
24053, 24028
24054, 24028
24055, 24030
24056, 24038
24057, 24042
24058, 24044
24059, 24044
24060, 24044
24061, 24046
24062, 24046
24063, 24046
24064, 24048
24065, 24048
24066, 24048
24067, 24049
24068, 24049
24069, 24050
24070, 24050
24071, 24072
24071, 24080
24071, 24085
24072, 24071
24072, 24073
24073, 24072
24073, 24074
24073, 24082
24074, 24073
24074, 24075
24074, 24083
24075, 24074
24075, 24076
24075, 24080
24076, 24075
24076, 24077
24076, 24102
24077, 24076
24077, 24078
24077, 24103
24078, 24077
24078, 24079
24078, 24086
24079, 24078
24079, 24080
24079, 24104
24080, 24071
24080, 24075
24080, 24079
24081, 24082
24081, 24084
24081, 24098
24082, 24073
24082, 24081
24083, 24074
24083, 24084
24083, 24099
24084, 24081
24084, 24083
24085, 24071
24086, 24078
24086, 24087
24086, 24091
24087, 24086
24087, 24088
24087, 24101
24088, 24087
24088, 24089
24088, 24096
24089, 24088
24089, 24090
24089, 24094
24090, 24089
24090, 24091
24090, 24092
24091, 24086
24091, 24090
24091, 24100
24092, 24090
24092, 24093
24093, 24092
24093, 24105
24093, 24106
24093, 24107
24094, 24089
24094, 24095
24095, 24094
24095, 24108
24095, 24109
24095, 24110
24096, 24088
24096, 24097
24097, 24096
24097, 24111
24097, 24112
24097, 24113
24098, 24081
24098, 24114
24098, 24115
24099, 24083
24099, 24116
24099, 24117
24100, 24091
24101, 24087
24102, 24076
24103, 24077
24104, 24079
24105, 24093
24106, 24093
24107, 24093
24108, 24095
24109, 24095
24110, 24095
24111, 24097
24112, 24097
24113, 24097
24114, 24098
24115, 24098
24116, 24099
24117, 24099
24118, 24119
24118, 24127
24118, 24146
24119, 24118
24119, 24120
24120, 24119
24120, 24121
24120, 24129
24121, 24120
24121, 24122
24121, 24130
24122, 24121
24122, 24123
24122, 24127
24123, 24122
24123, 24124
24123, 24147
24123, 24148
24124, 24123
24124, 24125
24124, 24149
24124, 24150
24125, 24124
24125, 24126
24125, 24132
24126, 24125
24126, 24127
24126, 24151
24126, 24152
24127, 24118
24127, 24122
24127, 24126
24128, 24129
24128, 24131
24128, 24144
24129, 24120
24129, 24128
24130, 24121
24130, 24131
24130, 24145
24131, 24128
24131, 24130
24132, 24125
24132, 24133
24132, 24137
24133, 24132
24133, 24134
24133, 24153
24134, 24133
24134, 24135
24134, 24142
24135, 24134
24135, 24136
24135, 24140
24136, 24135
24136, 24137
24136, 24138
24137, 24132
24137, 24136
24137, 24154
24138, 24136
24138, 24139
24139, 24138
24139, 24155
24139, 24156
24139, 24157
24140, 24135
24140, 24141
24141, 24140
24141, 24158
24141, 24159
24141, 24160
24142, 24134
24142, 24143
24143, 24142
24143, 24161
24143, 24162
24143, 24163
24144, 24128
24144, 24164
24144, 24165
24145, 24130
24145, 24166
24145, 24167
24146, 24118
24147, 24123
24148, 24123
24149, 24124
24150, 24124
24151, 24126
24152, 24126
24153, 24133
24154, 24137
24155, 24139
24156, 24139
24157, 24139
24158, 24141
24159, 24141
24160, 24141
24161, 24143
24162, 24143
24163, 24143
24164, 24144
24165, 24144
24166, 24145
24167, 24145
24168, 24169
24168, 24177
24168, 24196
24169, 24168
24169, 24170
24170, 24169
24170, 24171
24170, 24179
24171, 24170
24171, 24172
24171, 24180
24172, 24171
24172, 24173
24172, 24177
24173, 24172
24173, 24174
24173, 24197
24174, 24173
24174, 24175
24174, 24198
24175, 24174
24175, 24176
24175, 24182
24176, 24175
24176, 24177
24176, 24199
24176, 24200
24177, 24168
24177, 24172
24177, 24176
24178, 24179
24178, 24181
24178, 24194
24179, 24170
24179, 24178
24180, 24171
24180, 24181
24180, 24195
24181, 24178
24181, 24180
24182, 24175
24182, 24183
24182, 24187
24183, 24182
24183, 24184
24183, 24201
24184, 24183
24184, 24185
24184, 24192
24185, 24184
24185, 24186
24185, 24190
24186, 24185
24186, 24187
24186, 24188
24187, 24182
24187, 24186
24187, 24202
24188, 24186
24188, 24189
24189, 24188
24189, 24203
24189, 24204
24189, 24205
24190, 24185
24190, 24191
24191, 24190
24191, 24206
24191, 24207
24191, 24208
24192, 24184
24192, 24193
24193, 24192
24193, 24209
24193, 24210
24193, 24211
24194, 24178
24194, 24212
24194, 24213
24195, 24180
24195, 24214
24195, 24215
24196, 24168
24197, 24173
24198, 24174
24199, 24176
24200, 24176
24201, 24183
24202, 24187
24203, 24189
24204, 24189
24205, 24189
24206, 24191
24207, 24191
24208, 24191
24209, 24193
24210, 24193
24211, 24193
24212, 24194
24213, 24194
24214, 24195
24215, 24195
24240, 24241
24240, 24249
24240, 24268
24240, 24269
24241, 24240
24241, 24242
24241, 24216
24242, 24241
24242, 24243
24242, 24251
24243, 24242
24243, 24244
24243, 24252
24244, 24243
24244, 24245
24244, 24249
24244, 24217
24245, 24244
24245, 24246
24245, 24218
24245, 24219
24246, 24245
24246, 24247
24246, 24220
24246, 24221
24247, 24246
24247, 24248
24247, 24254
24248, 24247
24248, 24249
24248, 24222
24248, 24223
24249, 24240
24249, 24244
24249, 24248
24249, 24224
24250, 24251
24250, 24253
24250, 24266
24251, 24242
24251, 24250
24252, 24243
24252, 24253
24252, 24267
24253, 24250
24253, 24252
24254, 24247
24254, 24255
24254, 24259
24255, 24254
24255, 24256
24255, 24225
24256, 24255
24256, 24257
24256, 24264
24257, 24256
24257, 24258
24257, 24262
24258, 24257
24258, 24259
24258, 24260
24259, 24254
24259, 24258
24259, 24226
24260, 24258
24260, 24261
24261, 24260
24261, 24227
24261, 24228
24261, 24229
24262, 24257
24262, 24263
24263, 24262
24263, 24230
24263, 24231
24263, 24232
24264, 24256
24264, 24265
24265, 24264
24265, 24233
24265, 24234
24265, 24235
24266, 24250
24266, 24236
24266, 24237
24267, 24252
24267, 24238
24267, 24239
24268, 24240
24269, 24240
24216, 24241
24217, 24244
24218, 24245
24219, 24245
24220, 24246
24221, 24246
24222, 24248
24223, 24248
24224, 24249
24225, 24255
24226, 24259
24227, 24261
24228, 24261
24229, 24261
24230, 24263
24231, 24263
24232, 24263
24233, 24265
24234, 24265
24235, 24265
24236, 24266
24237, 24266
24238, 24267
24239, 24267
24270, 24271
24270, 24275
24271, 24270
24271, 24272
24271, 24281
24272, 24271
24272, 24273
24273, 24272
24273, 24274
24273, 24276
24274, 24273
24274, 24275
24274, 24279
24275, 24270
24275, 24274
24275, 24280
24276, 24273
24276, 24277
24277, 24276
24277, 24278
24277, 24283
24278, 24277
24278, 24279
24278, 24282
24279, 24274
24279, 24278
24279, 24292
24280, 24275
24280, 24293
24280, 24294
24281, 24271
24281, 24295
24281, 24296
24282, 24278
24282, 24285
24282, 24297
24283, 24277
24283, 24284
24283, 24286
24284, 24283
24284, 24285
24284, 24289
24285, 24282
24285, 24284
24285, 24298
24286, 24283
24286, 24287
24286, 24299
24287, 24286
24287, 24288
24287, 24290
24288, 24287
24288, 24289
24288, 24300
24289, 24284
24289, 24288
24289, 24301
24290, 24287
24290, 24291
24291, 24290
24291, 24302
24291, 24303
24291, 24304
24292, 24279
24293, 24280
24294, 24280
24295, 24281
24296, 24281
24297, 24282
24298, 24285
24299, 24286
24300, 24288
24301, 24289
24302, 24291
24303, 24291
24304, 24291
24305, 24306
24305, 24313
24305, 24318
24306, 24305
24306, 24307
24306, 24334
24307, 24306
24307, 24308
24307, 24315
24308, 24307
24308, 24309
24308, 24316
24309, 24308
24309, 24310
24309, 24313
24310, 24309
24310, 24311
24310, 24335
24310, 24336
24311, 24310
24311, 24312
24311, 24333
24312, 24311
24312, 24313
24312, 24337
24312, 24338
24313, 24305
24313, 24309
24313, 24312
24314, 24315
24314, 24317
24314, 24331
24315, 24307
24315, 24314
24316, 24308
24316, 24317
24316, 24332
24317, 24314
24317, 24316
24318, 24305
24319, 24320
24319, 24324
24319, 24333
24320, 24319
24320, 24321
24320, 24339
24321, 24320
24321, 24322
24321, 24329
24322, 24321
24322, 24323
24322, 24327
24323, 24322
24323, 24324
24323, 24325
24324, 24319
24324, 24323
24324, 24340
24325, 24323
24325, 24326
24326, 24325
24326, 24341
24326, 24342
24326, 24343
24327, 24322
24327, 24328
24328, 24327
24328, 24344
24328, 24345
24328, 24346
24329, 24321
24329, 24330
24330, 24329
24330, 24347
24330, 24348
24330, 24349
24331, 24314
24331, 24350
24331, 24351
24332, 24316
24332, 24352
24332, 24353
24333, 24311
24333, 24319
24333, 24354
24333, 24355
24334, 24306
24335, 24310
24336, 24310
24337, 24312
24338, 24312
24339, 24320
24340, 24324
24341, 24326
24342, 24326
24343, 24326
24344, 24328
24345, 24328
24346, 24328
24347, 24330
24348, 24330
24349, 24330
24350, 24331
24351, 24331
24352, 24332
24353, 24332
24354, 24333
24355, 24333
24387, 24388
24387, 24395
24387, 24400
24388, 24387
24388, 24389
24389, 24388
24389, 24390
24389, 24397
24390, 24389
24390, 24391
24390, 24398
24391, 24390
24391, 24392
24391, 24395
24392, 24391
24392, 24393
24392, 24367
24392, 24368
24393, 24392
24393, 24394
24393, 24366
24394, 24393
24394, 24395
24394, 24369
24395, 24387
24395, 24391
24395, 24394
24396, 24397
24396, 24399
24396, 24364
24397, 24389
24397, 24396
24398, 24390
24398, 24399
24398, 24365
24399, 24396
24399, 24398
24400, 24387
24401, 24402
24401, 24357
24401, 24366
24402, 24401
24402, 24403
24402, 24370
24403, 24402
24403, 24404
24403, 24362
24404, 24403
24404, 24356
24404, 24360
24356, 24404
24356, 24357
24356, 24358
24357, 24401
24357, 24356
24357, 24371
24358, 24356
24358, 24359
24359, 24358
24359, 24372
24359, 24373
24359, 24374
24360, 24404
24360, 24361
24361, 24360
24361, 24375
24361, 24376
24361, 24377
24362, 24403
24362, 24363
24363, 24362
24363, 24378
24363, 24379
24363, 24380
24364, 24396
24364, 24381
24364, 24382
24365, 24398
24365, 24383
24365, 24384
24366, 24393
24366, 24401
24366, 24385
24366, 24386
24367, 24392
24368, 24392
24369, 24394
24370, 24402
24371, 24357
24372, 24359
24373, 24359
24374, 24359
24375, 24361
24376, 24361
24377, 24361
24378, 24363
24379, 24363
24380, 24363
24381, 24364
24382, 24364
24383, 24365
24384, 24365
24385, 24366
24386, 24366
24405, 24406
24405, 24413
24405, 24433
24406, 24405
24406, 24407
24407, 24406
24407, 24408
24407, 24415
24408, 24407
24408, 24409
24408, 24416
24409, 24408
24409, 24410
24409, 24413
24410, 24409
24410, 24411
24410, 24434
24410, 24435
24411, 24410
24411, 24412
24411, 24432
24412, 24411
24412, 24413
24412, 24436
24412, 24437
24413, 24405
24413, 24409
24413, 24412
24414, 24415
24414, 24417
24414, 24430
24415, 24407
24415, 24414
24416, 24408
24416, 24417
24416, 24431
24417, 24414
24417, 24416
24418, 24419
24418, 24423
24418, 24432
24419, 24418
24419, 24420
24419, 24438
24420, 24419
24420, 24421
24420, 24428
24421, 24420
24421, 24422
24421, 24426
24422, 24421
24422, 24423
24422, 24424
24423, 24418
24423, 24422
24423, 24439
24424, 24422
24424, 24425
24425, 24424
24425, 24440
24425, 24441
24425, 24442
24426, 24421
24426, 24427
24427, 24426
24427, 24443
24427, 24444
24427, 24445
24428, 24420
24428, 24429
24429, 24428
24429, 24446
24429, 24447
24429, 24448
24430, 24414
24430, 24449
24430, 24450
24431, 24416
24431, 24451
24431, 24452
24432, 24411
24432, 24418
24432, 24453
24432, 24454
24433, 24405
24434, 24410
24435, 24410
24436, 24412
24437, 24412
24438, 24419
24439, 24423
24440, 24425
24441, 24425
24442, 24425
24443, 24427
24444, 24427
24445, 24427
24446, 24429
24447, 24429
24448, 24429
24449, 24430
24450, 24430
24451, 24431
24452, 24431
24453, 24432
24454, 24432
24458, 24459
24458, 24463
24459, 24458
24459, 24460
24459, 24469
24460, 24459
24460, 24461
24461, 24460
24461, 24462
24461, 24464
24462, 24461
24462, 24463
24462, 24467
24463, 24458
24463, 24462
24463, 24468
24464, 24461
24464, 24465
24464, 24471
24464, 24472
24465, 24464
24465, 24466
24465, 24473
24465, 24474
24466, 24465
24466, 24467
24466, 24470
24466, 24475
24467, 24462
24467, 24466
24467, 24476
24467, 24477
24468, 24463
24468, 24478
24468, 24479
24469, 24459
24469, 24480
24469, 24481
24470, 24466
24470, 24471
24470, 24482
24470, 24455
24471, 24464
24471, 24470
24471, 24456
24471, 24457
24472, 24464
24473, 24465
24474, 24465
24475, 24466
24476, 24467
24477, 24467
24478, 24468
24479, 24468
24480, 24469
24481, 24469
24482, 24470
24455, 24470
24456, 24471
24457, 24471
24483, 24484
24483, 24488
24484, 24483
24484, 24485
24484, 24494
24485, 24484
24485, 24486
24486, 24485
24486, 24487
24486, 24489
24487, 24486
24487, 24488
24487, 24492
24488, 24483
24488, 24487
24488, 24493
24489, 24486
24489, 24490
24489, 24495
24489, 24496
24490, 24489
24490, 24491
24490, 24497
24490, 24498
24491, 24490
24491, 24492
24491, 24499
24491, 24500
24492, 24487
24492, 24491
24492, 24495
24492, 24501
24493, 24488
24493, 24502
24493, 24503
24494, 24484
24494, 24504
24494, 24505
24495, 24489
24495, 24492
24495, 24506
24495, 24507
24496, 24489
24497, 24490
24498, 24490
24499, 24491
24500, 24491
24501, 24492
24502, 24493
24503, 24493
24504, 24494
24505, 24494
24506, 24495
24507, 24495
24508, 24509
24508, 24513
24509, 24508
24509, 24510
24509, 24519
24510, 24509
24510, 24511
24511, 24510
24511, 24512
24511, 24514
24512, 24511
24512, 24513
24512, 24517
24513, 24508
24513, 24512
24513, 24518
24514, 24511
24514, 24515
24514, 24520
24514, 24523
24515, 24514
24515, 24516
24515, 24521
24515, 24522
24516, 24515
24516, 24517
24516, 24520
24516, 24524
24517, 24512
24517, 24516
24517, 24525
24517, 24526
24518, 24513
24518, 24527
24518, 24528
24519, 24509
24519, 24529
24519, 24530
24520, 24514
24520, 24516
24520, 24531
24520, 24532
24521, 24515
24521, 24533
24521, 24534
24521, 24535
24522, 24515
24522, 24536
24522, 24537
24522, 24538
24523, 24514
24524, 24516
24525, 24517
24526, 24517
24527, 24518
24528, 24518
24529, 24519
24530, 24519
24531, 24520
24532, 24520
24533, 24521
24534, 24521
24535, 24521
24536, 24522
24537, 24522
24538, 24522
24539, 24540
24539, 24544
24540, 24539
24540, 24541
24540, 24550
24541, 24540
24541, 24542
24542, 24541
24542, 24543
24542, 24545
24543, 24542
24543, 24544
24543, 24548
24544, 24539
24544, 24543
24544, 24549
24545, 24542
24545, 24546
24545, 24552
24545, 24553
24546, 24545
24546, 24547
24546, 24554
24546, 24555
24547, 24546
24547, 24548
24547, 24556
24547, 24557
24548, 24543
24548, 24547
24548, 24551
24549, 24544
24549, 24558
24549, 24559
24550, 24540
24550, 24560
24550, 24561
24551, 24548
24551, 24552
24551, 24562
24551, 24563
24552, 24545
24552, 24551
24552, 24564
24552, 24565
24553, 24545
24554, 24546
24555, 24546
24556, 24547
24557, 24547
24558, 24549
24559, 24549
24560, 24550
24561, 24550
24562, 24551
24563, 24551
24564, 24552
24565, 24552
24566, 24567
24566, 24571
24567, 24566
24567, 24568
24567, 24577
24568, 24567
24568, 24569
24569, 24568
24569, 24570
24569, 24572
24570, 24569
24570, 24571
24570, 24575
24571, 24566
24571, 24570
24571, 24576
24572, 24569
24572, 24573
24572, 24582
24572, 24583
24573, 24572
24573, 24574
24573, 24581
24573, 24584
24574, 24573
24574, 24575
24574, 24585
24574, 24586
24575, 24570
24575, 24574
24575, 24578
24575, 24587
24576, 24571
24576, 24588
24576, 24589
24577, 24567
24577, 24590
24577, 24591
24578, 24575
24578, 24579
24578, 24592
24578, 24593
24579, 24578
24579, 24580
24579, 24581
24580, 24579
24581, 24573
24581, 24579
24581, 24594
24581, 24595
24582, 24572
24583, 24572
24584, 24573
24585, 24574
24586, 24574
24587, 24575
24588, 24576
24589, 24576
24590, 24577
24591, 24577
24592, 24578
24593, 24578
24594, 24581
24595, 24581
24619, 24620
24619, 24624
24620, 24619
24620, 24621
24620, 24626
24621, 24620
24621, 24622
24622, 24621
24622, 24623
24622, 24627
24623, 24622
24623, 24624
24623, 24629
24624, 24619
24624, 24623
24624, 24625
24625, 24624
24625, 24601
24625, 24602
24626, 24620
24626, 24603
24626, 24604
24627, 24622
24627, 24628
24627, 24596
24628, 24627
24628, 24629
24628, 24630
24629, 24623
24629, 24628
24629, 24605
24629, 24606
24630, 24628
24630, 24607
24630, 24608
24630, 24609
24596, 24627
24596, 24597
24596, 24610
24596, 24611
24597, 24596
24597, 24598
24597, 24612
24598, 24597
24598, 24599
24598, 24613
24599, 24598
24599, 24600
24599, 24614
24599, 24615
24600, 24599
24600, 24616
24600, 24617
24600, 24618
24601, 24625
24602, 24625
24603, 24626
24604, 24626
24605, 24629
24606, 24629
24607, 24630
24608, 24630
24609, 24630
24610, 24596
24611, 24596
24612, 24597
24613, 24598
24614, 24599
24615, 24599
24616, 24600
24617, 24600
24618, 24600
24631, 24632
24631, 24636
24632, 24631
24632, 24633
24632, 24642
24633, 24632
24633, 24634
24634, 24633
24634, 24635
24634, 24637
24635, 24634
24635, 24636
24635, 24640
24636, 24631
24636, 24635
24636, 24641
24637, 24634
24637, 24638
24637, 24643
24638, 24637
24638, 24639
24638, 24645
24639, 24638
24639, 24640
24639, 24646
24639, 24647
24640, 24635
24640, 24639
24640, 24648
24640, 24649
24641, 24636
24641, 24650
24641, 24651
24642, 24632
24642, 24652
24642, 24653
24643, 24637
24643, 24644
24643, 24654
24644, 24643
24644, 24645
24644, 24655
24645, 24638
24645, 24644
24646, 24639
24647, 24639
24648, 24640
24649, 24640
24650, 24641
24651, 24641
24652, 24642
24653, 24642
24654, 24643
24655, 24644
24656, 24657
24656, 24661
24657, 24656
24657, 24658
24657, 24663
24658, 24657
24658, 24659
24659, 24658
24659, 24660
24659, 24664
24660, 24659
24660, 24661
24660, 24666
24661, 24656
24661, 24660
24661, 24662
24662, 24661
24662, 24671
24662, 24672
24663, 24657
24663, 24673
24663, 24674
24664, 24659
24664, 24665
24664, 24667
24665, 24664
24665, 24666
24665, 24670
24666, 24660
24666, 24665
24666, 24675
24666, 24676
24667, 24664
24667, 24668
24667, 24677
24668, 24667
24668, 24669
24668, 24678
24669, 24668
24669, 24670
24669, 24679
24670, 24665
24670, 24669
24670, 24680
24671, 24662
24672, 24662
24673, 24663
24674, 24663
24675, 24666
24676, 24666
24677, 24667
24678, 24668
24679, 24669
24680, 24670
24681, 24682
24681, 24686
24682, 24681
24682, 24683
24682, 24692
24683, 24682
24683, 24684
24684, 24683
24684, 24685
24684, 24687
24685, 24684
24685, 24686
24685, 24690
24686, 24681
24686, 24685
24686, 24691
24687, 24684
24687, 24688
24688, 24687
24688, 24689
24688, 24694
24689, 24688
24689, 24690
24689, 24693
24690, 24685
24690, 24689
24690, 24701
24691, 24686
24691, 24702
24691, 24703
24692, 24682
24692, 24704
24692, 24705
24693, 24689
24693, 24696
24693, 24700
24694, 24688
24694, 24695
24694, 24706
24694, 24707
24695, 24694
24695, 24696
24695, 24708
24695, 24709
24696, 24693
24696, 24695
24696, 24697
24697, 24696
24697, 24698
24697, 24710
24698, 24697
24698, 24699
24698, 24711
24699, 24698
24699, 24700
24699, 24712
24700, 24693
24700, 24699
24700, 24713
24701, 24690
24702, 24691
24703, 24691
24704, 24692
24705, 24692
24706, 24694
24707, 24694
24708, 24695
24709, 24695
24710, 24697
24711, 24698
24712, 24699
24713, 24700
24729, 24730
24729, 24734
24730, 24729
24730, 24731
24730, 24740
24731, 24730
24731, 24732
24732, 24731
24732, 24733
24732, 24735
24733, 24732
24733, 24734
24733, 24738
24734, 24729
24734, 24733
24734, 24739
24735, 24732
24735, 24736
24736, 24735
24736, 24737
24736, 24742
24737, 24736
24737, 24738
24737, 24741
24738, 24733
24738, 24737
24738, 24714
24739, 24734
24739, 24715
24739, 24716
24740, 24730
24740, 24717
24740, 24718
24741, 24737
24741, 24744
24741, 24748
24742, 24736
24742, 24743
24742, 24719
24742, 24720
24743, 24742
24743, 24744
24743, 24721
24743, 24722
24744, 24741
24744, 24743
24744, 24745
24745, 24744
24745, 24746
24745, 24723
24746, 24745
24746, 24747
24746, 24724
24747, 24746
24747, 24748
24747, 24749
24748, 24741
24748, 24747
24748, 24725
24749, 24747
24749, 24750
24750, 24749
24750, 24726
24750, 24727
24750, 24728
24714, 24738
24715, 24739
24716, 24739
24717, 24740
24718, 24740
24719, 24742
24720, 24742
24721, 24743
24722, 24743
24723, 24745
24724, 24746
24725, 24748
24726, 24750
24727, 24750
24728, 24750
24751, 24752
24751, 24756
24752, 24751
24752, 24753
24752, 24762
24753, 24752
24753, 24754
24754, 24753
24754, 24755
24754, 24757
24755, 24754
24755, 24756
24755, 24760
24756, 24751
24756, 24755
24756, 24761
24757, 24754
24757, 24758
24758, 24757
24758, 24759
24758, 24764
24759, 24758
24759, 24760
24759, 24763
24760, 24755
24760, 24759
24760, 24773
24761, 24756
24761, 24774
24761, 24775
24762, 24752
24762, 24776
24762, 24777
24763, 24759
24763, 24766
24763, 24770
24764, 24758
24764, 24765
24764, 24778
24764, 24779
24765, 24764
24765, 24766
24765, 24780
24765, 24781
24766, 24763
24766, 24765
24766, 24767
24767, 24766
24767, 24768
24767, 24782
24768, 24767
24768, 24769
24768, 24771
24769, 24768
24769, 24770
24769, 24783
24770, 24763
24770, 24769
24770, 24784
24771, 24768
24771, 24772
24772, 24771
24772, 24785
24772, 24786
24772, 24787
24773, 24760
24774, 24761
24775, 24761
24776, 24762
24777, 24762
24778, 24764
24779, 24764
24780, 24765
24781, 24765
24782, 24767
24783, 24769
24784, 24770
24785, 24772
24786, 24772
24787, 24772
24788, 24789
24788, 24793
24789, 24788
24789, 24790
24789, 24799
24790, 24789
24790, 24791
24791, 24790
24791, 24792
24791, 24794
24792, 24791
24792, 24793
24792, 24797
24793, 24788
24793, 24792
24793, 24798
24794, 24791
24794, 24795
24795, 24794
24795, 24796
24795, 24801
24796, 24795
24796, 24797
24796, 24800
24797, 24792
24797, 24796
24797, 24808
24798, 24793
24798, 24809
24798, 24810
24799, 24789
24799, 24811
24799, 24812
24800, 24796
24800, 24803
24800, 24807
24801, 24795
24801, 24802
24801, 24813
24802, 24801
24802, 24803
24802, 24814
24803, 24800
24803, 24802
24803, 24804
24804, 24803
24804, 24805
24804, 24815
24805, 24804
24805, 24806
24805, 24816
24806, 24805
24806, 24807
24806, 24817
24807, 24800
24807, 24806
24807, 24818
24808, 24797
24809, 24798
24810, 24798
24811, 24799
24812, 24799
24813, 24801
24814, 24802
24815, 24804
24816, 24805
24817, 24806
24818, 24807
24819, 24820
24819, 24824
24820, 24819
24820, 24821
24820, 24830
24821, 24820
24821, 24822
24822, 24821
24822, 24823
24822, 24825
24823, 24822
24823, 24824
24823, 24828
24824, 24819
24824, 24823
24824, 24829
24825, 24822
24825, 24826
24826, 24825
24826, 24827
24826, 24832
24827, 24826
24827, 24828
24827, 24831
24828, 24823
24828, 24827
24828, 24841
24829, 24824
24829, 24842
24829, 24843
24830, 24820
24830, 24844
24830, 24845
24831, 24827
24831, 24834
24831, 24838
24832, 24826
24832, 24833
24832, 24846
24833, 24832
24833, 24834
24833, 24847
24834, 24831
24834, 24833
24834, 24835
24835, 24834
24835, 24836
24835, 24848
24836, 24835
24836, 24837
24836, 24849
24837, 24836
24837, 24838
24837, 24839
24838, 24831
24838, 24837
24838, 24850
24839, 24837
24839, 24840
24840, 24839
24840, 24851
24840, 24852
24840, 24853
24841, 24828
24842, 24829
24843, 24829
24844, 24830
24845, 24830
24846, 24832
24847, 24833
24848, 24835
24849, 24836
24850, 24838
24851, 24840
24852, 24840
24853, 24840
24877, 24878
24877, 24882
24878, 24877
24878, 24879
24878, 24855
24879, 24878
24879, 24880
24880, 24879
24880, 24881
24880, 24883
24881, 24880
24881, 24882
24881, 24886
24882, 24877
24882, 24881
24882, 24854
24883, 24880
24883, 24884
24884, 24883
24884, 24885
24884, 24857
24885, 24884
24885, 24886
24885, 24856
24886, 24881
24886, 24885
24886, 24864
24854, 24882
24854, 24865
24854, 24866
24855, 24878
24855, 24867
24855, 24868
24856, 24885
24856, 24859
24856, 24869
24856, 24870
24857, 24884
24857, 24858
24857, 24860
24858, 24857
24858, 24859
24858, 24863
24859, 24856
24859, 24858
24859, 24871
24859, 24872
24860, 24857
24860, 24861
24860, 24873
24861, 24860
24861, 24862
24861, 24874
24862, 24861
24862, 24863
24862, 24875
24863, 24858
24863, 24862
24863, 24876
24864, 24886
24865, 24854
24866, 24854
24867, 24855
24868, 24855
24869, 24856
24870, 24856
24871, 24859
24872, 24859
24873, 24860
24874, 24861
24875, 24862
24876, 24863
24887, 24888
24887, 24892
24888, 24887
24888, 24889
24888, 24898
24889, 24888
24889, 24890
24890, 24889
24890, 24891
24890, 24893
24891, 24890
24891, 24892
24891, 24896
24892, 24887
24892, 24891
24892, 24897
24893, 24890
24893, 24894
24894, 24893
24894, 24895
24894, 24900
24895, 24894
24895, 24896
24895, 24899
24896, 24891
24896, 24895
24896, 24909
24897, 24892
24897, 24910
24897, 24911
24898, 24888
24898, 24912
24898, 24913
24899, 24895
24899, 24902
24899, 24914
24899, 24915
24900, 24894
24900, 24901
24900, 24903
24901, 24900
24901, 24902
24901, 24906
24902, 24899
24902, 24901
24902, 24916
24902, 24917
24903, 24900
24903, 24904
24903, 24918
24904, 24903
24904, 24905
24904, 24907
24905, 24904
24905, 24906
24905, 24919
24906, 24901
24906, 24905
24906, 24920
24907, 24904
24907, 24908
24908, 24907
24908, 24921
24908, 24922
24908, 24923
24909, 24896
24910, 24897
24911, 24897
24912, 24898
24913, 24898
24914, 24899
24915, 24899
24916, 24902
24917, 24902
24918, 24903
24919, 24905
24920, 24906
24921, 24908
24922, 24908
24923, 24908
24924, 24925
24924, 24929
24925, 24924
24925, 24926
24925, 24935
24926, 24925
24926, 24927
24927, 24926
24927, 24928
24927, 24930
24928, 24927
24928, 24929
24928, 24933
24929, 24924
24929, 24928
24929, 24934
24930, 24927
24930, 24931
24931, 24930
24931, 24932
24931, 24937
24932, 24931
24932, 24933
24932, 24936
24933, 24928
24933, 24932
24933, 24946
24934, 24929
24934, 24947
24934, 24948
24935, 24925
24935, 24949
24935, 24950
24936, 24932
24936, 24939
24936, 24951
24936, 24952
24937, 24931
24937, 24938
24937, 24940
24938, 24937
24938, 24939
24938, 24943
24939, 24936
24939, 24938
24939, 24953
24939, 24954
24940, 24937
24940, 24941
24940, 24955
24941, 24940
24941, 24942
24941, 24956
24942, 24941
24942, 24943
24942, 24957
24943, 24938
24943, 24942
24943, 24944
24944, 24943
24944, 24945
24945, 24944
24945, 24958
24945, 24959
24945, 24960
24946, 24933
24947, 24934
24948, 24934
24949, 24935
24950, 24935
24951, 24936
24952, 24936
24953, 24939
24954, 24939
24955, 24940
24956, 24941
24957, 24942
24958, 24945
24959, 24945
24960, 24945
24967, 24968
24967, 24972
24968, 24967
24968, 24969
24968, 24978
24969, 24968
24969, 24970
24970, 24969
24970, 24971
24970, 24973
24971, 24970
24971, 24972
24971, 24976
24972, 24967
24972, 24971
24972, 24977
24973, 24970
24973, 24974
24974, 24973
24974, 24975
24974, 24980
24975, 24974
24975, 24976
24975, 24979
24976, 24971
24976, 24975
24976, 24989
24977, 24972
24977, 24990
24977, 24991
24978, 24968
24978, 24992
24978, 24993
24979, 24975
24979, 24982
24979, 24994
24979, 24995
24980, 24974
24980, 24981
24980, 24983
24981, 24980
24981, 24982
24981, 24986
24982, 24979
24982, 24981
24982, 24996
24982, 24997
24983, 24980
24983, 24984
24983, 24961
24984, 24983
24984, 24985
24984, 24962
24985, 24984
24985, 24986
24985, 24987
24986, 24981
24986, 24985
24986, 24963
24987, 24985
24987, 24988
24988, 24987
24988, 24964
24988, 24965
24988, 24966
24989, 24976
24990, 24977
24991, 24977
24992, 24978
24993, 24978
24994, 24979
24995, 24979
24996, 24982
24997, 24982
24961, 24983
24962, 24984
24963, 24986
24964, 24988
24965, 24988
24966, 24988
24998, 24999
24998, 25003
24999, 24998
24999, 25000
24999, 25009
25000, 24999
25000, 25001
25001, 25000
25001, 25002
25001, 25004
25002, 25001
25002, 25003
25002, 25007
25003, 24998
25003, 25002
25003, 25008
25004, 25001
25004, 25005
25005, 25004
25005, 25006
25005, 25011
25006, 25005
25006, 25007
25006, 25010
25007, 25002
25007, 25006
25007, 25018
25008, 25003
25008, 25019
25008, 25020
25009, 24999
25009, 25021
25009, 25022
25010, 25006
25010, 25013
25010, 25023
25011, 25005
25011, 25012
25011, 25014
25012, 25011
25012, 25013
25012, 25017
25013, 25010
25013, 25012
25013, 25024
25014, 25011
25014, 25015
25014, 25025
25015, 25014
25015, 25016
25015, 25026
25016, 25015
25016, 25017
25016, 25027
25017, 25012
25017, 25016
25017, 25028
25018, 25007
25019, 25008
25020, 25008
25021, 25009
25022, 25009
25023, 25010
25024, 25013
25025, 25014
25026, 25015
25027, 25016
25028, 25017
25029, 25030
25029, 25034
25030, 25029
25030, 25031
25030, 25042
25031, 25030
25031, 25032
25032, 25031
25032, 25033
25032, 25047
25033, 25032
25033, 25034
25033, 25050
25034, 25029
25034, 25033
25034, 25041
25035, 25036
25035, 25040
25035, 25051
25036, 25035
25036, 25037
25036, 25047
25037, 25036
25037, 25038
25037, 25045
25038, 25037
25038, 25039
25038, 25048
25039, 25038
25039, 25040
25039, 25043
25040, 25035
25040, 25039
25040, 25052
25041, 25034
25041, 25053
25041, 25054
25042, 25030
25042, 25055
25042, 25056
25043, 25039
25043, 25044
25044, 25043
25044, 25057
25044, 25058
25044, 25059
25045, 25037
25045, 25046
25046, 25045
25046, 25060
25046, 25061
25046, 25062
25047, 25032
25047, 25036
25047, 25063
25047, 25064
25048, 25038
25048, 25049
25049, 25048
25049, 25065
25049, 25066
25049, 25067
25050, 25033
25051, 25035
25052, 25040
25053, 25041
25054, 25041
25055, 25042
25056, 25042
25057, 25044
25058, 25044
25059, 25044
25060, 25046
25061, 25046
25062, 25046
25063, 25047
25064, 25047
25065, 25049
25066, 25049
25067, 25049
